protocol_id	x	facs	github	NROWS	NCOLS	row_to_check	content	tricky	most_probable_line	lev
data/1870/prot-1870--ak--0307.xml	35	https://betalab.kb.se/prot-1870--ak--0307/prot_1870__ak__0307-035.jp2/_view	https://github.com/welfare-state-analytics/riksdagen-corpus/blob/main/corpus/protocols/1870/prot-1870--ak--0307.xml#L2608	51	1	9	högst obetydlig trafik för banan och böra ej ega något inflytande på ba-		högst obetydlig trafik för banan och böra ej ega något inflytande på ban	1
data/1870/prot-1870--ak--0307.xml	35	https://betalab.kb.se/prot-1870--ak--0307/prot_1870__ak__0307-035.jp2/_view	https://github.com/welfare-state-analytics/riksdagen-corpus/blob/main/corpus/protocols/1870/prot-1870--ak--0307.xml#L2608	51	1	14	nordvestra Westmanlands bergslag med närmaste Mälare-hamn samt Stock-		nordvestra westmanlands bergslag med närmaste mälare-hamn samt stockh	1
data/1870/prot-1870--ak--0307.xml	35	https://betalab.kb.se/prot-1870--ak--0307/prot_1870__ak__0307-035.jp2/_view	https://github.com/welfare-state-analytics/riksdagen-corpus/blob/main/corpus/protocols/1870/prot-1870--ak--0307.xml#L2608	51	1	49	stora bruksdistrikt få på denna väg en ständig, året om oafbruten ut-		stora bruksdistrikt få på denna väg en ständig, året om oafbruten utf	1
data/1870/prot-1870--ak--0430.xml	58	https://betalab.kb.se/prot-1870--ak--0430/prot_1870__ak__0430-058.jp2/_view	https://github.com/welfare-state-analytics/riksdagen-corpus/blob/main/corpus/protocols/1870/prot-1870--ak--0430.xml#L4407	48	1	16	hället, och om han ej skulle vara fullt så användbar i anfallskrig, så är		hället, och om han ej skulle vara fullt så användbar i anfallskrig, så är	0
data/1870/prot-1870--ak--0430.xml	58	https://betalab.kb.se/prot-1870--ak--0430/prot_1870__ak__0430-058.jp2/_view	https://github.com/welfare-state-analytics/riksdagen-corpus/blob/main/corpus/protocols/1870/prot-1870--ak--0430.xml#L4407	48	1	29	synes mer än tvifvelaktigt, huruvida det skall kunna vara eller blifva möj-		synes mer än tvifvelaktigt, huruvida det skall kunna vara eller blifva möjl	1
data/1870/prot-1870--ak--0430.xml	58	https://betalab.kb.se/prot-1870--ak--0430/prot_1870__ak__0430-058.jp2/_view	https://github.com/welfare-state-analytics/riksdagen-corpus/blob/main/corpus/protocols/1870/prot-1870--ak--0430.xml#L4407	48	1	38	hvad man begär hos Kongl. Maj:t ens är något möjligt; och då slutligen		hvad man begär hos kongl. maj:t ens är något möjligt; och då slutligen	0
data/1871/prot-1871--ak--0415.xml	11	https://betalab.kb.se/prot-1871--ak--0415/prot_1871__ak__0415-011.jp2/_view	https://github.com/welfare-state-analytics/riksdagen-corpus/blob/main/corpus/protocols/1871/prot-1871--ak--0415.xml#L859	47	1	35	ett enda ställe, eller är det meningen att grunderna för tillämpningen		ett enda ställe, eller är det meningen att grunderna för tillämpningen	0
data/1871/prot-1871--ak--0415.xml	11	https://betalab.kb.se/prot-1871--ak--0415/prot_1871__ak__0415-011.jp2/_view	https://github.com/welfare-state-analytics/riksdagen-corpus/blob/main/corpus/protocols/1871/prot-1871--ak--0415.xml#L859	47	1	39	detsamma till handlingarne.		detsamma till handlingarne.	0
data/1871/prot-1871--ak--0415.xml	11	https://betalab.kb.se/prot-1871--ak--0415/prot_1871__ak__0415-011.jp2/_view	https://github.com/welfare-state-analytics/riksdagen-corpus/blob/main/corpus/protocols/1871/prot-1871--ak--0415.xml#L859	47	1	44	Kammaren, med ogillande af Utskottets uppfattning, ville låta vid Utskottets		kammaren, med ogillande af utskottets uppfattning, ville låta vid utskottets	0
data/1871/prot-1871--ak--0425.xml	39	https://betalab.kb.se/prot-1871--ak--0425/prot_1871__ak__0425-039.jp2/_view	https://github.com/welfare-state-analytics/riksdagen-corpus/blob/main/corpus/protocols/1871/prot-1871--ak--0425.xml#L2865	50	1	2	Den siste talaren synes mig vara i sin uppfattning af denna fråga		den siste talaren synes mig vara i sin uppfattning af denna fråga	0
data/1871/prot-1871--ak--0425.xml	39	https://betalab.kb.se/prot-1871--ak--0425/prot_1871__ak__0425-039.jp2/_view	https://github.com/welfare-state-analytics/riksdagen-corpus/blob/main/corpus/protocols/1871/prot-1871--ak--0425.xml#L2865	50	1	26	en sådan likställighet är underkastad praktiska svårigheter, men jag för-		en sådan likställighet är underkastad praktiska svårigheter, men jag förm	1
data/1871/prot-1871--ak--0425.xml	39	https://betalab.kb.se/prot-1871--ak--0425/prot_1871__ak__0425-039.jp2/_view	https://github.com/welfare-state-analytics/riksdagen-corpus/blob/main/corpus/protocols/1871/prot-1871--ak--0425.xml#L2865	50	1	45	norska allmänna kriminal-lagen som vår strafflag i allmänhet stadgar an-		norska allmänna kriminal-lagen som vår strafflag i allmänhet stadgar ans	1
data/1871/prot-1871--ak--0513.xml	17	https://betalab.kb.se/prot-1871--ak--0513/prot_1871__ak__0513-017.jp2/_view	https://github.com/welfare-state-analytics/riksdagen-corpus/blob/main/corpus/protocols/1871/prot-1871--ak--0513.xml#L1356	47	1	12	Utskottets hemställan och skulle bifallit ett ännu större anslag för ifråga-		utskottets hemställan och skulle bifallit ett ännu större anslag för ifrågav	1
data/1871/prot-1871--ak--0513.xml	17	https://betalab.kb.se/prot-1871--ak--0513/prot_1871__ak__0513-017.jp2/_view	https://github.com/welfare-state-analytics/riksdagen-corpus/blob/main/corpus/protocols/1871/prot-1871--ak--0513.xml#L1356	47	1	29	lugna mig i afseende på frågan om skyddstält, ber jag få erinra att, så		lugna mig i afseende på frågan om skyddstält, ber jag få erinra att, så	0
data/1871/prot-1871--ak--0513.xml	17	https://betalab.kb.se/prot-1871--ak--0513/prot_1871__ak__0513-017.jp2/_view	https://github.com/welfare-state-analytics/riksdagen-corpus/blob/main/corpus/protocols/1871/prot-1871--ak--0513.xml#L1356	47	1	39	visar man icke nödvändigheten af ett anslag. Med anledning af den ärade		visar man icke nödvändigheten af ett anslag. med anledning af den ärade	0
data/1871/prot-1871-urtima-ak--0915.xml	2	https://betalab.kb.se/prot-1871-urtima-ak--0915/prot_1871_urtima_ak__0915-002.jp2/_view	https://github.com/welfare-state-analytics/riksdagen-corpus/blob/main/corpus/protocols/1871/prot-1871-urtima-ak--0915.xml#L199	40	1	6	§ 4.		§ 4.	0
data/1871/prot-1871-urtima-ak--0915.xml	2	https://betalab.kb.se/prot-1871-urtima-ak--0915/prot_1871_urtima_ak__0915-002.jp2/_view	https://github.com/welfare-state-analytics/riksdagen-corpus/blob/main/corpus/protocols/1871/prot-1871-urtima-ak--0915.xml#L199	40	1	23	Herr Carl Ifvarsson . . . . . . . . . . . . . . . . . . . med 176 röster	yes	rerrrrrrr ros sea j. e. johansson i forneby ........... e. key woo os os	48
data/1871/prot-1871-urtima-ak--0915.xml	2	https://betalab.kb.se/prot-1871-urtima-ak--0915/prot_1871_urtima_ak__0915-002.jp2/_view	https://github.com/welfare-state-analytics/riksdagen-corpus/blob/main/corpus/protocols/1871/prot-1871-urtima-ak--0915.xml#L199	40	1	39	C. T. Winkrans . . . . . . . . . . . . . . . . . .  “ 152 “	yes	 j. e. johansson i forneby ........... e. key woo os oso o	38
data/1872/prot-1872--ak--0422.xml	71	https://betalab.kb.se/prot-1872--ak--0422/prot_1872__ak__0422-071.jp2/_view	https://github.com/welfare-state-analytics/riksdagen-corpus/blob/main/corpus/protocols/1872/prot-1872--ak--0422.xml#L5262	39	1	13	Företogs till afgörande Stats-Utskottets memorial N:o 57, med förslag		företogs till afgörande stats-utskottets memorial n:o 57, med förslag	0
data/1872/prot-1872--ak--0422.xml	71	https://betalab.kb.se/prot-1872--ak--0422/prot_1872__ak__0422-071.jp2/_view	https://github.com/welfare-state-analytics/riksdagen-corpus/blob/main/corpus/protocols/1872/prot-1872--ak--0422.xml#L5262	39	1	17	Punkten 1 yttrade:		punkten 1 yttrade:	0
data/1872/prot-1872--ak--0422.xml	71	https://betalab.kb.se/prot-1872--ak--0422/prot_1872__ak__0422-071.jp2/_view	https://github.com/welfare-state-analytics/riksdagen-corpus/blob/main/corpus/protocols/1872/prot-1872--ak--0422.xml#L5262	39	1	24	lagligen kan komma i fråga. Jag inskränker mig alltså till att yrka af-		lagligen kan komma i fråga. jag inskränker mig alltså till att yrka afs	1
data/1873/prot-1873--ak--0422.xml	20	https://betalab.kb.se/prot-1873--ak--0422/prot_1873__ak__0422-020.jp2/_view	https://github.com/welfare-state-analytics/riksdagen-corpus/blob/main/corpus/protocols/1873/prot-1873--ak--0422.xml#L1527	50	1	19	Sorselevägen.		rne om sorselevägen.	7
data/1873/prot-1873--ak--0422.xml	20	https://betalab.kb.se/prot-1873--ak--0422/prot_1873__ak__0422-020.jp2/_view	https://github.com/welfare-state-analytics/riksdagen-corpus/blob/main/corpus/protocols/1873/prot-1873--ak--0422.xml#L1527	50	1	22	Det är af Konungens Befallningshafvande nämndt att vintervägarne å de		det är af konungens befallningshafvande nämndt att vintervägarne å de	0
data/1873/prot-1873--ak--0422.xml	20	https://betalab.kb.se/prot-1873--ak--0422/prot_1873__ak__0422-020.jp2/_view	https://github.com/welfare-state-analytics/riksdagen-corpus/blob/main/corpus/protocols/1873/prot-1873--ak--0422.xml#L1527	50	1	47	handels bedrifvande i dessa trakter mellan de olika rikena gör äfven re-		handels bedrifvande i dessa trakter mellan de olika rikena gör äfven red	1
data/1873/prot-1873--fk--0409.xml	6	https://betalab.kb.se/prot-1873--fk--0409/prot_1873__fk__0409-006.jp2/_view	https://github.com/welfare-state-analytics/riksdagen-corpus/blob/main/corpus/protocols/1873/prot-1873--fk--0409.xml#L435	50	1	14	hvilketdera de vilja studera.		hvilketdera de vilja studera.	0
data/1873/prot-1873--fk--0409.xml	6	https://betalab.kb.se/prot-1873--fk--0409/prot_1873__fk__0409-006.jp2/_view	https://github.com/welfare-state-analytics/riksdagen-corpus/blob/main/corpus/protocols/1873/prot-1873--fk--0409.xml#L435	50	1	16	offring som den ifrågavarande, synes det mig, att man ej bör tveka		offring som den ifrågavarande, synes det mig, att man ej bör tveka	0
data/1873/prot-1873--fk--0409.xml	6	https://betalab.kb.se/prot-1873--fk--0409/prot_1873__fk__0409-006.jp2/_view	https://github.com/welfare-state-analytics/riksdagen-corpus/blob/main/corpus/protocols/1873/prot-1873--fk--0409.xml#L435	50	1	28	Herr Statsrådet Wennerberg: Då jag varit förhindrad att		herr statsrådet wennerberg:	28
data/1873/prot-1873--fk--0419.xml	19	https://betalab.kb.se/prot-1873--fk--0419/prot_1873__fk__0419-019.jp2/_view	https://github.com/welfare-state-analytics/riksdagen-corpus/blob/main/corpus/protocols/1873/prot-1873--fk--0419.xml#L1374	51	1	17	uttryckande det lämpliga värdeförhållandet emellan de begge me-		uttryckande det lämpliga värdeförhållandet emellan de begge met	1
data/1873/prot-1873--fk--0419.xml	19	https://betalab.kb.se/prot-1873--fk--0419/prot_1873__fk__0419-019.jp2/_view	https://github.com/welfare-state-analytics/riksdagen-corpus/blob/main/corpus/protocols/1873/prot-1873--fk--0419.xml#L1374	51	1	19	Hvad Holland beträffar, torde jag få omnämna att, enligt en artikel		hvad holland beträffar, torde jag få omnämna att, enligt en artikel	0
data/1873/prot-1873--fk--0419.xml	19	https://betalab.kb.se/prot-1873--fk--0419/prot_1873__fk__0419-019.jp2/_view	https://github.com/welfare-state-analytics/riksdagen-corpus/blob/main/corpus/protocols/1873/prot-1873--fk--0419.xml#L1374	51	1	38	ty förhållandet är, att det skiljemynt, som präglas i det ena förbunds-		ty förhållandet är, att det skiljemynt, som präglas i det ena förbundsl	1
data/1875/prot-1875--ak--026.xml	12	https://betalab.kb.se/prot-1875--ak--26/prot_1875__ak__26-012.jp2/_view	https://github.com/welfare-state-analytics/riksdagen-corpus/blob/main/corpus/protocols/1875/prot-1875--ak--26.xml#L891	49	1	3	motsvarande den pension, han i framtiden eger åtnjuta. Ehuru		motsvarande den pension, han i framtiden eger åtnjuta. hehur	2
data/1875/prot-1875--ak--026.xml	12	https://betalab.kb.se/prot-1875--ak--26/prot_1875__ak__26-012.jp2/_view	https://github.com/welfare-state-analytics/riksdagen-corpus/blob/main/corpus/protocols/1875/prot-1875--ak--26.xml#L891	49	1	16	vara nödvändigt, att Riksdagen antingen nedsätter eller kanske		vara nödvändigt, att riksdagen antingen nedsätter eller kanske	0
data/1875/prot-1875--ak--026.xml	12	https://betalab.kb.se/prot-1875--ak--26/prot_1875__ak__26-012.jp2/_view	https://github.com/welfare-state-analytics/riksdagen-corpus/blob/main/corpus/protocols/1875/prot-1875--ak--26.xml#L891	49	1	18	går på detta sätt, tror jag att en hel del tjenstemän kommer att		går på detta sätt, tror jag att en hel del tjenstemän kommer att	0
data/1875/prot-1875--ak--008.xml	37	https://betalab.kb.se/prot-1875--ak--8/prot_1875__ak__8-037.jp2/_view	https://github.com/welfare-state-analytics/riksdagen-corpus/blob/main/corpus/protocols/1875/prot-1875--ak--8.xml#L3179	47	1	18	flickor som för närvarande arbeta der, och hvilkas helsa dessutom		flickor som för närvarande arbeta der, och hvilkas helsa dessutom	0
data/1875/prot-1875--ak--008.xml	37	https://betalab.kb.se/prot-1875--ak--8/prot_1875__ak__8-037.jp2/_view	https://github.com/welfare-state-analytics/riksdagen-corpus/blob/main/corpus/protocols/1875/prot-1875--ak--8.xml#L3179	47	1	37	till ändamålet. Vidare anhåller jag att få upplysa på hvad sätt un-		till ändamålet. vidare anhäller jag att få upplysa. .på hvad sätt u	5
data/1875/prot-1875--ak--008.xml	37	https://betalab.kb.se/prot-1875--ak--8/prot_1875__ak__8-037.jp2/_view	https://github.com/welfare-state-analytics/riksdagen-corpus/blob/main/corpus/protocols/1875/prot-1875--ak--8.xml#L3179	47	1	45	arbete, men som icke har råd att lifnära sig under den tid, den nö-		arbete, men som icke har råd att lifnära sig under den tid, den nöd	1
data/1875/prot-1875--fk--026.xml	40	https://betalab.kb.se/prot-1875--fk--26/prot_1875__fk__26-040.jp2/_view	https://github.com/welfare-state-analytics/riksdagen-corpus/blob/main/corpus/protocols/1875/prot-1875--fk--26.xml#L3520	49	1	8	erinra derom, att vid förra riksdagen väcktes en till ordalagen lik-		erinra derom, att vid förra riksdagen väcktes en till ordalagen lik-	0
data/1875/prot-1875--fk--026.xml	40	https://betalab.kb.se/prot-1875--fk--26/prot_1875__fk__26-040.jp2/_view	https://github.com/welfare-state-analytics/riksdagen-corpus/blob/main/corpus/protocols/1875/prot-1875--fk--26.xml#L3520	49	1	9	nande motion med den nu förevarande, och att vid den utredning, som		nande motion med den nu förevarande, och att vid den utredning, som	0
data/1875/prot-1875--fk--026.xml	40	https://betalab.kb.se/prot-1875--fk--26/prot_1875__fk__26-040.jp2/_view	https://github.com/welfare-state-analytics/riksdagen-corpus/blob/main/corpus/protocols/1875/prot-1875--fk--26.xml#L3520	49	1	33	verkets utgifter, som man afslog den väckta motionen. Då något		verkets utgifter, som man afslog den väckta motionen. då något	0
data/1875/prot-1875--fk--044.xml	12	https://betalab.kb.se/prot-1875--fk--44/prot_1875__fk__44-012.jp2/_view	https://github.com/welfare-state-analytics/riksdagen-corpus/blob/main/corpus/protocols/1875/prot-1875--fk--44.xml#L881	50	1	27	Hybo öfver Välje till Ånge, derifrån i nordvestlig riktning öfver Gällö-		hybo öfver välje till ånge, derifrån i nordvestlig riktning öfver gällös	1
data/1875/prot-1875--fk--044.xml	12	https://betalab.kb.se/prot-1875--fk--44/prot_1875__fk__44-012.jp2/_view	https://github.com/welfare-state-analytics/riksdagen-corpus/blob/main/corpus/protocols/1875/prot-1875--fk--44.xml#L881	50	1	40	fördelaktigare öfvergång öfver Ljungans dalgång, och denna linie kunde		fördelaktigare öfvergång öfver ljungans dalgång, och denna linie kunde	0
data/1875/prot-1875--fk--044.xml	12	https://betalab.kb.se/prot-1875--fk--44/prot_1875__fk__44-012.jp2/_view	https://github.com/welfare-state-analytics/riksdagen-corpus/blob/main/corpus/protocols/1875/prot-1875--fk--44.xml#L881	50	1	47	jemte den svåra öfvergången öfver Ljungan undvikes. Om också		jemte den svåra öfvergången öfver ljungan undvikes. om också	0
data/1876/prot-1876--ak--022.xml	36	https://betalab.kb.se/prot-1876--ak--22/prot_1876__ak__22-036.jp2/_view	https://github.com/welfare-state-analytics/riksdagen-corpus/blob/main/corpus/protocols/1876/prot-1876--ak--22.xml#L3168	50	1	1	Onsdagen den 15 Mars, f. m. 37		onsdagen den 15 mars, f. m, 31	2
data/1876/prot-1876--ak--022.xml	36	https://betalab.kb.se/prot-1876--ak--22/prot_1876__ak__22-036.jp2/_view	https://github.com/welfare-state-analytics/riksdagen-corpus/blob/main/corpus/protocols/1876/prot-1876--ak--22.xml#L3168	50	1	19	dron består af 100 nummer, af hvilka dock några alltid äro vakanta,		dron består af 100 nummer, af hvilka dock några alltid äro vakanta,	0
data/1876/prot-1876--ak--022.xml	36	https://betalab.kb.se/prot-1876--ak--22/prot_1876__ak__22-036.jp2/_view	https://github.com/welfare-state-analytics/riksdagen-corpus/blob/main/corpus/protocols/1876/prot-1876--ak--22.xml#L3168	50	1	43	likväl, att då man icke fick bataljonshästläkare, som äro lika qvalifice-		likväl, att då man icke fick bataljonshästläkare, som äro lika qvalificer	1
data/1876/prot-1876--ak--028.xml	20	https://betalab.kb.se/prot-1876--ak--28/prot_1876__ak__28-020.jp2/_view	https://github.com/welfare-state-analytics/riksdagen-corpus/blob/main/corpus/protocols/1876/prot-1876--ak--28.xml#L1672	49	1	5	till enskild person, än till en kommun, kan jag ej fatta.		till enskild person, än till en kommun, kan jag ej fatta.	0
data/1876/prot-1876--ak--028.xml	20	https://betalab.kb.se/prot-1876--ak--28/prot_1876__ak__28-020.jp2/_view	https://github.com/welfare-state-analytics/riksdagen-corpus/blob/main/corpus/protocols/1876/prot-1876--ak--28.xml#L1672	49	1	30	arrendatorn och regementsombudet hade förklarat, att de icke ville		arrendatorn och regementsombudet hade förklarat, att de icke ville	0
data/1876/prot-1876--ak--028.xml	20	https://betalab.kb.se/prot-1876--ak--28/prot_1876__ak__28-020.jp2/_view	https://github.com/welfare-state-analytics/riksdagen-corpus/blob/main/corpus/protocols/1876/prot-1876--ak--28.xml#L1672	49	1	45	kronolägenheten, erhållit arrendet på tjugu år, räknade från midfa-		kronolägenheten, erhållit arrendet på tjugu år, räknade från midfas	1
data/1876/prot-1876--ak--037.xml	13	https://betalab.kb.se/prot-1876--ak--37/prot_1876__ak__37-013.jp2/_view	https://github.com/welfare-state-analytics/riksdagen-corpus/blob/main/corpus/protocols/1876/prot-1876--ak--37.xml#L1058	49	1	33	detta arbete kunna fullbordas, så att det efter 100 år är dugligt? Jag		detta arbete kunna fullbordas, så att det efter 100 år är dugligt? jag	0
data/1876/prot-1876--ak--037.xml	13	https://betalab.kb.se/prot-1876--ak--37/prot_1876__ak__37-013.jp2/_view	https://github.com/welfare-state-analytics/riksdagen-corpus/blob/main/corpus/protocols/1876/prot-1876--ak--37.xml#L1058	49	1	35	Utskottet här lemnat skall vara tillräcklig för att visa, att dessa ar-		utskottet här lemnat skall vara tillräcklig för att visa, att dessa arb	1
data/1876/prot-1876--ak--037.xml	13	https://betalab.kb.se/prot-1876--ak--37/prot_1876__ak__37-013.jp2/_view	https://github.com/welfare-state-analytics/riksdagen-corpus/blob/main/corpus/protocols/1876/prot-1876--ak--37.xml#L1058	49	1	38	den tid, inom hvilken vissa af dessa arbeten skola kunna afslutas, synes		 den tid,inom hvilken vissa af dessa arbeten skola kunna afslutas, synes	2
data/1876/prot-1876--ak--008.xml	1	https://betalab.kb.se/prot-1876--ak--8/prot_1876__ak__8-001.jp2/_view	https://github.com/welfare-state-analytics/riksdagen-corpus/blob/main/corpus/protocols/1876/prot-1876--ak--8.xml#L124	51	1	15	måtte besluta sådan förhöjning af den i Kongl. kungörelsen af den 12		måtte besluta sådan förhöjning af den i kongl. kungörelsen af den 12	0
data/1876/prot-1876--ak--008.xml	1	https://betalab.kb.se/prot-1876--ak--8/prot_1876__ak__8-001.jp2/_view	https://github.com/welfare-state-analytics/riksdagen-corpus/blob/main/corpus/protocols/1876/prot-1876--ak--8.xml#L124	51	1	24	motionären nu yrkat ett bestämdt beslut från Riksdagens sida, så		motionären nu yrkat ett bestämdt beslut från riksdagens sida, så	0
data/1876/prot-1876--ak--008.xml	1	https://betalab.kb.se/prot-1876--ak--8/prot_1876__ak__8-001.jp2/_view	https://github.com/welfare-state-analytics/riksdagen-corpus/blob/main/corpus/protocols/1876/prot-1876--ak--8.xml#L124	51	1	44	har visserligen från motsatta sidan hört det påstående — hvilket tro-		har visserligen från motsatta sidan hört det påstående - hvilket trol	1
data/1876/prot-1876--fk--016.xml	29	https://betalab.kb.se/prot-1876--fk--16/prot_1876__fk__16-029.jp2/_view	https://github.com/welfare-state-analytics/riksdagen-corpus/blob/main/corpus/protocols/1876/prot-1876--fk--16.xml#L2340	50	1	20	dagen önskar framläggandet af en sådan, för att hafva vissa grund-		dagen önskar framläggandet af en sådan, för att hafva vissa grundd	1
data/1876/prot-1876--fk--016.xml	29	https://betalab.kb.se/prot-1876--fk--16/prot_1876__fk__16-029.jp2/_view	https://github.com/welfare-state-analytics/riksdagen-corpus/blob/main/corpus/protocols/1876/prot-1876--fk--16.xml#L2340	50	1	30	ikläda mig något ansvar; ty examina synas hafva blifvit så särskildt		ikläda mig något ansvar; ty examina synas hafva blifvit så särskildt	0
data/1876/prot-1876--fk--016.xml	29	https://betalab.kb.se/prot-1876--fk--16/prot_1876__fk__16-029.jp2/_view	https://github.com/welfare-state-analytics/riksdagen-corpus/blob/main/corpus/protocols/1876/prot-1876--fk--16.xml#L2340	50	1	41	statsrådsprotokollet om önskligheten att kunna vid universiteten fästa		statsrådsprotokollet om önskligheten att kunna vid universiteten fästa	0
data/1876/prot-1876--fk--035.xml	59	https://betalab.kb.se/prot-1876--fk--35/prot_1876__fk__35-059.jp2/_view	https://github.com/welfare-state-analytics/riksdagen-corpus/blob/main/corpus/protocols/1876/prot-1876--fk--35.xml#L4432	49	1	32	detsamma, det må blifva Kammarens beslut, hvartill jag yrkar bifall.		detsamma, det må blifva kammarens beslut, hvartill jag yrkar bifall.	0
data/1876/prot-1876--fk--035.xml	59	https://betalab.kb.se/prot-1876--fk--35/prot_1876__fk__35-059.jp2/_view	https://github.com/welfare-state-analytics/riksdagen-corpus/blob/main/corpus/protocols/1876/prot-1876--fk--35.xml#L4432	49	1	36	som i reservationer, nu skulle yttra sig i frågan. Emellertid må det		som i reservationer, nu skulle yttra sig i frågan. emellertid må det	0
data/1876/prot-1876--fk--035.xml	59	https://betalab.kb.se/prot-1876--fk--35/prot_1876__fk__35-059.jp2/_view	https://github.com/welfare-state-analytics/riksdagen-corpus/blob/main/corpus/protocols/1876/prot-1876--fk--35.xml#L4432	49	1	43	den kommunala rösträtten, en rubbning, som visserligen på sätt och		den kommunala rösträtten, en rubbning, som visserligen på sätt och	0
data/1877/prot-1877--ak--024.xml	24	https://betalab.kb.se/prot-1877--ak--24/prot_1877__ak__24-024.jp2/_view	https://github.com/welfare-state-analytics/riksdagen-corpus/blob/main/corpus/protocols/1877/prot-1877--ak--24.xml#L2149	49	1	7	beräknad efter gällande mätbref, samt betalas hvarje gång både vid		beräknad efter gällande mätbref, samt betalas hvarje gång både vid	0
data/1877/prot-1877--ak--024.xml	24	https://betalab.kb.se/prot-1877--ak--24/prot_1877__ak__24-024.jp2/_view	https://github.com/welfare-state-analytics/riksdagen-corpus/blob/main/corpus/protocols/1877/prot-1877--ak--24.xml#L2149	49	1	25	derföre att jag ogillat det slut, hvartill Utskottet kommit, utan endast		derföre att jag ogillat det slut, hvartill utskottet kommit, utan endast	0
data/1877/prot-1877--ak--024.xml	24	https://betalab.kb.se/prot-1877--ak--24/prot_1877__ak__24-024.jp2/_view	https://github.com/welfare-state-analytics/riksdagen-corpus/blob/main/corpus/protocols/1877/prot-1877--ak--24.xml#L2149	49	1	34	med sin grundlagsenliga rätt den 26 sistlidne Januari beslutat höja		med sin grundlagsenliga rätt den 26 sistlidne januari beslutat höja	0
data/1877/prot-1877--ak--027.xml	5	https://betalab.kb.se/prot-1877--ak--27/prot_1877__ak__27-005.jp2/_view	https://github.com/welfare-state-analytics/riksdagen-corpus/blob/main/corpus/protocols/1877/prot-1877--ak--27.xml#L425	44	1	8	proposition på bifall till Utskottets förslag samt derefter, enligt det		proposition på bifall till utskottets förslag samt derefter, enligt det	0
data/1877/prot-1877--ak--027.xml	5	https://betalab.kb.se/prot-1877--ak--27/prot_1877__ak__27-005.jp2/_view	https://github.com/welfare-state-analytics/riksdagen-corpus/blob/main/corpus/protocols/1877/prot-1877--ak--27.xml#L425	44	1	12	§ 5.		§ 5.	0
data/1877/prot-1877--ak--027.xml	5	https://betalab.kb.se/prot-1877--ak--27/prot_1877__ak__27-005.jp2/_view	https://github.com/welfare-state-analytics/riksdagen-corpus/blob/main/corpus/protocols/1877/prot-1877--ak--27.xml#L425	44	1	14	nämnda utlåtanden:		n nämnda utlåtanden:	2
data/1877/prot-1877--ak--041.xml	19	https://betalab.kb.se/prot-1877--ak--41/prot_1877__ak__41-019.jp2/_view	https://github.com/welfare-state-analytics/riksdagen-corpus/blob/main/corpus/protocols/1877/prot-1877--ak--41.xml#L1672	49	1	27	ett annat undantag. Desse, hvilkas talan jag tillåtit mig här föra,		ett annat undantag. desse, hvilkas talan jag tillåtit mig här föra,	0
data/1877/prot-1877--ak--041.xml	19	https://betalab.kb.se/prot-1877--ak--41/prot_1877__ak__41-019.jp2/_view	https://github.com/welfare-state-analytics/riksdagen-corpus/blob/main/corpus/protocols/1877/prot-1877--ak--41.xml#L1672	49	1	46	Jag hemställer om bifall till Utskottets förslag.		jag hemställer om bifall till utskottets förslag.	0
data/1877/prot-1877--ak--041.xml	19	https://betalab.kb.se/prot-1877--ak--41/prot_1877__ak__41-019.jp2/_view	https://github.com/welfare-state-analytics/riksdagen-corpus/blob/main/corpus/protocols/1877/prot-1877--ak--41.xml#L1672	49	1	49	af de gamla striderna; de som må hända ännu återstå oss att genom-		af de gamla striderna; de som må hända ännu återstå oss att genom-	0
data/1877/prot-1877--fk--014.xml	8	https://betalab.kb.se/prot-1877--fk--14/prot_1877__fk__14-008.jp2/_view	https://github.com/welfare-state-analytics/riksdagen-corpus/blob/main/corpus/protocols/1877/prot-1877--fk--14.xml#L650	51	1	23	det närmare stranden naturliga djup, erhåller rännan under sig		der närmare stranden naturliga djup, erhåller rännan under sig	1
data/1877/prot-1877--fk--014.xml	8	https://betalab.kb.se/prot-1877--fk--14/prot_1877__fk__14-008.jp2/_view	https://github.com/welfare-state-analytics/riksdagen-corpus/blob/main/corpus/protocols/1877/prot-1877--fk--14.xml#L650	51	1	32	ur vägen med långt större hastighet än om man varit nödsakad		ur vägen med långt större hastighet än om man varit nödsakad	0
data/1877/prot-1877--fk--014.xml	8	https://betalab.kb.se/prot-1877--fk--14/prot_1877__fk__14-008.jp2/_view	https://github.com/welfare-state-analytics/riksdagen-corpus/blob/main/corpus/protocols/1877/prot-1877--fk--14.xml#L650	51	1	38	nen för försvarsanläggningarne omkring Waxholm, — hvilken plan, då		anen för försvarsanläggningarne omkring waxholm,- hvilken plan, då	2
data/1877/prot-1877--fk--036.xml	28	https://betalab.kb.se/prot-1877--fk--36/prot_1877__fk__36-028.jp2/_view	https://github.com/welfare-state-analytics/riksdagen-corpus/blob/main/corpus/protocols/1877/prot-1877--fk--36.xml#L2217	50	1	14	återremitteradt.		tet återremitteradt.	4
data/1877/prot-1877--fk--036.xml	28	https://betalab.kb.se/prot-1877--fk--36/prot_1877__fk__36-028.jp2/_view	https://github.com/welfare-state-analytics/riksdagen-corpus/blob/main/corpus/protocols/1877/prot-1877--fk--36.xml#L2217	50	1	18	jag skall försöka att afhjelpa denna brist, så godt jag förmår.		jag skall försöka att afhjelpa denna brist, så godt jag förmår.	0
data/1877/prot-1877--fk--036.xml	28	https://betalab.kb.se/prot-1877--fk--36/prot_1877__fk__36-028.jp2/_view	https://github.com/welfare-state-analytics/riksdagen-corpus/blob/main/corpus/protocols/1877/prot-1877--fk--36.xml#L2217	50	1	24	det är jordegaren som skall erlägga skatten. I 47 § af lands-		det är jordegaren som skall erlägga skatten. i 47 $ af landst	2
data/1878/prot-1878--ak--038.xml	42	https://betalab.kb.se/prot-1878--ak--38/prot_1878__ak__38-042.jp2/_view	https://github.com/welfare-state-analytics/riksdagen-corpus/blob/main/corpus/protocols/1878/prot-1878--ak--38.xml#L3601	50	1	12	öfver anföra klagomål, men först sedan man slutat sin resa och på		öfver anföra klagomål, men först sedan man slutat sin resa och på	0
data/1878/prot-1878--ak--038.xml	42	https://betalab.kb.se/prot-1878--ak--38/prot_1878__ak__38-042.jp2/_view	https://github.com/welfare-state-analytics/riksdagen-corpus/blob/main/corpus/protocols/1878/prot-1878--ak--38.xml#L3601	50	1	23	handlar en sak, då man ensidigt fäster afseende endast på en enda		handlar en sak, då man ensidigt fäster afseende endast på en enda	0
data/1878/prot-1878--ak--038.xml	42	https://betalab.kb.se/prot-1878--ak--38/prot_1878__ak__38-042.jp2/_view	https://github.com/welfare-state-analytics/riksdagen-corpus/blob/main/corpus/protocols/1878/prot-1878--ak--38.xml#L3601	50	1	38	snart ett realonus förvandlas eller öfvergår till en allmän beskattning,		snart ett realonus förvandlas eller öfvergår till en allmän beskattning,	0
data/1878/prot-1878--ak--041.xml	13	https://betalab.kb.se/prot-1878--ak--41/prot_1878__ak__41-013.jp2/_view	https://github.com/welfare-state-analytics/riksdagen-corpus/blob/main/corpus/protocols/1878/prot-1878--ak--41.xml#L1112	49	1	14	stora uppoffringar förvärfvade egendomar förstördes, utan att I kunden		stora uppoffringar förvärfvade egendomar förstördes, utan att i kunden	0
data/1878/prot-1878--ak--041.xml	13	https://betalab.kb.se/prot-1878--ak--41/prot_1878__ak__41-013.jp2/_view	https://github.com/welfare-state-analytics/riksdagen-corpus/blob/main/corpus/protocols/1878/prot-1878--ak--41.xml#L1112	49	1	23	vid fjelltrakterna, emedan renen, utan hvilken de icke skulle kunna		vid fjelltrakterna, emedan renen, utan hvilken de icke skulle !kunn	2
data/1878/prot-1878--ak--041.xml	13	https://betalab.kb.se/prot-1878--ak--41/prot_1878__ak__41-013.jp2/_view	https://github.com/welfare-state-analytics/riksdagen-corpus/blob/main/corpus/protocols/1878/prot-1878--ak--41.xml#L1112	49	1	49	honom om att jag endast uppläste en officiel handling, och om i den-		honom om att jag endast uppläste en officiel handling, och om i den-	0
data/1879/prot-1879--ak--024.xml	36	https://betalab.kb.se/prot-1879--ak--24/prot_1879__ak__24-036.jp2/_view	https://github.com/welfare-state-analytics/riksdagen-corpus/blob/main/corpus/protocols/1879/prot-1879--ak--24.xml#L2969	38	1	15	undantag för efterlefvande makes giftorätt. Alltså skulle, enligt Ut-		undantag för efterlefvande makes giftorätt. alltså skulle, enligt uts	1
data/1879/prot-1879--ak--024.xml	36	https://betalab.kb.se/prot-1879--ak--24/prot_1879__ak__24-036.jp2/_view	https://github.com/welfare-state-analytics/riksdagen-corpus/blob/main/corpus/protocols/1879/prot-1879--ak--24.xml#L2969	38	1	19	i det fall att behållningen understege detta belopp. Detta har uppen-		i det fall att behållningen understege detta belopp. detta har uppenb	1
data/1879/prot-1879--ak--024.xml	36	https://betalab.kb.se/prot-1879--ak--24/prot_1879__ak__24-036.jp2/_view	https://github.com/welfare-state-analytics/riksdagen-corpus/blob/main/corpus/protocols/1879/prot-1879--ak--24.xml#L2969	38	1	22	öfverflödig, och föreslår jag alltså att ifrågavarande moment måtte er-		öfverflödig, och föreslår jag alltså att ifrågavarande moment måtte erh	1
data/1879/prot-1879--ak--035.xml	48	https://betalab.kb.se/prot-1879--ak--35/prot_1879__ak__35-048.jp2/_view	https://github.com/welfare-state-analytics/riksdagen-corpus/blob/main/corpus/protocols/1879/prot-1879--ak--35.xml#L3970	45	1	1	Lördagen den 5 April. 49		lördagen den 5 april. 49	0
data/1879/prot-1879--ak--035.xml	48	https://betalab.kb.se/prot-1879--ak--35/prot_1879__ak__35-048.jp2/_view	https://github.com/welfare-state-analytics/riksdagen-corpus/blob/main/corpus/protocols/1879/prot-1879--ak--35.xml#L3970	45	1	10	Det är derjemte blott i vissa fall, som sådana handlingar måste ut-		det är derjemte blott i vissa fall, som sådana handlingar måste utf	1
data/1879/prot-1879--ak--035.xml	48	https://betalab.kb.se/prot-1879--ak--35/prot_1879__ak__35-048.jp2/_view	https://github.com/welfare-state-analytics/riksdagen-corpus/blob/main/corpus/protocols/1879/prot-1879--ak--35.xml#L3970	45	1	43	att ställa någon lifränteanstalt under allmän kontroll och garanti,		att ställa någon lifränteanstalt under allmän kontroll och garanti,	0
data/1879/prot-1879--ak--046.xml	32	https://betalab.kb.se/prot-1879--ak--46/prot_1879__ak__46-032.jp2/_view	https://github.com/welfare-state-analytics/riksdagen-corpus/blob/main/corpus/protocols/1879/prot-1879--ak--46.xml#L2466	51	1	24	större längd. Men jag antager, att äfven för dem gäller detsamma		större längd. men jag antager, att äfven för dem gäller detsamma	0
data/1879/prot-1879--ak--046.xml	32	https://betalab.kb.se/prot-1879--ak--46/prot_1879__ak__46-032.jp2/_view	https://github.com/welfare-state-analytics/riksdagen-corpus/blob/main/corpus/protocols/1879/prot-1879--ak--46.xml#L2466	51	1	32	föreslagna lagens ändamål skulle vara att sätta de nuvarande jern-		föreslagna lagens ändamål skulle vara att sätta de nuvarande jernv	1
data/1879/prot-1879--ak--046.xml	32	https://betalab.kb.se/prot-1879--ak--46/prot_1879__ak__46-032.jp2/_view	https://github.com/welfare-state-analytics/riksdagen-corpus/blob/main/corpus/protocols/1879/prot-1879--ak--46.xml#L2466	51	1	47	vara styresmän för dessa jernvägar, skulle missbruka detta för-		vara styresmän för dessa jernvägar, skulle missbruka detta fört	1
data/1880/prot-1880--ak--019.xml	0	https://betalab.kb.se/prot-1880--ak--19/prot_1880__ak__19-000.jp2/_view	https://github.com/welfare-state-analytics/riksdagen-corpus/blob/main/corpus/protocols/1880/prot-1880--ak--19.xml#L61	27	1	15	Föredrogos och bordlades för andra gången:		föredrogos och bordlades för andra gången:	0
data/1880/prot-1880--ak--019.xml	0	https://betalab.kb.se/prot-1880--ak--19/prot_1880__ak__19-000.jp2/_view	https://github.com/welfare-state-analytics/riksdagen-corpus/blob/main/corpus/protocols/1880/prot-1880--ak--19.xml#L61	27	1	22	ledning af Kongl. Maj:ts nådiga proposition med förslag till förordning		ledning af kongl. maj:ts nådiga proposition med förslag till förordning	0
data/1880/prot-1880--ak--019.xml	0	https://betalab.kb.se/prot-1880--ak--19/prot_1880__ak__19-000.jp2/_view	https://github.com/welfare-state-analytics/riksdagen-corpus/blob/main/corpus/protocols/1880/prot-1880--ak--19.xml#L61	27	1	25	Herr Thomasson, som begärt ordet för att framställa förslag rö-		herr thomasson, som begärt ordet för att framställa förslag rör	1
data/1880/prot-1880--ak--046.xml	7	https://betalab.kb.se/prot-1880--ak--46/prot_1880__ak__46-007.jp2/_view	https://github.com/welfare-state-analytics/riksdagen-corpus/blob/main/corpus/protocols/1880/prot-1880--ak--46.xml#L583	49	1	19	något tidigare än genom afskedstagande kunde komma i åtnjutande.		något tidigare än genom afskedstagande kunde komma i åtnjutande.	0
data/1880/prot-1880--ak--046.xml	7	https://betalab.kb.se/prot-1880--ak--46/prot_1880__ak__46-007.jp2/_view	https://github.com/welfare-state-analytics/riksdagen-corpus/blob/main/corpus/protocols/1880/prot-1880--ak--46.xml#L583	49	1	32	andra, ja mången gång icke ens från den ena månaden till den andra,		andra, ja mången gång icke ens från den ena månaden till den andra,	0
data/1880/prot-1880--ak--046.xml	7	https://betalab.kb.se/prot-1880--ak--46/prot_1880__ak__46-007.jp2/_view	https://github.com/welfare-state-analytics/riksdagen-corpus/blob/main/corpus/protocols/1880/prot-1880--ak--46.xml#L583	49	1	46	utredning kan hinna blifva färdig. Jag tror ej detta vore rättvist,		utredning kan hinna blifva färdig. jag tror ej detta vore rättvist,	0
data/1881/prot-1881--ak--020.xml	7	https://betalab.kb.se/prot-1881--ak--20/prot_1881__ak__20-007.jp2/_view	https://github.com/welfare-state-analytics/riksdagen-corpus/blob/main/corpus/protocols/1881/prot-1881--ak--20.xml#L563	49	1	5	tets Herrar ledamöter. Ty huru skulle väl något annat kunna vara		tets herrar ledamöter. ty huru skulle väl något annat kunna vara	0
data/1881/prot-1881--ak--020.xml	7	https://betalab.kb.se/prot-1881--ak--20/prot_1881__ak__20-007.jp2/_view	https://github.com/welfare-state-analytics/riksdagen-corpus/blob/main/corpus/protocols/1881/prot-1881--ak--20.xml#L563	49	1	14	Friherre Fock: För min del tillhör jag dem, som med stor tve-		för min del tillhör jag dem, som med stor tvekan vilja förord	31
data/1881/prot-1881--ak--020.xml	7	https://betalab.kb.se/prot-1881--ak--20/prot_1881__ak__20-007.jp2/_view	https://github.com/welfare-state-analytics/riksdagen-corpus/blob/main/corpus/protocols/1881/prot-1881--ak--20.xml#L563	49	1	39	ämne icke blott för tillverkning af sprit, utan äfven för tillverkning		ämne icke blott för tillverkning af sprit, utan äfven för tillverkning	0
data/1881/prot-1881--ak--031.xml	27	https://betalab.kb.se/prot-1881--ak--31/prot_1881__ak__31-027.jp2/_view	https://github.com/welfare-state-analytics/riksdagen-corpus/blob/main/corpus/protocols/1881/prot-1881--ak--31.xml#L2297	49	1	12	framställning om beredande af plats å holmen för ett nytt bankhus		framställning om beredande af plats å holmen för ett nytt bankhus	0
data/1881/prot-1881--ak--031.xml	27	https://betalab.kb.se/prot-1881--ak--31/prot_1881__ak__31-027.jp2/_view	https://github.com/welfare-state-analytics/riksdagen-corpus/blob/main/corpus/protocols/1881/prot-1881--ak--31.xml#L2297	49	1	15	vande och ett initiativ i frågan förefinnes naturligtvis en väsentlig		vande och ett initiativ i frågan förefinnes naturligtvis en väsentlig	0
data/1881/prot-1881--ak--031.xml	27	https://betalab.kb.se/prot-1881--ak--31/prot_1881__ak__31-027.jp2/_view	https://github.com/welfare-state-analytics/riksdagen-corpus/blob/main/corpus/protocols/1881/prot-1881--ak--31.xml#L2297	49	1	39	sådan anordning till en ganska oviss framtid; likasom jag tror att de,		sådan anordning till en ganska oviss framtid; likasom jag tror att de,	0
data/1881/prot-1881--ak--042.xml	12	https://betalab.kb.se/prot-1881--ak--42/prot_1881__ak__42-012.jp2/_view	https://github.com/welfare-state-analytics/riksdagen-corpus/blob/main/corpus/protocols/1881/prot-1881--ak--42.xml#L1035	48	1	16	syftemål, nemligen förekommande af söndring i kyrkligt hänseende,		syftemål, nemligen förekommande af söndring i kyrkligt hänseende,	0
data/1881/prot-1881--ak--042.xml	12	https://betalab.kb.se/prot-1881--ak--42/prot_1881__ak__42-012.jp2/_view	https://github.com/welfare-state-analytics/riksdagen-corpus/blob/main/corpus/protocols/1881/prot-1881--ak--42.xml#L1035	48	1	41	ning. Jag skall nu som alltid fatta mig kort. Dessa skäl äro af dels		ning. jag skall nu som alltid fatta mig kort. dessa skäl äro af dels	0
data/1881/prot-1881--ak--042.xml	12	https://betalab.kb.se/prot-1881--ak--42/prot_1881__ak__42-012.jp2/_view	https://github.com/welfare-state-analytics/riksdagen-corpus/blob/main/corpus/protocols/1881/prot-1881--ak--42.xml#L1035	48	1	45	min tanke Lag-Utskottet redan deri haft tillräcklig anledning att äf-		min tanke lag-utskottet redan deri haft tillräcklig anledning att äfv	1
data/1882/prot-1882--ak--019.xml	14	https://betalab.kb.se/prot-1882--ak--19/prot_1882__ak__19-014.jp2/_view	https://github.com/welfare-state-analytics/riksdagen-corpus/blob/main/corpus/protocols/1882/prot-1882--ak--19.xml#L1217	49	1	7	dem att lemna honom dylikt uppdrag, sedermera ingått till Kongl.		dem att lemna honom dylikt uppdrag, sedermera ingått till kongl.	0
data/1882/prot-1882--ak--019.xml	14	https://betalab.kb.se/prot-1882--ak--19/prot_1882__ak__19-014.jp2/_view	https://github.com/welfare-state-analytics/riksdagen-corpus/blob/main/corpus/protocols/1882/prot-1882--ak--19.xml#L1217	49	1	29	Detsamma vitsordas äfven af den nyssnämnde Kronolänsmannen Wåll-		detsamma vitsordas äfven af den nyssnämnde kronolänsmannen wållg	1
data/1882/prot-1882--ak--019.xml	14	https://betalab.kb.se/prot-1882--ak--19/prot_1882__ak__19-014.jp2/_view	https://github.com/welfare-state-analytics/riksdagen-corpus/blob/main/corpus/protocols/1882/prot-1882--ak--19.xml#L1217	49	1	40	gelägen. Den första, af mig nyss uppstälda frågan, huruvida ett		gelägen. den första, af mig nyss uppstälda frågan, huruvida ett	0
data/1882/prot-1882--ak--059.xml	28	https://betalab.kb.se/prot-1882--ak--59/prot_1882__ak__59-028.jp2/_view	https://github.com/welfare-state-analytics/riksdagen-corpus/blob/main/corpus/protocols/1882/prot-1882--ak--59.xml#L2101	47	1	11	samma.		n:o 59.	6
data/1882/prot-1882--ak--059.xml	28	https://betalab.kb.se/prot-1882--ak--59/prot_1882__ak__59-028.jp2/_view	https://github.com/welfare-state-analytics/riksdagen-corpus/blob/main/corpus/protocols/1882/prot-1882--ak--59.xml#L2101	47	1	24	händer det visserligen i Stockholm — jag tager Stockholm som		händer det visserligen i stockholm - jag tager stockholm som	0
data/1882/prot-1882--ak--059.xml	28	https://betalab.kb.se/prot-1882--ak--59/prot_1882__ak__59-028.jp2/_view	https://github.com/welfare-state-analytics/riksdagen-corpus/blob/main/corpus/protocols/1882/prot-1882--ak--59.xml#L2101	47	1	34	byggd. Den bestod endast af bergsbackar och var således ej ens an-		byggd. den bestod endast af bergsbackar och var således ej ens anv	1
data/1883/prot-1883--ak--052.xml	20	https://betalab.kb.se/prot-1883--ak--52/prot_1883__ak__52-020.jp2/_view	https://github.com/welfare-state-analytics/riksdagen-corpus/blob/main/corpus/protocols/1883/prot-1883--ak--52.xml#L1741	50	1	3	klara min ståndpunkt till dessa frågor, helst som man blifvit dertill		klara min ståndpunkt till dessa frågor, helst som man blifvit dertill	0
data/1883/prot-1883--ak--052.xml	20	https://betalab.kb.se/prot-1883--ak--52/prot_1883__ak__52-020.jp2/_view	https://github.com/welfare-state-analytics/riksdagen-corpus/blob/main/corpus/protocols/1883/prot-1883--ak--52.xml#L1741	50	1	20	bära bördorna något i betraktande. Det kan icke längre vara en hem-		bära bördorna något i betraktande. det kan icke längre vara en heml	1
data/1883/prot-1883--ak--052.xml	20	https://betalab.kb.se/prot-1883--ak--52/prot_1883__ak__52-020.jp2/_view	https://github.com/welfare-state-analytics/riksdagen-corpus/blob/main/corpus/protocols/1883/prot-1883--ak--52.xml#L1741	50	1	34	ren. Landtbrukaren måste klokt använda hvarje dag, ty så väl arbets-		ren. landtbrukaren måste klokt använda hvarje dag, ty så väl arbetsk	1
data/1883/prot-1883--fk--045.xml	33	https://betalab.kb.se/prot-1883--fk--45/prot_1883__fk__45-033.jp2/_view	https://github.com/welfare-state-analytics/riksdagen-corpus/blob/main/corpus/protocols/1883/prot-1883--fk--45.xml#L2901	48	1	18	utveckling.		in kulturutveckling.	9
data/1883/prot-1883--fk--045.xml	33	https://betalab.kb.se/prot-1883--fk--45/prot_1883__fk__45-033.jp2/_view	https://github.com/welfare-state-analytics/riksdagen-corpus/blob/main/corpus/protocols/1883/prot-1883--fk--45.xml#L2901	48	1	44	förkasta det föreliggande förslaget, så att kompromissen en gång		förkasta det föreliggande förslaget, så att kompromissen en gång	0
data/1883/prot-1883--fk--045.xml	33	https://betalab.kb.se/prot-1883--fk--45/prot_1883__fk__45-033.jp2/_view	https://github.com/welfare-state-analytics/riksdagen-corpus/blob/main/corpus/protocols/1883/prot-1883--fk--45.xml#L2901	48	1	46	hvad den kan. Jag tror att för den närmaste framtiden icke		hvad den kan. jag tror att för den närmaste framtiden icke	0
data/1883/prot-1883--fk--047.xml	7	https://betalab.kb.se/prot-1883--fk--47/prot_1883__fk__47-007.jp2/_view	https://github.com/welfare-state-analytics/riksdagen-corpus/blob/main/corpus/protocols/1883/prot-1883--fk--47.xml#L680	47	1	6	jag svårt att fatta, huru min högt ärade vän, talaren på gotlandsbän-		jag svårt att fatta, huru min högt ärade vän, talaren på gotlandsbänk	1
data/1883/prot-1883--fk--047.xml	7	https://betalab.kb.se/prot-1883--fk--47/prot_1883__fk__47-007.jp2/_view	https://github.com/welfare-state-analytics/riksdagen-corpus/blob/main/corpus/protocols/1883/prot-1883--fk--47.xml#L680	47	1	7	ken, kan vilja påstå, att det är bättre att här få rent afslag, emedan		ken, kan vilja påstå, att det är bättre att här få rent afslag, emedan	0
data/1883/prot-1883--fk--047.xml	7	https://betalab.kb.se/prot-1883--fk--47/prot_1883__fk__47-007.jp2/_view	https://github.com/welfare-state-analytics/riksdagen-corpus/blob/main/corpus/protocols/1883/prot-1883--fk--47.xml#L680	47	1	11	tiden för vår beväring mer än fördubblad. Om Första Kammaren ut-		tiden för vår beväring mer än fördubblad. om första kammaren utt	1
data/1885/prot-1885--ak--053.xml	21	https://betalab.kb.se/prot-1885--ak--53/prot_1885__ak__53-021.jp2/_view	https://github.com/welfare-state-analytics/riksdagen-corpus/blob/main/corpus/protocols/1885/prot-1885--ak--53.xml#L1627	49	1	1	22 Lördagen den 9 Maj, f. m.		22 lördagen den 9 maj, f. m.	0
data/1885/prot-1885--ak--053.xml	21	https://betalab.kb.se/prot-1885--ak--53/prot_1885__ak__53-021.jp2/_view	https://github.com/welfare-state-analytics/riksdagen-corpus/blob/main/corpus/protocols/1885/prot-1885--ak--53.xml#L1627	49	1	13	Tro herrarne, att ett anslag af sju millioner kronor, som den ärade		tro herrarne, att ett anslag af sju millioner kronor, som den ärade	0
data/1885/prot-1885--ak--053.xml	21	https://betalab.kb.se/prot-1885--ak--53/prot_1885__ak__53-021.jp2/_view	https://github.com/welfare-state-analytics/riksdagen-corpus/blob/main/corpus/protocols/1885/prot-1885--ak--53.xml#L1627	49	1	24	talare, hvilken före mig hade ordet, inlåta mig i något svaromål på		talare, hvilken före mig hade ordet, inlåta mig i något svaromål på	0
data/1885/prot-1885--fk--033.xml	21	https://betalab.kb.se/prot-1885--fk--33/prot_1885__fk__33-021.jp2/_view	https://github.com/welfare-state-analytics/riksdagen-corpus/blob/main/corpus/protocols/1885/prot-1885--fk--33.xml#L1797	50	1	1	22 Måndagen den 27 April, e. m.		22 måndagen den 27 april, e. m.	0
data/1885/prot-1885--fk--033.xml	21	https://betalab.kb.se/prot-1885--fk--33/prot_1885__fk__33-021.jp2/_view	https://github.com/welfare-state-analytics/riksdagen-corpus/blob/main/corpus/protocols/1885/prot-1885--fk--33.xml#L1797	50	1	29	hvarpå denna granskning skulle inrättas, så vet jag icke att man be-		hvarpå denna granskning skulle inrättas, så vet jag icke att man be-	0
data/1885/prot-1885--fk--033.xml	21	https://betalab.kb.se/prot-1885--fk--33/prot_1885__fk__33-021.jp2/_view	https://github.com/welfare-state-analytics/riksdagen-corpus/blob/main/corpus/protocols/1885/prot-1885--fk--33.xml#L1797	50	1	36	och författningar och donators vilja skola skötas. Jag finner således		och författningar och donators vilja skola skötas. jag finner således	0
data/1886/prot-1886--ak--012.xml	18	https://betalab.kb.se/prot-1886--ak--12/prot_1886__ak__12-018.jp2/_view	https://github.com/welfare-state-analytics/riksdagen-corpus/blob/main/corpus/protocols/1886/prot-1886--ak--12.xml#L1595	45	1	2	Sedan denna Utskottets hemställan blifvit uppläst, erhöll		sedan denna utskottets hemställan blifvit uppläst, erhöll	0
data/1886/prot-1886--ak--012.xml	18	https://betalab.kb.se/prot-1886--ak--12/prot_1886__ak__12-018.jp2/_view	https://github.com/welfare-state-analytics/riksdagen-corpus/blob/main/corpus/protocols/1886/prot-1886--ak--12.xml#L1595	45	1	5	riksdagsarbetet bedrefves med största möjliga skyndsamhet. Jag		riksdagsarbetet. bedrefves med största möjliga skyndsambet. ja	3
data/1886/prot-1886--ak--012.xml	18	https://betalab.kb.se/prot-1886--ak--12/prot_1886__ak__12-018.jp2/_view	https://github.com/welfare-state-analytics/riksdagen-corpus/blob/main/corpus/protocols/1886/prot-1886--ak--12.xml#L1595	45	1	31	som vore der stationerad, så tror jag att motionen i detta stycke		som vore der stationerad, så tror jag att motionen i detta stycke	0
data/1886/prot-1886--ak--025.xml	3	https://betalab.kb.se/prot-1886--ak--25/prot_1886__ak__25-003.jp2/_view	https://github.com/welfare-state-analytics/riksdagen-corpus/blob/main/corpus/protocols/1886/prot-1886--ak--25.xml#L305	50	1	8	af Herr E. J. Ekman.		af herr e. j. ekman.	0
data/1886/prot-1886--ak--025.xml	3	https://betalab.kb.se/prot-1886--ak--25/prot_1886__ak__25-003.jp2/_view	https://github.com/welfare-state-analytics/riksdagen-corpus/blob/main/corpus/protocols/1886/prot-1886--ak--25.xml#L305	50	1	15	samt garnisonsförsamlingarna, likasom personer tillhörande främmande		samt garnisonsförsamlingarna, likasom personer tillhörande främmande	0
data/1886/prot-1886--ak--025.xml	3	https://betalab.kb.se/prot-1886--ak--25/prot_1886__ak__25-003.jp2/_view	https://github.com/welfare-state-analytics/riksdagen-corpus/blob/main/corpus/protocols/1886/prot-1886--ak--25.xml#L305	50	1	43	Med anledning af dessa motioner hemstälde Utskottet i detta		med anledning af dessa motioner hemstälde utskottet i detta	0
data/1886/prot-1886--ak--043.xml	18	https://betalab.kb.se/prot-1886--ak--43/prot_1886__ak__43-018.jp2/_view	https://github.com/welfare-state-analytics/riksdagen-corpus/blob/main/corpus/protocols/1886/prot-1886--ak--43.xml#L1465	46	1	9	icke framställa detta förslag, emedan jag tror, att frågan icke alls skall		icke framställa detta förslag, emedan jag tror, att frågan icke alls skall	0
data/1886/prot-1886--ak--043.xml	18	https://betalab.kb.se/prot-1886--ak--43/prot_1886__ak__43-018.jp2/_view	https://github.com/welfare-state-analytics/riksdagen-corpus/blob/main/corpus/protocols/1886/prot-1886--ak--43.xml#L1465	46	1	29	följaktligen fördyra deras undervisningskostnad, synes mig icke bra,		följaktligen fördyra deras undervisningskostnad, synes mig icke bra,	0
data/1886/prot-1886--ak--043.xml	18	https://betalab.kb.se/prot-1886--ak--43/prot_1886__ak__43-018.jp2/_view	https://github.com/welfare-state-analytics/riksdagen-corpus/blob/main/corpus/protocols/1886/prot-1886--ak--43.xml#L1465	46	1	35	föreslagna med afseende på de allmänna läroverken, såsom frågan om		föreslagna med afseende på de allmänna läroverken, såsom frågan om	0
data/1886/prot-1886--ak--047.xml	32	https://betalab.kb.se/prot-1886--ak--47/prot_1886__ak__47-032.jp2/_view	https://github.com/welfare-state-analytics/riksdagen-corpus/blob/main/corpus/protocols/1886/prot-1886--ak--47.xml#L2650	51	1	15	reda på de exemplen och bestämmen med ledning häraf edra vota.		reda på de exemplen och bestämmen med ledning häraf edra vota.	0
data/1886/prot-1886--ak--047.xml	32	https://betalab.kb.se/prot-1886--ak--47/prot_1886__ak__47-032.jp2/_view	https://github.com/welfare-state-analytics/riksdagen-corpus/blob/main/corpus/protocols/1886/prot-1886--ak--47.xml#L2650	51	1	32	jemförelse jag uppdrog mellan denna lag och jernvägslagen tror		jemförelse jag uppdrog mellan denna lag och jernvägslagen tror	0
data/1886/prot-1886--ak--047.xml	32	https://betalab.kb.se/prot-1886--ak--47/prot_1886__ak__47-032.jp2/_view	https://github.com/welfare-state-analytics/riksdagen-corpus/blob/main/corpus/protocols/1886/prot-1886--ak--47.xml#L2650	51	1	47	foga jordegaren. Någon farhåga i det fallet kan icke för framtiden		foga jordegaren. någon farhåga i det fallet kan icke för framtiden	0
data/1886/prot-1886--ak--056.xml	34	https://betalab.kb.se/prot-1886--ak--56/prot_1886__ak__56-034.jp2/_view	https://github.com/welfare-state-analytics/riksdagen-corpus/blob/main/corpus/protocols/1886/prot-1886--ak--56.xml#L2934	48	1	31	beslut, motsatt just det, som jag antog att den ärade talaren helst		beslut, motsatt just det, som jag antog att den ärade talaren helst	0
data/1886/prot-1886--ak--056.xml	34	https://betalab.kb.se/prot-1886--ak--56/prot_1886__ak__56-034.jp2/_view	https://github.com/welfare-state-analytics/riksdagen-corpus/blob/main/corpus/protocols/1886/prot-1886--ak--56.xml#L2934	48	1	39	att man ej kan ingå derpå, emedan en af våra ministrar då skulle		att man ej kan ingå derpå, emedan en af våra ministrar då skulle	0
data/1886/prot-1886--ak--056.xml	34	https://betalab.kb.se/prot-1886--ak--56/prot_1886__ak__56-034.jp2/_view	https://github.com/welfare-state-analytics/riksdagen-corpus/blob/main/corpus/protocols/1886/prot-1886--ak--56.xml#L2934	48	1	41	blifva af med hela vår minister. Då franska traktaten afgjordes, fingo		blifva af med hela vår minister. då franska traktaten afgjordes, fingo	0
data/1886/prot-1886--fk--028.xml	10	https://betalab.kb.se/prot-1886--fk--28/prot_1886__fk__28-010.jp2/_view	https://github.com/welfare-state-analytics/riksdagen-corpus/blob/main/corpus/protocols/1886/prot-1886--fk--28.xml#L1069	50	1	33	Så länge som Sverige och Norge skola utgöra en enhet gent emot		så länge som sverige och norge skola utgöra en enhet gent emot	0
data/1886/prot-1886--fk--028.xml	10	https://betalab.kb.se/prot-1886--fk--28/prot_1886__fk__28-010.jp2/_view	https://github.com/welfare-state-analytics/riksdagen-corpus/blob/main/corpus/protocols/1886/prot-1886--fk--28.xml#L1069	50	1	35	minister, som båda skulle handlägga och föredraga samma mål.		minister, som båda skulle handlägga och föredraga samma mål.	0
data/1886/prot-1886--fk--028.xml	10	https://betalab.kb.se/prot-1886--fk--28/prot_1886__fk__28-010.jp2/_view	https://github.com/welfare-state-analytics/riksdagen-corpus/blob/main/corpus/protocols/1886/prot-1886--fk--28.xml#L1069	50	1	37	att han skulle vara ledamot, och ansvarig ledamot af begge rikenas		att han skulle vara ledamot, och ansvarig ledamot af begge rikenas	0
data/1886/prot-1886--fk--035.xml	23	https://betalab.kb.se/prot-1886--fk--35/prot_1886__fk__35-023.jp2/_view	https://github.com/welfare-state-analytics/riksdagen-corpus/blob/main/corpus/protocols/1886/prot-1886--fk--35.xml#L1981	44	1	4	rörelse. Sådana nödvändiga egenskaper fostras otvifvelaktigt lättare		rörelse. sådana nödvändiga egenskaper fostras otvifvelaktigt lättare	0
data/1886/prot-1886--fk--035.xml	23	https://betalab.kb.se/prot-1886--fk--35/prot_1886__fk__35-023.jp2/_view	https://github.com/welfare-state-analytics/riksdagen-corpus/blob/main/corpus/protocols/1886/prot-1886--fk--35.xml#L1981	44	1	17	af detta skäl, som jag, för min del, anser såsom ödesdigert hvarje		af detta skäl, som jag, för min del, anser såsom ödesdigert hvarje	0
data/1886/prot-1886--fk--035.xml	23	https://betalab.kb.se/prot-1886--fk--35/prot_1886__fk__35-023.jp2/_view	https://github.com/welfare-state-analytics/riksdagen-corpus/blob/main/corpus/protocols/1886/prot-1886--fk--35.xml#L1981	44	1	37	reservation.		afgifna reservation.	8
data/1887/prot-1887-janmar-ak--002.xml	4	https://betalab.kb.se/prot-1887-janmar-ak--2/prot_1887_janmar_ak__2-004.jp2/_view	https://github.com/welfare-state-analytics/riksdagen-corpus/blob/main/corpus/protocols/1887/prot-1887-janmar-ak--2.xml#L313	45	1	4	blifvit utsedde att jemte herr talmannen		blifvit utsedde att jemte herr talmannen	0
data/1887/prot-1887-janmar-ak--002.xml	4	https://betalab.kb.se/prot-1887-janmar-ak--2/prot_1887_janmar_ak__2-004.jp2/_view	https://github.com/welfare-state-analytics/riksdagen-corpus/blob/main/corpus/protocols/1887/prot-1887-janmar-ak--2.xml#L313	45	1	34	vice häradshöfdingen C. Hofmeister,		vice häradshöfdingen c. hofmeister,	0
data/1887/prot-1887-janmar-ak--002.xml	4	https://betalab.kb.se/prot-1887-janmar-ak--2/prot_1887_janmar_ak__2-004.jp2/_view	https://github.com/welfare-state-analytics/riksdagen-corpus/blob/main/corpus/protocols/1887/prot-1887-janmar-ak--2.xml#L313	45	1	40	Derefter utsågos		derefter utsågos	0
data/1887/prot-1887-majjul-ak--017.xml	38	https://betalab.kb.se/prot-1887-majjul-ak--17/prot_1887_majjul_ak__17-038.jp2/_view	https://github.com/welfare-state-analytics/riksdagen-corpus/blob/main/corpus/protocols/1887/prot-1887-majjul-ak--17.xml#L3026	47	1	7	att, om dessa tomter bortsåldes, de öfriga tomterna skulle blifva så		att, om dessa tomter bortsåldes, de öfriga tomterna skulle blifva så	0
data/1887/prot-1887-majjul-ak--017.xml	38	https://betalab.kb.se/prot-1887-majjul-ak--17/prot_1887_majjul_ak__17-038.jp2/_view	https://github.com/welfare-state-analytics/riksdagen-corpus/blob/main/corpus/protocols/1887/prot-1887-majjul-ak--17.xml#L3026	47	1	26	320,000 kronor motsvarar sålunda 5 à 6 års ränta på de af Riks-		320,000 kronor motsvarar sålunda 5 å 6 års ränta på de af riksd	2
data/1887/prot-1887-majjul-ak--017.xml	38	https://betalab.kb.se/prot-1887-majjul-ak--17/prot_1887_majjul_ak__17-038.jp2/_view	https://github.com/welfare-state-analytics/riksdagen-corpus/blob/main/corpus/protocols/1887/prot-1887-majjul-ak--17.xml#L3026	47	1	41	Herr Persson i Vadensjö: Då jag så väl på afdelningen som		enningarne till statskassan. då jag både på afdelningen o	31
data/1887/prot-1887-majjul-ak--019.xml	31	https://betalab.kb.se/prot-1887-majjul-ak--19/prot_1887_majjul_ak__19-031.jp2/_view	https://github.com/welfare-state-analytics/riksdagen-corpus/blob/main/corpus/protocols/1887/prot-1887-majjul-ak--19.xml#L2568	47	1	22	blifva tvungen att gå längre än man eljest skulle önskat. Och det		blifva tvungen att gå längre än man eljest skulle önskat. och det	0
data/1887/prot-1887-majjul-ak--019.xml	31	https://betalab.kb.se/prot-1887-majjul-ak--19/prot_1887_majjul_ak__19-031.jp2/_view	https://github.com/welfare-state-analytics/riksdagen-corpus/blob/main/corpus/protocols/1887/prot-1887-majjul-ak--19.xml#L2568	47	1	24	hemställa, att man må gifva så mycket af det motionären önskat,		hemställa, att man må gifva så mycket af det motionären önskat,	0
data/1887/prot-1887-majjul-ak--019.xml	31	https://betalab.kb.se/prot-1887-majjul-ak--19/prot_1887_majjul_ak__19-031.jp2/_view	https://github.com/welfare-state-analytics/riksdagen-corpus/blob/main/corpus/protocols/1887/prot-1887-majjul-ak--19.xml#L2568	47	1	45	nemligen, att man icke bör skilja på hvad som vid sista riksdagen		nemligen, att man icke bör skilja på hvad som vid sista riksdagen	0
data/1887/prot-1887-majjul-ak--004.xml	5	https://betalab.kb.se/prot-1887-majjul-ak--4/prot_1887_majjul_ak__4-005.jp2/_view	https://github.com/welfare-state-analytics/riksdagen-corpus/blob/main/corpus/protocols/1887/prot-1887-majjul-ak--4.xml#L463	51	1	7	geringen eller jernvägsförvaltningen har rätt att sänka dessa sat-		geringen eller jernvägsförvaltningen bar rätt att sänka dessa sats	2
data/1887/prot-1887-majjul-ak--004.xml	5	https://betalab.kb.se/prot-1887-majjul-ak--4/prot_1887_majjul_ak__4-005.jp2/_view	https://github.com/welfare-state-analytics/riksdagen-corpus/blob/main/corpus/protocols/1887/prot-1887-majjul-ak--4.xml#L463	51	1	37	såsom trafikstyrelsen anser att det bör tolkas, medgifver; ty huru		såsom trafikstyrelsen anser att det bör tolkas, medgifver; ty huru	0
data/1887/prot-1887-majjul-ak--004.xml	5	https://betalab.kb.se/prot-1887-majjul-ak--4/prot_1887_majjul_ak__4-005.jp2/_view	https://github.com/welfare-state-analytics/riksdagen-corpus/blob/main/corpus/protocols/1887/prot-1887-majjul-ak--4.xml#L463	51	1	39	betänkligheter beträffande så väl allmänheten som jernvägen. Jag		betänkligheter beträffande så väl allmänheten som jernvägen. jag	0
data/1888/prot-1888--ak--001.xml	11	https://betalab.kb.se/prot-1888--ak--1/prot_1888__ak__1-011.jp2/_view	https://github.com/welfare-state-analytics/riksdagen-corpus/blob/main/corpus/protocols/1888/prot-1888--ak--1.xml#L1165	63	1	3	pass	yes	203	4
data/1888/prot-1888--ak--001.xml	11	https://betalab.kb.se/prot-1888--ak--1/prot_1888__ak__1-011.jp2/_view	https://github.com/welfare-state-analytics/riksdagen-corpus/blob/main/corpus/protocols/1888/prot-1888--ak--1.xml#L1165	63	1	18	pass	yes	203	4
data/1888/prot-1888--ak--001.xml	11	https://betalab.kb.se/prot-1888--ak--1/prot_1888__ak__1-011.jp2/_view	https://github.com/welfare-state-analytics/riksdagen-corpus/blob/main/corpus/protocols/1888/prot-1888--ak--1.xml#L1165	63	1	20	pass	yes	203	4
data/1888/prot-1888--ak--024.xml	3	https://betalab.kb.se/prot-1888--ak--24/prot_1888__ak__24-003.jp2/_view	https://github.com/welfare-state-analytics/riksdagen-corpus/blob/main/corpus/protocols/1888/prot-1888--ak--24.xml#L283	47	1	4	ning af besluten skulle kunna åstadkommas. Jag vet dock verk-		ning af besluten skulle kunna åstadkommas. jag vet dock verkl	1
data/1888/prot-1888--ak--024.xml	3	https://betalab.kb.se/prot-1888--ak--24/prot_1888__ak__24-003.jp2/_view	https://github.com/welfare-state-analytics/riksdagen-corpus/blob/main/corpus/protocols/1888/prot-1888--ak--24.xml#L283	47	1	23	nästa år komma att belöpa sig till mer än 6,300,000 kronor. Att		nästa år komma att belöpa sig till mer än 6,300,000 kronor. att	0
data/1888/prot-1888--ak--024.xml	3	https://betalab.kb.se/prot-1888--ak--24/prot_1888__ak__24-003.jp2/_view	https://github.com/welfare-state-analytics/riksdagen-corpus/blob/main/corpus/protocols/1888/prot-1888--ak--24.xml#L283	47	1	34	stämma en summa af 3,000 eller 5,000 kronor, utan det får an-		stämma en summa af 3,000 eller 5,000 kronor, utan det får anv	1
data/1888/prot-1888--fk--010.xml	24	https://betalab.kb.se/prot-1888--fk--10/prot_1888__fk__10-024.jp2/_view	https://github.com/welfare-state-analytics/riksdagen-corpus/blob/main/corpus/protocols/1888/prot-1888--fk--10.xml#L2034	49	1	1	Onsdagen den 29 Februari. 25		onsdagen den 29 februari. 25	0
data/1888/prot-1888--fk--010.xml	24	https://betalab.kb.se/prot-1888--fk--10/prot_1888__fk__10-024.jp2/_view	https://github.com/welfare-state-analytics/riksdagen-corpus/blob/main/corpus/protocols/1888/prot-1888--fk--10.xml#L2034	49	1	15	jag skulle kunna anföra flere sådana. Derför tog jag mig friheten		jag skuile kunna anföra flere sådana. derför tog jag mig friheten	1
data/1888/prot-1888--fk--010.xml	24	https://betalab.kb.se/prot-1888--fk--10/prot_1888__fk__10-024.jp2/_view	https://github.com/welfare-state-analytics/riksdagen-corpus/blob/main/corpus/protocols/1888/prot-1888--fk--10.xml#L2034	49	1	28	107 § regeringsformen, sista momentet, att, med bibehållande af dess		107 $& regeringsformen, sista momentet, att, med bibehållande af des	3
data/1888/prot-1888--fk--012.xml	46	https://betalab.kb.se/prot-1888--fk--12/prot_1888__fk__12-046.jp2/_view	https://github.com/welfare-state-analytics/riksdagen-corpus/blob/main/corpus/protocols/1888/prot-1888--fk--12.xml#L3852	48	1	7	staten ega den mark, hvarå arbetet skall utföras, ty det är icke på		staten ega den mark, hvarå arbetet skall utföras, ty det är icke på	0
data/1888/prot-1888--fk--012.xml	46	https://betalab.kb.se/prot-1888--fk--12/prot_1888__fk__12-046.jp2/_view	https://github.com/welfare-state-analytics/riksdagen-corpus/blob/main/corpus/protocols/1888/prot-1888--fk--12.xml#L3852	48	1	25	rådsbord nödgades lemna min plats i utskottet. I likhet med herr		rådsbord nödgades lemna min plats i utskottet. i likhet med herr	0
data/1888/prot-1888--fk--012.xml	46	https://betalab.kb.se/prot-1888--fk--12/prot_1888__fk__12-046.jp2/_view	https://github.com/welfare-state-analytics/riksdagen-corpus/blob/main/corpus/protocols/1888/prot-1888--fk--12.xml#L3852	48	1	45	sistnämnda medel icke så användas, att uppförande af nytt stations-		sistnämnda medel icke så användas, att uppförande af nytt stationsh	1
data/1889/prot-1889--ak--004.xml	8	https://betalab.kb.se/prot-1889--ak--4/prot_1889__ak__4-008.jp2/_view	https://github.com/welfare-state-analytics/riksdagen-corpus/blob/main/corpus/protocols/1889/prot-1889--ak--4.xml#L803	51	1	14	måhända veta, en mycket utvecklad industriel rörelse och den summa,		måhända veta, en mycket utvecklad industriel rörelse och den summa,	0
data/1889/prot-1889--ak--004.xml	8	https://betalab.kb.se/prot-1889--ak--4/prot_1889__ak__4-008.jp2/_view	https://github.com/welfare-state-analytics/riksdagen-corpus/blob/main/corpus/protocols/1889/prot-1889--ak--4.xml#L803	51	1	17	än 123,000 kronor årligen, motsvarande 35,8 procent af hela kost-		än 123,000 kronor årligen, motsvarande 35,8 procent af hela kostn	1
data/1889/prot-1889--ak--004.xml	8	https://betalab.kb.se/prot-1889--ak--4/prot_1889__ak__4-008.jp2/_view	https://github.com/welfare-state-analytics/riksdagen-corpus/blob/main/corpus/protocols/1889/prot-1889--ak--4.xml#L803	51	1	33	dast 1,78 qvadratmil, men kapitalvärdet af den i komiterades förslag		dast 1,78 qvadratmil, men kapitalvärdet af den i komiterades förslag	0
data/1889/prot-1889--ak--048.xml	40	https://betalab.kb.se/prot-1889--ak--48/prot_1889__ak__48-040.jp2/_view	https://github.com/welfare-state-analytics/riksdagen-corpus/blob/main/corpus/protocols/1889/prot-1889--ak--48.xml#L3410	49	1	3	Mom. 1. Vid reparation eller förbyggnad af utländska fartyg		mom. 1. vid reparation eller förbyggnad af utländska fartyg	0
data/1889/prot-1889--ak--048.xml	40	https://betalab.kb.se/prot-1889--ak--48/prot_1889__ak__48-040.jp2/_view	https://github.com/welfare-state-analytics/riksdagen-corpus/blob/main/corpus/protocols/1889/prot-1889--ak--48.xml#L3410	49	1	7	afslutats, restitution af erlagd införselstull för de materialier och		afslutats, restitution af erlagd införselstull för de materialier och	0
data/1889/prot-1889--ak--048.xml	40	https://betalab.kb.se/prot-1889--ak--48/prot_1889__ak__48-040.jp2/_view	https://github.com/welfare-state-analytics/riksdagen-corpus/blob/main/corpus/protocols/1889/prot-1889--ak--48.xml#L3410	49	1	47	bruttotonnage, som utskottet föreslagit, samt derjemte medgifva tull-		bruttotonnage, som utskottet föreslagit, samt derjemte medgifva tullr	1
data/1889/prot-1889--ak--009.xml	15	https://betalab.kb.se/prot-1889--ak--9/prot_1889__ak__9-015.jp2/_view	https://github.com/welfare-state-analytics/riksdagen-corpus/blob/main/corpus/protocols/1889/prot-1889--ak--9.xml#L1320	48	1	1	16 Lördagen den 23 Februari, f. m.		16 lördagen den 23 februari, f. m.	0
data/1889/prot-1889--ak--009.xml	15	https://betalab.kb.se/prot-1889--ak--9/prot_1889__ak__9-015.jp2/_view	https://github.com/welfare-state-analytics/riksdagen-corpus/blob/main/corpus/protocols/1889/prot-1889--ak--9.xml#L1320	48	1	12	yrkar bifall.		jag nu yrkar bifall.	7
data/1889/prot-1889--ak--009.xml	15	https://betalab.kb.se/prot-1889--ak--9/prot_1889__ak__9-015.jp2/_view	https://github.com/welfare-state-analytics/riksdagen-corpus/blob/main/corpus/protocols/1889/prot-1889--ak--9.xml#L1320	48	1	29	tisk undervisning i jordbruk, borde kunna med trygghet öfverlemna		ktisk undervisning i jordbruksskötsel. nej, detta lära de sig bra	32
data/1910/prot-1910--ak--021.xml	25	https://betalab.kb.se/prot-1910--ak--21/prot_1910__ak__21-025.jp2/_view	https://github.com/welfare-state-analytics/riksdagen-corpus/blob/main/corpus/protocols/1910/prot-1910--ak--21.xml#L1930	46	1	6	Jag ber därför, herr talman, att af anförda skäl för min		jag ber därför, herr talman, att af anförda skäl för min	0
data/1910/prot-1910--ak--021.xml	25	https://betalab.kb.se/prot-1910--ak--21/prot_1910__ak__21-025.jp2/_view	https://github.com/welfare-state-analytics/riksdagen-corpus/blob/main/corpus/protocols/1910/prot-1910--ak--21.xml#L1930	46	1	8	Med herr Meurling förenade sig herrar Gustafsson i Mjölby,		med herr meurling förenade sig herrar gustafsson i mjölby,	0
data/1910/prot-1910--ak--021.xml	25	https://betalab.kb.se/prot-1910--ak--21/prot_1910__ak__21-025.jp2/_view	https://github.com/welfare-state-analytics/riksdagen-corpus/blob/main/corpus/protocols/1910/prot-1910--ak--21.xml#L1930	46	1	33	ur sikte, att man verkligen behöfver ett skydd både för den enes		ur sikte, att man verkligen behöfver ett skydd både för den enes	0
data/1910/prot-1910--ak--051.xml	32	https://betalab.kb.se/prot-1910--ak--51/prot_1910__ak__51-032.jp2/_view	https://github.com/welfare-state-analytics/riksdagen-corpus/blob/main/corpus/protocols/1910/prot-1910--ak--51.xml#L2886	52	1	14	Nu är ju emellertid ställningen ute i landet så fullständigt olika,		nu är ju emellertid ställningen ute i landet så fullständigt olika,	0
data/1910/prot-1910--ak--051.xml	32	https://betalab.kb.se/prot-1910--ak--51/prot_1910__ak__51-032.jp2/_view	https://github.com/welfare-state-analytics/riksdagen-corpus/blob/main/corpus/protocols/1910/prot-1910--ak--51.xml#L2886	52	1	27	industribefolkning måste konsumera en stor del af den spannmål , som		 industribefolkning måste konsumera en stor del af den spannmål, som	2
data/1910/prot-1910--ak--051.xml	32	https://betalab.kb.se/prot-1910--ak--51/prot_1910__ak__51-032.jp2/_view	https://github.com/welfare-state-analytics/riksdagen-corpus/blob/main/corpus/protocols/1910/prot-1910--ak--51.xml#L2886	52	1	31	Nu är det ju vidare redan förut under diskussionen påpekadt, icke		nu är det ju vidare redan förut under diskussionen påpekadt, icke	0
data/1911/prot-1911--ak--030.xml	69	https://betalab.kb.se/prot-1911--ak--30/prot_1911__ak__30-069.jp2/_view	https://github.com/welfare-state-analytics/riksdagen-corpus/blob/main/corpus/protocols/1911/prot-1911--ak--30.xml#L5557	46	1	2	förbundna olika rättigheter och skyldigheter. Endast för Skåne		förbundna olika rättigheter och skyldigheter. endast för skåne	0
data/1911/prot-1911--ak--030.xml	69	https://betalab.kb.se/prot-1911--ak--30/prot_1911__ak__30-069.jp2/_view	https://github.com/welfare-state-analytics/riksdagen-corpus/blob/main/corpus/protocols/1911/prot-1911--ak--30.xml#L5557	46	1	31	Af herr statsrådets svar framgår, att det funnes två särskilda		af herr statsrådets svar framgår, att det funnes två särskilda	0
data/1911/prot-1911--ak--030.xml	69	https://betalab.kb.se/prot-1911--ak--30/prot_1911__ak__30-069.jp2/_view	https://github.com/welfare-state-analytics/riksdagen-corpus/blob/main/corpus/protocols/1911/prot-1911--ak--30.xml#L5557	46	1	36	mot vederbörande patronatsrättsinnehafvare för att förmå dem att		mot vederbörande patronatsrättsinnehafvare för att förmå dem att	0
data/1911/prot-1911--ak--042.xml	38	https://betalab.kb.se/prot-1911--ak--42/prot_1911__ak__42-038.jp2/_view	https://github.com/welfare-state-analytics/riksdagen-corpus/blob/main/corpus/protocols/1911/prot-1911--ak--42.xml#L3031	44	1	4	återremittera ärendet till utskottet liksom förut gjorts i Första		återremittera ärendet till utskottet liksom förut gjorts i första	0
data/1911/prot-1911--ak--042.xml	38	https://betalab.kb.se/prot-1911--ak--42/prot_1911__ak__42-038.jp2/_view	https://github.com/welfare-state-analytics/riksdagen-corpus/blob/main/corpus/protocols/1911/prot-1911--ak--42.xml#L3031	44	1	11	Lagutskottets utlåtande, nr 45, i anledning af Kungl. Maj:ts		lagutskottets utlåtande, nr 45, i anledning af kungl. maj:ts	0
data/1911/prot-1911--ak--042.xml	38	https://betalab.kb.se/prot-1911--ak--42/prot_1911__ak__42-038.jp2/_view	https://github.com/welfare-state-analytics/riksdagen-corpus/blob/main/corpus/protocols/1911/prot-1911--ak--42.xml#L3031	44	1	17	marens andra tillfälliga utskotts utlåtande, nr 8, med anledning		marens andra tillfälliga utskotts utlåtande, nr 8, med anledning	0
data/1911/prot-1911--ak--054.xml	69	https://betalab.kb.se/prot-1911--ak--54/prot_1911__ak__54-069.jp2/_view	https://github.com/welfare-state-analytics/riksdagen-corpus/blob/main/corpus/protocols/1911/prot-1911--ak--54.xml#L5330	47	1	5	anse det vara riktigt och rimligt, att personer gå som skolpojkar		anse det vara riktigt och rimligt, att personer gå som skolpojkar	0
data/1911/prot-1911--ak--054.xml	69	https://betalab.kb.se/prot-1911--ak--54/prot_1911__ak__54-069.jp2/_view	https://github.com/welfare-state-analytics/riksdagen-corpus/blob/main/corpus/protocols/1911/prot-1911--ak--54.xml#L5330	47	1	20	Jag skall be herr Starbäck vara fullkomligt lugn beträffande		jag skall be herr starbäck vara fullkomligt lugn beträffande	0
data/1911/prot-1911--ak--054.xml	69	https://betalab.kb.se/prot-1911--ak--54/prot_1911__ak__54-069.jp2/_view	https://github.com/welfare-state-analytics/riksdagen-corpus/blob/main/corpus/protocols/1911/prot-1911--ak--54.xml#L5330	47	1	21	byggmästare och sådana arkitekter, som utbildats vid de lägre		byggmästare och sådana arkitekter, som utbildats vid de lägre	0
data/1912/prot-1912--ak--016.xml	72	https://betalab.kb.se/prot-1912--ak--16/prot_1912__ak__16-072.jp2/_view	https://github.com/welfare-state-analytics/riksdagen-corpus/blob/main/corpus/protocols/1912/prot-1912--ak--16.xml#L6590	49	1	9	garna afsedda, under tiden från och med den 11 juli till och med		garna afsedda, under tiden från och med den 11 juli till och med	0
data/1912/prot-1912--ak--016.xml	72	https://betalab.kb.se/prot-1912--ak--16/prot_1912__ak__16-072.jp2/_view	https://github.com/welfare-state-analytics/riksdagen-corpus/blob/main/corpus/protocols/1912/prot-1912--ak--16.xml#L6590	49	1	20	dagar, som ofvan i detta mom. Sägs. Sådan vämpliktig äger att så-		dagar, som ofvan i detta mom. sägs. sådan värnpliktig äger att så	3
data/1912/prot-1912--ak--016.xml	72	https://betalab.kb.se/prot-1912--ak--16/prot_1912__ak__16-072.jp2/_view	https://github.com/welfare-state-analytics/riksdagen-corpus/blob/main/corpus/protocols/1912/prot-1912--ak--16.xml#L6590	49	1	49	än år 1912 och ej innefattas I det I mom. 1 gifna stadgande, så ock		än år 1912 och ej innefattas i det i mom. 1 gifna stadgande, så ock	0
data/1912/prot-1912--ak--008.xml	49	https://betalab.kb.se/prot-1912--ak--8/prot_1912__ak__8-049.jp2/_view	https://github.com/welfare-state-analytics/riksdagen-corpus/blob/main/corpus/protocols/1912/prot-1912--ak--8.xml#L3680	47	1	8	heters läsare väl till historien om kronodomänen Kastelle-		heters läsare väl till historien om kronodomänen kastelleg	1
data/1912/prot-1912--ak--008.xml	49	https://betalab.kb.se/prot-1912--ak--8/prot_1912__ak__8-049.jp2/_view	https://github.com/welfare-state-analytics/riksdagen-corpus/blob/main/corpus/protocols/1912/prot-1912--ak--8.xml#L3680	47	1	21	för torparna nya kontraktm hvilka innehålla rena orimligheter,		för torparna nya kontrakt, hvilka innehålla rena orimligheter,	1
data/1912/prot-1912--ak--008.xml	49	https://betalab.kb.se/prot-1912--ak--8/prot_1912__ak__8-049.jp2/_view	https://github.com/welfare-state-analytics/riksdagen-corpus/blob/main/corpus/protocols/1912/prot-1912--ak--8.xml#L3680	47	1	26	sedan inte få något förrän kl. 12-1, hvarefter de skulle få		sedan inte få något förrän kl. 12-1, hvarefter de skulle få	0
data/1913/prot-1913--ak--054.xml	7	https://betalab.kb.se/prot-1913--ak--54/prot_1913__ak__54-007.jp2/_view	https://github.com/welfare-state-analytics/riksdagen-corpus/blob/main/corpus/protocols/1913/prot-1913--ak--54.xml#L601	46	1	11	Chefen för finansdepartementet herr statsrådet friherre Adel-		chefen för finansdepartementet herr statsrådet friherre adels	1
data/1913/prot-1913--ak--054.xml	7	https://betalab.kb.se/prot-1913--ak--54/prot_1913__ak__54-007.jp2/_view	https://github.com/welfare-state-analytics/riksdagen-corpus/blob/main/corpus/protocols/1913/prot-1913--ak--54.xml#L601	46	1	27	peka, att anledningen till den ovilja, som förefinnes mot denna		peka, att anledningen till den ovilja, som förefinnes mot denna	0
data/1913/prot-1913--ak--054.xml	7	https://betalab.kb.se/prot-1913--ak--54/prot_1913__ak__54-007.jp2/_view	https://github.com/welfare-state-analytics/riksdagen-corpus/blob/main/corpus/protocols/1913/prot-1913--ak--54.xml#L601	46	1	43	tillämpas så, att den blir fullt rättvis. Med det skälet, att skatten		tillämpas så, att den blir fullt rättvis. med det skälet, att skatten	0
data/1914/prot-1914-a-ak--014.xml	4	https://betalab.kb.se/prot-1914-a-ak--14/prot_1914_a_ak__14-004.jp2/_view	https://github.com/welfare-state-analytics/riksdagen-corpus/blob/main/corpus/protocols/1914/prot-1914-a-ak--14.xml#L365	48	1	11	eller upphävande av viss slags lag.		eller upphävande av viss slags lag.	0
data/1914/prot-1914-a-ak--014.xml	4	https://betalab.kb.se/prot-1914-a-ak--14/prot_1914_a_ak__14-004.jp2/_view	https://github.com/welfare-state-analytics/riksdagen-corpus/blob/main/corpus/protocols/1914/prot-1914-a-ak--14.xml#L365	48	1	16	Jag ber att få yrka bifall till utskottets hemställan.		jag ber att få yrka bifall till utskottets hemställan.	0
data/1914/prot-1914-a-ak--014.xml	4	https://betalab.kb.se/prot-1914-a-ak--14/prot_1914_a_ak__14-004.jp2/_view	https://github.com/welfare-state-analytics/riksdagen-corpus/blob/main/corpus/protocols/1914/prot-1914-a-ak--14.xml#L365	48	1	41	Herr Lindqvist i Stockholm: Herr talman! Då jag		herr lindqvist i stockholm:	20
data/1914/prot-1914-a-ak--021.xml	9	https://betalab.kb.se/prot-1914-a-ak--21/prot_1914_a_ak__21-009.jp2/_view	https://github.com/welfare-state-analytics/riksdagen-corpus/blob/main/corpus/protocols/1914/prot-1914-a-ak--21.xml#L768	48	1	9	av utskottets motivering.		av utskottets motivering.	0
data/1914/prot-1914-a-ak--021.xml	9	https://betalab.kb.se/prot-1914-a-ak--21/prot_1914_a_ak__21-009.jp2/_view	https://github.com/welfare-state-analytics/riksdagen-corpus/blob/main/corpus/protocols/1914/prot-1914-a-ak--21.xml#L768	48	1	19	dessa medel ur folkets fickor och mämnar dem till de förmögnaste av		dessa medel ur folkets fickor och lämnar dem till de förmögnaste av	1
data/1914/prot-1914-a-ak--021.xml	9	https://betalab.kb.se/prot-1914-a-ak--21/prot_1914_a_ak__21-009.jp2/_view	https://github.com/welfare-state-analytics/riksdagen-corpus/blob/main/corpus/protocols/1914/prot-1914-a-ak--21.xml#L768	48	1	31	med en mun förklara att, för icke denna industri denna tullhöjning,		med en mun förklara att, får icke denna industri denna tullhöjning,	1
data/1915/prot-1915--fk--024.xml	18	https://betalab.kb.se/prot-1915--fk--24/prot_1915__fk__24-018.jp2/_view	https://github.com/welfare-state-analytics/riksdagen-corpus/blob/main/corpus/protocols/1915/prot-1915--fk--24.xml#L1525	46	1	2	med goda motiv, för en uppfattning, som utskottet icke har.		med goda motiv, för en uppfattning, som utskottet icke har.	0
data/1915/prot-1915--fk--024.xml	18	https://betalab.kb.se/prot-1915--fk--24/prot_1915__fk__24-018.jp2/_view	https://github.com/welfare-state-analytics/riksdagen-corpus/blob/main/corpus/protocols/1915/prot-1915--fk--24.xml#L1525	46	1	6	utskottet, då kammaren vet, hurudan utskottets ställning till		utskottet, då kammaren vet, hurudan utskottets ställning till	0
data/1915/prot-1915--fk--024.xml	18	https://betalab.kb.se/prot-1915--fk--24/prot_1915__fk__24-018.jp2/_view	https://github.com/welfare-state-analytics/riksdagen-corpus/blob/main/corpus/protocols/1915/prot-1915--fk--24.xml#L1525	46	1	33	har utan simulation deltagit i applåderna. Jag tror som sagt att		har utan simulation deltagit i applåderna. jag tror som sagt att	0
data/1916/prot-1916--ak--044.xml	43	https://betalab.kb.se/prot-1916--ak--44/prot_1916__ak__44-043.jp2/_view	https://github.com/welfare-state-analytics/riksdagen-corpus/blob/main/corpus/protocols/1916/prot-1916--ak--44.xml#L3442	48	1	2	Jag är övertygad om att ofantligt många av Sveriges uppfost.		jag är övertygad om, att ofantligt många av sveriges uppfost	2
data/1916/prot-1916--ak--044.xml	43	https://betalab.kb.se/prot-1916--ak--44/prot_1916__ak__44-043.jp2/_view	https://github.com/welfare-state-analytics/riksdagen-corpus/blob/main/corpus/protocols/1916/prot-1916--ak--44.xml#L3442	48	1	10	näst siste talaren påstod, att det icke kunde bestridas, att det sed-		näst siste talaren påstod, att det icke kunde bestridas, att det sedl	1
data/1916/prot-1916--ak--044.xml	43	https://betalab.kb.se/prot-1916--ak--44/prot_1916__ak__44-043.jp2/_view	https://github.com/welfare-state-analytics/riksdagen-corpus/blob/main/corpus/protocols/1916/prot-1916--ak--44.xml#L3442	48	1	32	påstås, att dessa missförhållanden, på det hela taget, nu börja giva		 påstås, att dessa missförhållanden, på det hela taget, nu böra giva	2
data/1916/prot-1916--ak--007.xml	61	https://betalab.kb.se/prot-1916--ak--7/prot_1916__ak__7-061.jp2/_view	https://github.com/welfare-state-analytics/riksdagen-corpus/blob/main/corpus/protocols/1916/prot-1916--ak--7.xml#L4731	50	1	22	tetsvakten, dels också ingått vad han kallade en slags överenskom-		tetsvakten, dels också ingått vad han kallade en slags överenskomm	1
data/1916/prot-1916--ak--007.xml	61	https://betalab.kb.se/prot-1916--ak--7/prot_1916__ak__7-061.jp2/_view	https://github.com/welfare-state-analytics/riksdagen-corpus/blob/main/corpus/protocols/1916/prot-1916--ak--7.xml#L4731	50	1	33	ledamöterna inom statsutskottet känna någonting till saken.		ledamöterna inom statsutskottet känna någonting till saken.	0
data/1916/prot-1916--ak--007.xml	61	https://betalab.kb.se/prot-1916--ak--7/prot_1916__ak__7-061.jp2/_view	https://github.com/welfare-state-analytics/riksdagen-corpus/blob/main/corpus/protocols/1916/prot-1916--ak--7.xml#L4731	50	1	44	de skulle på något sätt träda i stället för riksdagen själv i en så vital		de skulle på något sätt träda i stället för riksdagen själv i en så vital	0
data/1916/prot-1916--ak--093.xml	19	https://betalab.kb.se/prot-1916--ak--93/prot_1916__ak__93-019.jp2/_view	https://github.com/welfare-state-analytics/riksdagen-corpus/blob/main/corpus/protocols/1916/prot-1916--ak--93.xml#L1753	48	1	1	Nr 93. 20 Onsdagen den 7 juni.		nr 98. 54 onsdagen den 7 juni.	3
data/1916/prot-1916--ak--093.xml	19	https://betalab.kb.se/prot-1916--ak--93/prot_1916__ak__93-019.jp2/_view	https://github.com/welfare-state-analytics/riksdagen-corpus/blob/main/corpus/protocols/1916/prot-1916--ak--93.xml#L1753	48	1	14	mängd onödiga slitningar. Vi höra därvid sannerligen icke nå-		mängd onödiga slitningar. vi göra därvid sannerligen icke någ	2
data/1916/prot-1916--ak--093.xml	19	https://betalab.kb.se/prot-1916--ak--93/prot_1916__ak__93-019.jp2/_view	https://github.com/welfare-state-analytics/riksdagen-corpus/blob/main/corpus/protocols/1916/prot-1916--ak--93.xml#L1753	48	1	47	som jag har, att vad som från vänsterhåll påyrkas, är fördärvbrin-		som jag har, att vad som från vänsterhåll påyrkas, är fördärvbring	1
data/1916/prot-1916--fk--070.xml	28	https://betalab.kb.se/prot-1916--fk--70/prot_1916__fk__70-028.jp2/_view	https://github.com/welfare-state-analytics/riksdagen-corpus/blob/main/corpus/protocols/1916/prot-1916--fk--70.xml#L2596	50	1	9	det redan genom motionärens klipp ur professor Wohlins utredning		det redan genom motionärens klipp ur professor wohlins utredning	0
data/1916/prot-1916--fk--070.xml	28	https://betalab.kb.se/prot-1916--fk--70/prot_1916__fk__70-028.jp2/_view	https://github.com/welfare-state-analytics/riksdagen-corpus/blob/main/corpus/protocols/1916/prot-1916--fk--70.xml#L2596	50	1	46	Missförståndet nr 1 är ett fullkomligt missförstånd av professor		missförståndet nr 1 är ett fullkomligt missförstånd av professor	0
data/1916/prot-1916--fk--070.xml	28	https://betalab.kb.se/prot-1916--fk--70/prot_1916__fk__70-028.jp2/_view	https://github.com/welfare-state-analytics/riksdagen-corpus/blob/main/corpus/protocols/1916/prot-1916--fk--70.xml#L2596	50	1	50	avsättningsförhållanden. Den omständingheten att denna rent ve-		avsättningsförhållanden. den omständigheten. att denna rent ve-	2
data/1916/prot-1916--fk--081.xml	30	https://betalab.kb.se/prot-1916--fk--81/prot_1916__fk__81-030.jp2/_view	https://github.com/welfare-state-analytics/riksdagen-corpus/blob/main/corpus/protocols/1916/prot-1916--fk--81.xml#L2811	50	1	4	heter förorsakat mig stora bekymmer. Men jag har icke kunnat		heter förorsakat mig stora bekymmer. men jag har icke kunnat	0
data/1916/prot-1916--fk--081.xml	30	https://betalab.kb.se/prot-1916--fk--81/prot_1916__fk__81-030.jp2/_view	https://github.com/welfare-state-analytics/riksdagen-corpus/blob/main/corpus/protocols/1916/prot-1916--fk--81.xml#L2811	50	1	20	kerna. Jag har en annan syn på saken än han i detta fall. Man		kerna. jag har en annan syn på saken än han i detta fall. man	0
data/1916/prot-1916--fk--081.xml	30	https://betalab.kb.se/prot-1916--fk--81/prot_1916__fk__81-030.jp2/_view	https://github.com/welfare-state-analytics/riksdagen-corpus/blob/main/corpus/protocols/1916/prot-1916--fk--81.xml#L2811	50	1	43	stor roll, huru vi ha det ställt med de ekonomiska förhållandena,		stor roll, huru vi ha det ställt med de ekonomiska förhållandena,	0
data/1917/prot-1917--ak--021.xml	22	https://betalab.kb.se/prot-1917--ak--21/prot_1917__ak__21-022.jp2/_view	https://github.com/welfare-state-analytics/riksdagen-corpus/blob/main/corpus/protocols/1917/prot-1917--ak--21.xml#L2145	47	1	20	ersättning för utlagt kapital på hysbyggnader, kreatur m. m. och		ersättning för utlagt kapital på husbyggnader, kreatur m. m. och	1
data/1917/prot-1917--ak--021.xml	22	https://betalab.kb.se/prot-1917--ak--21/prot_1917__ak__21-022.jp2/_view	https://github.com/welfare-state-analytics/riksdagen-corpus/blob/main/corpus/protocols/1917/prot-1917--ak--21.xml#L2145	47	1	29	Det förefaller mig, som herr Andersson i Knäppinge icke följt med		det förefaller mig, som herr andersson i knäppinge icke följt med	0
data/1917/prot-1917--ak--021.xml	22	https://betalab.kb.se/prot-1917--ak--21/prot_1917__ak__21-022.jp2/_view	https://github.com/welfare-state-analytics/riksdagen-corpus/blob/main/corpus/protocols/1917/prot-1917--ak--21.xml#L2145	47	1	45	i handling visa sina goda vilja. Tyvärr medförde dessa förhand-		 i handling visa sin goda vilja. tyvärr medförde dessa förhandl	3
data/1917/prot-1917--ak--051.xml	21	https://betalab.kb.se/prot-1917--ak--51/prot_1917__ak__51-021.jp2/_view	https://github.com/welfare-state-analytics/riksdagen-corpus/blob/main/corpus/protocols/1917/prot-1917--ak--51.xml#L1906	37	1	18	sorisk löneförbättring för extra tjänsteinnehavare hos överstårhållar-		 sorisk löneförbättring för extra tjänstinnehavare hos överståthållar-	3
data/1917/prot-1917--ak--051.xml	21	https://betalab.kb.se/prot-1917--ak--51/prot_1917__ak__51-021.jp2/_view	https://github.com/welfare-state-analytics/riksdagen-corpus/blob/main/corpus/protocols/1917/prot-1917--ak--51.xml#L1906	37	1	28	landshövdingeresidensens uppvärmning.		landshövdingeresidensens uppvärmning.	0
data/1917/prot-1917--ak--051.xml	21	https://betalab.kb.se/prot-1917--ak--51/prot_1917__ak__51-021.jp2/_view	https://github.com/welfare-state-analytics/riksdagen-corpus/blob/main/corpus/protocols/1917/prot-1917--ak--51.xml#L1906	37	1	35	ning I hans boställslägenhet, denna skyldighet skulle bortfalla, såvitt		ning i hans boställslägenhet, denna skyldighet skulle bortfalla, såvitt	0
data/1917/prot-1917--ak--006.xml	17	https://betalab.kb.se/prot-1917--ak--6/prot_1917__ak__6-017.jp2/_view	https://github.com/welfare-state-analytics/riksdagen-corpus/blob/main/corpus/protocols/1917/prot-1917--ak--6.xml#L1378	50	1	8	belopp, 20 miljoner kronor. Det uppgives med bestämhet- och		belopp, 20 miljoner kronor. det uppgives med bestämdhet - o	4
data/1917/prot-1917--ak--006.xml	17	https://betalab.kb.se/prot-1917--ak--6/prot_1917__ak__6-017.jp2/_view	https://github.com/welfare-state-analytics/riksdagen-corpus/blob/main/corpus/protocols/1917/prot-1917--ak--6.xml#L1378	50	1	11	att regeringen hade för avsikt att låta denna kredit ökas ut med		att regeringen hade för avsikt att låta denna kredit ökas ut med	0
data/1917/prot-1917--ak--006.xml	17	https://betalab.kb.se/prot-1917--ak--6/prot_1917__ak__6-017.jp2/_view	https://github.com/welfare-state-analytics/riksdagen-corpus/blob/main/corpus/protocols/1917/prot-1917--ak--6.xml#L1378	50	1	13	gående på den inslagna vägen kom att hejdas endast därigenom		gående på den inslagna vägen kom att hejdas endast därigenom	0
data/1917/prot-1917--ak--078.xml	74	https://betalab.kb.se/prot-1917--ak--78/prot_1917__ak__78-074.jp2/_view	https://github.com/welfare-state-analytics/riksdagen-corpus/blob/main/corpus/protocols/1917/prot-1917--ak--78.xml#L6568	50	1	35	Vidare vill jag säga, att om jag skulle vänta något av kvinnan		vidare vill jag säga, att om jag skulle vänta något av kvinnan	0
data/1917/prot-1917--ak--078.xml	74	https://betalab.kb.se/prot-1917--ak--78/prot_1917__ak__78-074.jp2/_view	https://github.com/welfare-state-analytics/riksdagen-corpus/blob/main/corpus/protocols/1917/prot-1917--ak--78.xml#L6568	50	1	45	inte går åt det hållet.		inte oår åt det hållet.	1
data/1917/prot-1917--ak--078.xml	74	https://betalab.kb.se/prot-1917--ak--78/prot_1917__ak__78-074.jp2/_view	https://github.com/welfare-state-analytics/riksdagen-corpus/blob/main/corpus/protocols/1917/prot-1917--ak--78.xml#L6568	50	1	48	bonne heure, låt den behålla den, men låt mig också behålla min		bonne heure, låt det behålla den, men iåt mig också behålla min	2
data/1917/prot-1917--fk--037.xml	7	https://betalab.kb.se/prot-1917--fk--37/prot_1917__fk__37-007.jp2/_view	https://github.com/welfare-state-analytics/riksdagen-corpus/blob/main/corpus/protocols/1917/prot-1917--fk--37.xml#L633	50	1	9	statsmakterna uppstått stora bekymmer varje gång de försökte lägga		 statsmakterna uppstått stora bekymmer varje gång de försökt lägga	2
data/1917/prot-1917--fk--037.xml	7	https://betalab.kb.se/prot-1917--fk--37/prot_1917__fk__37-007.jp2/_view	https://github.com/welfare-state-analytics/riksdagen-corpus/blob/main/corpus/protocols/1917/prot-1917--fk--37.xml#L633	50	1	13	varit detta: Reglera gärna brödsäd och mjöl och kaffe och socker och		varit detta: reglera gärna brödsäd och mjöl och kaffe och socker och	0
data/1917/prot-1917--fk--037.xml	7	https://betalab.kb.se/prot-1917--fk--37/prot_1917__fk__37-007.jp2/_view	https://github.com/welfare-state-analytics/riksdagen-corpus/blob/main/corpus/protocols/1917/prot-1917--fk--37.xml#L633	50	1	24	måste antagligen ha varat ett par veckor och i varje fall åtskilliga		måste antagligen ha varat ett par veckor och i varje fall åtskilliga	0
data/1917/prot-1917--fk--040.xml	8	https://betalab.kb.se/prot-1917--fk--40/prot_1917__fk__40-008.jp2/_view	https://github.com/welfare-state-analytics/riksdagen-corpus/blob/main/corpus/protocols/1917/prot-1917--fk--40.xml#L653	43	1	22	huset i Stockholm, samt		huset i stockholm, samt	0
data/1917/prot-1917--fk--040.xml	8	https://betalab.kb.se/prot-1917--fk--40/prot_1917__fk__40-008.jp2/_view	https://github.com/welfare-state-analytics/riksdagen-corpus/blob/main/corpus/protocols/1917/prot-1917--fk--40.xml#L653	43	1	24	epilektikeranstalter den 8 oktober 1915.		epileptikeranstalter den 8 oktober 1915.	1
data/1917/prot-1917--fk--040.xml	8	https://betalab.kb.se/prot-1917--fk--40/prot_1917__fk__40-008.jp2/_view	https://github.com/welfare-state-analytics/riksdagen-corpus/blob/main/corpus/protocols/1917/prot-1917--fk--40.xml#L653	43	1	34	tet, hade utskottet i nu föredragna utlåtande på anförda skäl hem-		tet, hade utskottet i nu föredragna utlåtande på anförda skäl hem-	0
data/1917/prot-1917--fk--006.xml	29	https://betalab.kb.se/prot-1917--fk--6/prot_1917__fk__6-029.jp2/_view	https://github.com/welfare-state-analytics/riksdagen-corpus/blob/main/corpus/protocols/1917/prot-1917--fk--6.xml#L2361	48	1	11	denna möjlighet till verklighet. Hela kulturen är ju i själva verket		denna möjlighet till verklighet. hela kulturen är ju i själva verket	0
data/1917/prot-1917--fk--006.xml	29	https://betalab.kb.se/prot-1917--fk--6/prot_1917__fk__6-029.jp2/_view	https://github.com/welfare-state-analytics/riksdagen-corpus/blob/main/corpus/protocols/1917/prot-1917--fk--6.xml#L2361	48	1	26	sin rätt till att få bruka den gamla torvan, som berövats eller är i		sin rätt till att få bruka den gamla torvan, som berövats eller är i	0
data/1917/prot-1917--fk--006.xml	29	https://betalab.kb.se/prot-1917--fk--6/prot_1917__fk__6-029.jp2/_view	https://github.com/welfare-state-analytics/riksdagen-corpus/blob/main/corpus/protocols/1917/prot-1917--fk--6.xml#L2361	48	1	38	ringen, huruvida den icke skulle vara I stånd att ändra dessa be-		ringen, huruvida den icke skulle vara i stånd att ändra dessa bes	1
data/1918/prot-1918--ak--052.xml	54	https://betalab.kb.se/prot-1918--ak--52/prot_1918__ak__52-054.jp2/_view	https://github.com/welfare-state-analytics/riksdagen-corpus/blob/main/corpus/protocols/1918/prot-1918--ak--52.xml#L4741	49	1	23	ha också haft anledning att nu fästa uppmärksamheten på det före-		ha också haft anledning att nu fästa uppmärksamheten på det förel	1
data/1918/prot-1918--ak--052.xml	54	https://betalab.kb.se/prot-1918--ak--52/prot_1918__ak__52-054.jp2/_view	https://github.com/welfare-state-analytics/riksdagen-corpus/blob/main/corpus/protocols/1918/prot-1918--ak--52.xml#L4741	49	1	34	kommun, borde icke få förekomma än invånarantalet uppgick		kommun, borde icke få förekomma än att invånareantalet up	10
data/1918/prot-1918--ak--052.xml	54	https://betalab.kb.se/prot-1918--ak--52/prot_1918__ak__52-054.jp2/_view	https://github.com/welfare-state-analytics/riksdagen-corpus/blob/main/corpus/protocols/1918/prot-1918--ak--52.xml#L4741	49	1	49	Jag är övertygad om att man i denna kammare haft anledning att		jag är övertygad om att man i denna kammare haft anledning att	0
data/1918/prot-1918--ak--071.xml	74	https://betalab.kb.se/prot-1918--ak--71/prot_1918__ak__71-074.jp2/_view	https://github.com/welfare-state-analytics/riksdagen-corpus/blob/main/corpus/protocols/1918/prot-1918--ak--71.xml#L6150	50	1	2	som är en betydande jordägare I Helsingland, om jag icke miss-		som är en betydande jordägare 1 helsingland, om jag icke miss-	1
data/1918/prot-1918--ak--071.xml	74	https://betalab.kb.se/prot-1918--ak--71/prot_1918__ak__71-074.jp2/_view	https://github.com/welfare-state-analytics/riksdagen-corpus/blob/main/corpus/protocols/1918/prot-1918--ak--71.xml#L6150	50	1	8	förande, som hölls av herr Sundberg, att vi på vänstersidan skulle		förande, som hölls av herr sundberg, att vi på vänstersidan skulle	0
data/1918/prot-1918--ak--071.xml	74	https://betalab.kb.se/prot-1918--ak--71/prot_1918__ak__71-074.jp2/_view	https://github.com/welfare-state-analytics/riksdagen-corpus/blob/main/corpus/protocols/1918/prot-1918--ak--71.xml#L6150	50	1	33	gäller kommunal rösträtt han skall hava möjlighet till fler röster?		gäller kommunal rösträtt han skall hava möjlighet till flera röster	2
data/1918/prot-1918--fk--045.xml	18	https://betalab.kb.se/prot-1918--fk--45/prot_1918__fk__45-018.jp2/_view	https://github.com/welfare-state-analytics/riksdagen-corpus/blob/main/corpus/protocols/1918/prot-1918--fk--45.xml#L1566	49	1	22	är reserver löpa med ränta, från den 1 juli innevarande år. Det är så-		sa reverser löpa med ränta, från den 1 juli innevarande år. det är sål	5
data/1918/prot-1918--fk--045.xml	18	https://betalab.kb.se/prot-1918--fk--45/prot_1918__fk__45-018.jp2/_view	https://github.com/welfare-state-analytics/riksdagen-corpus/blob/main/corpus/protocols/1918/prot-1918--fk--45.xml#L1566	49	1	30	stå att vinna genom att för statens räkning förvärva allmänna tele-		stå att vinna genom att för statens räkning förvärva allmänna telef	1
data/1918/prot-1918--fk--045.xml	18	https://betalab.kb.se/prot-1918--fk--45/prot_1918__fk__45-018.jp2/_view	https://github.com/welfare-state-analytics/riksdagen-corpus/blob/main/corpus/protocols/1918/prot-1918--fk--45.xml#L1566	49	1	35	utav den utredning angående allmänna telefonbolagets affärsställ-		utav den utredning angående allmänna telefonbolagets affärsställn	1
data/1918/prot-1918--fk--047.xml	74	https://betalab.kb.se/prot-1918--fk--47/prot_1918__fk__47-074.jp2/_view	https://github.com/welfare-state-analytics/riksdagen-corpus/blob/main/corpus/protocols/1918/prot-1918--fk--47.xml#L6390	46	1	18	sammansatta banko- och jordbruksutskottets utlåtande nr 1, i		sammansatta bankooch jordbruksutskottets utlåtande nr 1, i a	4
data/1918/prot-1918--fk--047.xml	74	https://betalab.kb.se/prot-1918--fk--47/prot_1918__fk__47-074.jp2/_view	https://github.com/welfare-state-analytics/riksdagen-corpus/blob/main/corpus/protocols/1918/prot-1918--fk--47.xml#L6390	46	1	19	anledning av Kungl. Maj:ts proposition angående vissa ändringar i		anledning av kungl. maj:ts proposition angående vissa ändringar i	0
data/1918/prot-1918--fk--047.xml	74	https://betalab.kb.se/prot-1918--fk--47/prot_1918__fk__47-074.jp2/_view	https://github.com/welfare-state-analytics/riksdagen-corpus/blob/main/corpus/protocols/1918/prot-1918--fk--47.xml#L6390	46	1	39	förliga befattningshavare jämte I ärendet väckta motioner; ävensom		förliga befattningshavare jämte i ärendet väckta motioner; ävensom	0
data/1919/prot-1919--ak--061.xml	100	https://betalab.kb.se/prot-1919--ak--61/prot_1919__ak__61-100.jp2/_view	https://github.com/welfare-state-analytics/riksdagen-corpus/blob/main/corpus/protocols/1919/prot-1919--ak--61.xml#L8731	50	1	41	saker.		nr 61.	5
data/1919/prot-1919--ak--061.xml	100	https://betalab.kb.se/prot-1919--ak--61/prot_1919__ak__61-100.jp2/_view	https://github.com/welfare-state-analytics/riksdagen-corpus/blob/main/corpus/protocols/1919/prot-1919--ak--61.xml#L8731	50	1	43	ett mycket intimt samband med stadsplaneväsendet, som ju sorterar		ett mycket intimt samband med stadsplaneväsendet, som ju sorterar	0
data/1919/prot-1919--ak--061.xml	100	https://betalab.kb.se/prot-1919--ak--61/prot_1919__ak__61-100.jp2/_view	https://github.com/welfare-state-analytics/riksdagen-corpus/blob/main/corpus/protocols/1919/prot-1919--ak--61.xml#L8731	50	1	49	sig överlämnat att även öva uppsikt över kartmätningarna, varpå		sig överlämnat att även öva uppsikt över kartmätningarna, varpå	0
data/1919/prot-1919--fk--015.xml	34	https://betalab.kb.se/prot-1919--fk--15/prot_1919__fk__15-034.jp2/_view	https://github.com/welfare-state-analytics/riksdagen-corpus/blob/main/corpus/protocols/1919/prot-1919--fk--15.xml#L3090	50	1	7	aktion, varvid bränslekommisionen försålt en av Kommisionen		aktion, varvid bränslekommisionen försålt en av kommissione	2
data/1919/prot-1919--fk--015.xml	34	https://betalab.kb.se/prot-1919--fk--15/prot_1919__fk__15-034.jp2/_view	https://github.com/welfare-state-analytics/riksdagen-corpus/blob/main/corpus/protocols/1919/prot-1919--fk--15.xml#L3090	50	1	29	Med anledning härav har jag anmodat bränslekommissionen		med anledning härav har jag anmodat bränslekommissionen	0
data/1919/prot-1919--fk--015.xml	34	https://betalab.kb.se/prot-1919--fk--15/prot_1919__fk__15-034.jp2/_view	https://github.com/welfare-state-analytics/riksdagen-corpus/blob/main/corpus/protocols/1919/prot-1919--fk--15.xml#L3090	50	1	30	att skyndsamtinkomma med yttrande rörande den i interpella-		att skyndsamt inkomma med yttrande rörande den i inter pell	4
data/1919/prot-1919--fk--026.xml	14	https://betalab.kb.se/prot-1919--fk--26/prot_1919__fk__26-014.jp2/_view	https://github.com/welfare-state-analytics/riksdagen-corpus/blob/main/corpus/protocols/1919/prot-1919--fk--26.xml#L1208	49	1	6	eningarnas styrelser.		eningarnas styrelser.	0
data/1919/prot-1919--fk--026.xml	14	https://betalab.kb.se/prot-1919--fk--26/prot_1919__fk__26-014.jp2/_view	https://github.com/welfare-state-analytics/riksdagen-corpus/blob/main/corpus/protocols/1919/prot-1919--fk--26.xml#L1208	49	1	12	skiljande av visst virke skall drabba endast det virke, som från-		skiljande av visst virke skall drabba endast det virke, som fråns	1
data/1919/prot-1919--fk--026.xml	14	https://betalab.kb.se/prot-1919--fk--26/prot_1919__fk__26-014.jp2/_view	https://github.com/welfare-state-analytics/riksdagen-corpus/blob/main/corpus/protocols/1919/prot-1919--fk--26.xml#L1208	49	1	33	visst virke. Ingendera vare sig Kungl. Maj:t eller utskottet, har		visst virke. ingendera, vare sig kungl. maj:t eller utskottet, ha	2
data/1890/prot-1890--ak--019.xml	0	https://betalab.kb.se/prot-1890--ak--19/prot_1890__ak__19-000.jp2/_view	https://github.com/welfare-state-analytics/riksdagen-corpus/blob/main/corpus/protocols/1890/prot-1890--ak--19.xml#L61	33	1	7	lästes:		läkare.	5
data/1890/prot-1890--ak--019.xml	0	https://betalab.kb.se/prot-1890--ak--19/prot_1890__ak__19-000.jp2/_view	https://github.com/welfare-state-analytics/riksdagen-corpus/blob/main/corpus/protocols/1890/prot-1890--ak--19.xml#L61	33	1	10	ledighet för att derunder sköta sig, intygar		ledighet för att derunder sköta sig, intygar	0
data/1890/prot-1890--ak--019.xml	0	https://betalab.kb.se/prot-1890--ak--19/prot_1890__ak__19-000.jp2/_view	https://github.com/welfare-state-analytics/riksdagen-corpus/blob/main/corpus/protocols/1890/prot-1890--ak--19.xml#L61	33	1	33	Andra Kammarens Prot. 1890, N:o 19.		andra kammarens prot. 1890. n:o 19.	1
data/1890/prot-1890--ak--040.xml	34	https://betalab.kb.se/prot-1890--ak--40/prot_1890__ak__40-034.jp2/_view	https://github.com/welfare-state-analytics/riksdagen-corpus/blob/main/corpus/protocols/1890/prot-1890--ak--40.xml#L2837	48	1	7	håller synes vara att befara, att det moraliska ansvaret för sparban-		håller synes vara att befara, att det moraliska ansvaret för sparbank	1
data/1890/prot-1890--ak--040.xml	34	https://betalab.kb.se/prot-1890--ak--40/prot_1890__ak__40-034.jp2/_view	https://github.com/welfare-state-analytics/riksdagen-corpus/blob/main/corpus/protocols/1890/prot-1890--ak--40.xml#L2837	48	1	13	ning, blefve urståndssatt att fullgöra sina förbindelser, skulden derför		tning, blefve urståndsatt att fullgöra sina förbindelser, skulden derför	2
data/1890/prot-1890--ak--040.xml	34	https://betalab.kb.se/prot-1890--ak--40/prot_1890__ak__40-034.jp2/_view	https://github.com/welfare-state-analytics/riksdagen-corpus/blob/main/corpus/protocols/1890/prot-1890--ak--40.xml#L2837	48	1	45	så får han låna. Men hur många äro väl de, ute på landsbygden,		så får han låna. men hur många äro väl de, ute på landsbygden,	0
data/1891/prot-1891--ak--029.xml	5	https://betalab.kb.se/prot-1891--ak--29/prot_1891__ak__29-005.jp2/_view	https://github.com/welfare-state-analytics/riksdagen-corpus/blob/main/corpus/protocols/1891/prot-1891--ak--29.xml#L543	44	1	13	Herr Pehrson i Törneryd: Mot hvad den föregående talaren		herr pehrson i törneryd yttrade:	28
data/1891/prot-1891--ak--029.xml	5	https://betalab.kb.se/prot-1891--ak--29/prot_1891__ak__29-005.jp2/_view	https://github.com/welfare-state-analytics/riksdagen-corpus/blob/main/corpus/protocols/1891/prot-1891--ak--29.xml#L543	44	1	16	vägars lån af staten, huru vida man vill att staten skall göra några		vägars lån af staten, huru vida man vill att staten skall göra några	0
data/1891/prot-1891--ak--029.xml	5	https://betalab.kb.se/prot-1891--ak--29/prot_1891__ak__29-005.jp2/_view	https://github.com/welfare-state-analytics/riksdagen-corpus/blob/main/corpus/protocols/1891/prot-1891--ak--29.xml#L543	44	1	25	man icke kan nedsätta räntan till 4 proc. för de enskilda jernvägarne,		man icke kan nedsätta räntan till 4 proc. för de enskilda jernvägarne,	0
data/1891/prot-1891--ak--039.xml	0	https://betalab.kb.se/prot-1891--ak--39/prot_1891__ak__39-000.jp2/_view	https://github.com/welfare-state-analytics/riksdagen-corpus/blob/main/corpus/protocols/1891/prot-1891--ak--39.xml#L61	35	1	1	Riksdagens protokoll		riksdagens protokoll	0
data/1891/prot-1891--ak--039.xml	0	https://betalab.kb.se/prot-1891--ak--39/prot_1891__ak__39-000.jp2/_view	https://github.com/welfare-state-analytics/riksdagen-corpus/blob/main/corpus/protocols/1891/prot-1891--ak--39.xml#L61	35	1	24	anledning af den motivering, utskottet begagnat för afslag å motionen,		anledning af den motivering, utskottet begagnat för afslag å motionen,	0
data/1891/prot-1891--ak--039.xml	0	https://betalab.kb.se/prot-1891--ak--39/prot_1891__ak__39-000.jp2/_view	https://github.com/welfare-state-analytics/riksdagen-corpus/blob/main/corpus/protocols/1891/prot-1891--ak--39.xml#L61	35	1	34	alltid sagt, att åstadkommandet af en verksam kontroll vore alldeles		alltid sagt, att åstadkommandet af en verksam kontroll vore alldeles	0
data/1891/prot-1891--ak--049.xml	28	https://betalab.kb.se/prot-1891--ak--49/prot_1891__ak__49-028.jp2/_view	https://github.com/welfare-state-analytics/riksdagen-corpus/blob/main/corpus/protocols/1891/prot-1891--ak--49.xml#L2350	47	1	21	999 kronor, är han fri; men om det är tre, få de betala. Härvid		999 kronor, är han fri; men om det är tre, få de betala. härvid	0
data/1891/prot-1891--ak--049.xml	28	https://betalab.kb.se/prot-1891--ak--49/prot_1891__ak__49-028.jp2/_view	https://github.com/welfare-state-analytics/riksdagen-corpus/blob/main/corpus/protocols/1891/prot-1891--ak--49.xml#L2350	47	1	34	digheter förbjuda, att en person får betala ⅔ procent skatt för		digheter förbjuda, att en person får betala ”/, procent i skatt	9
data/1891/prot-1891--ak--049.xml	28	https://betalab.kb.se/prot-1891--ak--49/prot_1891__ak__49-028.jp2/_view	https://github.com/welfare-state-analytics/riksdagen-corpus/blob/main/corpus/protocols/1891/prot-1891--ak--49.xml#L2350	47	1	42	förekomma nästa vecka och då äro vi qvar hät i alla fall, om än		förekomma nästa vecka, och då äro vi qvar här i alla fall, om ä	3
data/1892/prot-1892--ak--014.xml	11	https://betalab.kb.se/prot-1892--ak--14/prot_1892__ak__14-011.jp2/_view	https://github.com/welfare-state-analytics/riksdagen-corpus/blob/main/corpus/protocols/1892/prot-1892--ak--14.xml#L906	48	1	8	rum i tullen å spanmål, kommer också det mjöl som förmales		rum i tullen å spanmål, kommer också det mjöl, som förmale	2
data/1892/prot-1892--ak--014.xml	11	https://betalab.kb.se/prot-1892--ak--14/prot_1892__ak__14-011.jp2/_view	https://github.com/welfare-state-analytics/riksdagen-corpus/blob/main/corpus/protocols/1892/prot-1892--ak--14.xml#L906	48	1	20	med utländskt mjöl, som vid sin infördel förenligt, att, när		 med utländskt mjöl, som vid sin införsel drager en tull af 	18
data/1892/prot-1892--ak--014.xml	11	https://betalab.kb.se/prot-1892--ak--14/prot_1892__ak__14-011.jp2/_view	https://github.com/welfare-state-analytics/riksdagen-corpus/blob/main/corpus/protocols/1892/prot-1892--ak--14.xml#L906	48	1	47	skulle komma I fråga, så synnerligen mycket spanmål intagits		skulle komma i fråga, så synnerligen mycket spanmål intagits	0
data/1892/prot-1892--ak--047.xml	42	https://betalab.kb.se/prot-1892--ak--47/prot_1892__ak__47-042.jp2/_view	https://github.com/welfare-state-analytics/riksdagen-corpus/blob/main/corpus/protocols/1892/prot-1892--ak--47.xml#L3263	39	1	23	oveld och det aldrig svikande tålamod, hvarmed ni under den nu af-		oveld och det aldrig svikande tålamod, hvarmed ni under den nu afs	1
data/1892/prot-1892--ak--047.xml	42	https://betalab.kb.se/prot-1892--ak--47/prot_1892__ak__47-042.jp2/_view	https://github.com/welfare-state-analytics/riksdagen-corpus/blob/main/corpus/protocols/1892/prot-1892--ak--47.xml#L3263	39	1	26	leda kammarens förhandlingar. Ni har derigenom ytterligare ökat den		leda kammarens förhandlingar. ni har derigenom ytterligare ökat den	0
data/1892/prot-1892--ak--047.xml	42	https://betalab.kb.se/prot-1892--ak--47/prot_1892__ak__47-042.jp2/_view	https://github.com/welfare-state-analytics/riksdagen-corpus/blob/main/corpus/protocols/1892/prot-1892--ak--47.xml#L3263	39	1	30	Hvad ni slutade med, herr doktor, i edert nu yttrade tal, det		hvad ni slutade med, herr doktor, i edert nu yttrade tal, det	0
data/1893/prot-1893--ak--036.xml	24	https://betalab.kb.se/prot-1893--ak--36/prot_1893__ak__36-024.jp2/_view	https://github.com/welfare-state-analytics/riksdagen-corpus/blob/main/corpus/protocols/1893/prot-1893--ak--36.xml#L2115	47	1	25	samma vara det bästa, som kunnat åstadkommas; men det kan ju		samma vara det bästa, som kunnat åstadkommas; men det kan ju	0
data/1893/prot-1893--ak--036.xml	24	https://betalab.kb.se/prot-1893--ak--36/prot_1893__ak__36-024.jp2/_view	https://github.com/welfare-state-analytics/riksdagen-corpus/blob/main/corpus/protocols/1893/prot-1893--ak--36.xml#L2115	47	1	28	Nu säger den siste talaren, att de ifrågavarande gatorna äro		nu säger den siste talaren, att de ifrågavarande gatorna äro	0
data/1893/prot-1893--ak--036.xml	24	https://betalab.kb.se/prot-1893--ak--36/prot_1893__ak__36-024.jp2/_view	https://github.com/welfare-state-analytics/riksdagen-corpus/blob/main/corpus/protocols/1893/prot-1893--ak--36.xml#L2115	47	1	37	ordnande, betala hvarje tumsbredd jord vid Strandvägen. Detta pre-		ordnande, betala hvarje tumsbredd jord vid strandvägen. detta prej	1
data/1893/prot-1893--fk--035.xml	46	https://betalab.kb.se/prot-1893--fk--35/prot_1893__fk__35-046.jp2/_view	https://github.com/welfare-state-analytics/riksdagen-corpus/blob/main/corpus/protocols/1893/prot-1893--fk--35.xml#L3174	47	1	22	kammaren intog år 1891, får jag herr talman, yrka afslag å det		kammaren intog år 1891, får jag, herr talman, yrka afslag å de	2
data/1893/prot-1893--fk--035.xml	46	https://betalab.kb.se/prot-1893--fk--35/prot_1893__fk__35-046.jp2/_view	https://github.com/welfare-state-analytics/riksdagen-corpus/blob/main/corpus/protocols/1893/prot-1893--fk--35.xml#L3174	47	1	23	kammaren intog år 1891, får jag, herr talman, yrka afslag å det 		kammaren intog år 1891, får jag, herr talman, yrka afslag å det	0
data/1893/prot-1893--fk--035.xml	46	https://betalab.kb.se/prot-1893--fk--35/prot_1893__fk__35-046.jp2/_view	https://github.com/welfare-state-analytics/riksdagen-corpus/blob/main/corpus/protocols/1893/prot-1893--fk--35.xml#L3174	47	1	29	söker genom sitt åtgörande vinna, att en nedsättning i persontaxan		söker genom sitt åtgörande vinna, att en nedsättning i persontaxan	0
data/1893/prot-1893--fk--036.xml	26	https://betalab.kb.se/prot-1893--fk--36/prot_1893__fk__36-026.jp2/_view	https://github.com/welfare-state-analytics/riksdagen-corpus/blob/main/corpus/protocols/1893/prot-1893--fk--36.xml#L2225	43	1	22	1 stycket.		2 stycket.	1
data/1893/prot-1893--fk--036.xml	26	https://betalab.kb.se/prot-1893--fk--36/prot_1893__fk__36-026.jp2/_view	https://github.com/welfare-state-analytics/riksdagen-corpus/blob/main/corpus/protocols/1893/prot-1893--fk--36.xml#L2225	43	1	26	Enligt gällande lag skall för hvarje pastorat utses en valman för		enligt gällande lag skall för hvarje pastorat utses en valman för	0
data/1893/prot-1893--fk--036.xml	26	https://betalab.kb.se/prot-1893--fk--36/prot_1893__fk__36-026.jp2/_view	https://github.com/welfare-state-analytics/riksdagen-corpus/blob/main/corpus/protocols/1893/prot-1893--fk--36.xml#L2225	43	1	37	stå understundom icke så få svårigheter för att kunna erhålla lämp-		stå understundom icke så få svårigheter för att kunna erhålla lämpl	1
data/1895/prot-1895--ak--030.xml	24	https://betalab.kb.se/prot-1895--ak--30/prot_1895__ak__30-024.jp2/_view	https://github.com/welfare-state-analytics/riksdagen-corpus/blob/main/corpus/protocols/1895/prot-1895--ak--30.xml#L2119	50	1	6	läkare och veterinärer för de hästar och fordon, hvilka för utöf-		läkare och veterinärer för de hästar och fordon, hvilka för utöfm	1
data/1895/prot-1895--ak--030.xml	24	https://betalab.kb.se/prot-1895--ak--30/prot_1895__ak__30-024.jp2/_view	https://github.com/welfare-state-analytics/riksdagen-corpus/blob/main/corpus/protocols/1895/prot-1895--ak--30.xml#L2119	50	1	9	undantager vissa hästar för dessa personers räkning, lika nödvän-		undantager vissa hästar för dessa personers räkning, lika nödvän-	0
data/1895/prot-1895--ak--030.xml	24	https://betalab.kb.se/prot-1895--ak--30/prot_1895__ak__30-024.jp2/_view	https://github.com/welfare-state-analytics/riksdagen-corpus/blob/main/corpus/protocols/1895/prot-1895--ak--30.xml#L2119	50	1	34	skulle komma att uttagas.		skulle komma att uttagas.	0
data/1895/prot-1895--fk--017.xml	7	https://betalab.kb.se/prot-1895--fk--17/prot_1895__fk__17-007.jp2/_view	https://github.com/welfare-state-analytics/riksdagen-corpus/blob/main/corpus/protocols/1895/prot-1895--fk--17.xml#L562	49	1	22	statskassan eller den enskilde, som af hypoteksväsendet i vårt		statskassan eller den enskilde, som af hypoteksväsendet i vårt	0
data/1895/prot-1895--fk--017.xml	7	https://betalab.kb.se/prot-1895--fk--17/prot_1895__fk__17-007.jp2/_view	https://github.com/welfare-state-analytics/riksdagen-corpus/blob/main/corpus/protocols/1895/prot-1895--fk--17.xml#L562	49	1	36	förmälda belopp, 8,000,000 kronor, utan med all sannolikhet		förmälda belopp, $8,000,000 kronor, utan med all sannolikhe	2
data/1895/prot-1895--fk--017.xml	7	https://betalab.kb.se/prot-1895--fk--17/prot_1895__fk__17-007.jp2/_view	https://github.com/welfare-state-analytics/riksdagen-corpus/blob/main/corpus/protocols/1895/prot-1895--fk--17.xml#L562	49	1	49	å erhållna hypotekslån, detta icke synes stå väl tillsammans med		å erhållna hypotekslån, detta icke synes stå väl tillsammans med	0
data/1895/prot-1895--fk--030.xml	20	https://betalab.kb.se/prot-1895--fk--30/prot_1895__fk__30-020.jp2/_view	https://github.com/welfare-state-analytics/riksdagen-corpus/blob/main/corpus/protocols/1895/prot-1895--fk--30.xml#L2135	50	1	7	denna fråga är, att enligt komiténs egen beräkning skulle en dylik		denna fråga är, att enligt komiténs egen beräkning skulle en dylik	0
data/1895/prot-1895--fk--030.xml	20	https://betalab.kb.se/prot-1895--fk--30/prot_1895__fk__30-020.jp2/_view	https://github.com/welfare-state-analytics/riksdagen-corpus/blob/main/corpus/protocols/1895/prot-1895--fk--30.xml#L2135	50	1	26	jernväg till 190,585 kronor 77 öre, mot 213,426 kronor 33 öre under		jernväg till 190,585 kronor 77 öre, mot 213,426 kronor 33 öre under	0
data/1895/prot-1895--fk--030.xml	20	https://betalab.kb.se/prot-1895--fk--30/prot_1895__fk__30-020.jp2/_view	https://github.com/welfare-state-analytics/riksdagen-corpus/blob/main/corpus/protocols/1895/prot-1895--fk--30.xml#L2135	50	1	27	år 1893, således en minskning af 22,840 kronor 56 öre, hvilken minsk-		är 1893, således en minskning af 22,840 kronor 56 öre, hvilken minskn	2
data/1896/prot-1896--ak--015.xml	21	https://betalab.kb.se/prot-1896--ak--15/prot_1896__ak__15-021.jp2/_view	https://github.com/welfare-state-analytics/riksdagen-corpus/blob/main/corpus/protocols/1896/prot-1896--ak--15.xml#L1749	51	1	4	utan föregående utredning. Men nu bara herrarne hört från statsråds-		r utan föregående utredning. men nu ba herrarne hört från statsrådst	5
data/1896/prot-1896--ak--015.xml	21	https://betalab.kb.se/prot-1896--ak--15/prot_1896__ak__15-021.jp2/_view	https://github.com/welfare-state-analytics/riksdagen-corpus/blob/main/corpus/protocols/1896/prot-1896--ak--15.xml#L1749	51	1	28	har det förtroendet för jernvägsstyrelsen, att den ej föreslår några		har det förtroendet för jernvägsstyrelsen, att den ej föreslår nägra	1
data/1896/prot-1896--ak--015.xml	21	https://betalab.kb.se/prot-1896--ak--15/prot_1896__ak__15-021.jp2/_view	https://github.com/welfare-state-analytics/riksdagen-corpus/blob/main/corpus/protocols/1896/prot-1896--ak--15.xml#L1749	51	1	35	den siste talarens uppfattning af frågan. I det ursprungliga förslaget		den siste talarens uppfattning af frågan. 1 det ursprungliga förslaget	1
data/1896/prot-1896--ak--028.xml	17	https://betalab.kb.se/prot-1896--ak--28/prot_1896__ak__28-017.jp2/_view	https://github.com/welfare-state-analytics/riksdagen-corpus/blob/main/corpus/protocols/1896/prot-1896--ak--28.xml#L1433	49	1	30	I båda fallen har motionärens förslag afstyrkts, och jag tror icke		i båda fallen har motionärens förslag afstyrkts, och jag tror icke	0
data/1896/prot-1896--ak--028.xml	17	https://betalab.kb.se/prot-1896--ak--28/prot_1896__ak__28-017.jp2/_view	https://github.com/welfare-state-analytics/riksdagen-corpus/blob/main/corpus/protocols/1896/prot-1896--ak--28.xml#L1433	49	1	35	och jag tror, att det ä skäl att hålla på en sådan åsigt.		och jag tror, att det är skäl att hålla på en sådan åsigt	2
data/1896/prot-1896--ak--028.xml	17	https://betalab.kb.se/prot-1896--ak--28/prot_1896__ak__28-017.jp2/_view	https://github.com/welfare-state-analytics/riksdagen-corpus/blob/main/corpus/protocols/1896/prot-1896--ak--28.xml#L1433	49	1	40	handlagt ifrågavarande ärende, angiven förklaring rörande för-		all den ifrågavarande amanuensen kommer att tycka sig vara för	37
data/1896/prot-1896--ak--031.xml	36	https://betalab.kb.se/prot-1896--ak--31/prot_1896__ak__31-036.jp2/_view	https://github.com/welfare-state-analytics/riksdagen-corpus/blob/main/corpus/protocols/1896/prot-1896--ak--31.xml#L3137	50	1	9	kr., motsvarande en tull af 18 à 20 proc. af varans värde. Att nu,		kr., motsvarande en tull af 18 å 20 proc. af varans värde. att nu,	1
data/1896/prot-1896--ak--031.xml	36	https://betalab.kb.se/prot-1896--ak--31/prot_1896__ak__31-036.jp2/_view	https://github.com/welfare-state-analytics/riksdagen-corpus/blob/main/corpus/protocols/1896/prot-1896--ak--31.xml#L3137	50	1	25	hålles allmänheten i de mest aflägsna vrår af landet, är det, som		hålles allmänheten i de mest aflägsna vrår af landet, är det, som	0
data/1896/prot-1896--ak--031.xml	36	https://betalab.kb.se/prot-1896--ak--31/prot_1896__ak__31-036.jp2/_view	https://github.com/welfare-state-analytics/riksdagen-corpus/blob/main/corpus/protocols/1896/prot-1896--ak--31.xml#L3137	50	1	31	tullmotion, tullen å läder, andra slag, bestämmas till 65 öre och sko-		tullmotion, tullen å läder, andra slag, bestämmas till 65 öre och skot	1
data/1896/prot-1896--ak--037.xml	60	https://betalab.kb.se/prot-1896--ak--37/prot_1896__ak__37-060.jp2/_view	https://github.com/welfare-state-analytics/riksdagen-corpus/blob/main/corpus/protocols/1896/prot-1896--ak--37.xml#L4698	43	1	9	derför hemstält om en skrifvelse från Riksdagen till Kongl. Maj:t		derför hemstält om en skrifvelse från riksdagen till kongl. maj:t	0
data/1896/prot-1896--ak--037.xml	60	https://betalab.kb.se/prot-1896--ak--37/prot_1896__ak__37-060.jp2/_view	https://github.com/welfare-state-analytics/riksdagen-corpus/blob/main/corpus/protocols/1896/prot-1896--ak--37.xml#L4698	43	1	13	melser i kommunallagarna. Således synes det mig, att utskottets		melser i kommunallagarna. således synes det mig, att utskottets	0
data/1896/prot-1896--ak--037.xml	60	https://betalab.kb.se/prot-1896--ak--37/prot_1896__ak__37-060.jp2/_view	https://github.com/welfare-state-analytics/riksdagen-corpus/blob/main/corpus/protocols/1896/prot-1896--ak--37.xml#L4698	43	1	38	§ 11.		§ 11.	0
data/1896/prot-1896--fk--012.xml	26	https://betalab.kb.se/prot-1896--fk--12/prot_1896__fk__12-026.jp2/_view	https://github.com/welfare-state-analytics/riksdagen-corpus/blob/main/corpus/protocols/1896/prot-1896--fk--12.xml#L1981	41	1	1	Onsdagen den 18 Mars. 27 N:o 12.		onsdagen den 18 mars. 31 n:o 12.	2
data/1896/prot-1896--fk--012.xml	26	https://betalab.kb.se/prot-1896--fk--12/prot_1896__fk__12-026.jp2/_view	https://github.com/welfare-state-analytics/riksdagen-corpus/blob/main/corpus/protocols/1896/prot-1896--fk--12.xml#L1981	41	1	24	af tullsatsen å ifrågavarande artikel, och dett har jag icke kunna		af tullsatsen å ifrågavarande artikel, och detta har jag icke kunn	2
data/1896/prot-1896--fk--012.xml	26	https://betalab.kb.se/prot-1896--fk--12/prot_1896__fk__12-026.jp2/_view	https://github.com/welfare-state-analytics/riksdagen-corpus/blob/main/corpus/protocols/1896/prot-1896--fk--12.xml#L1981	41	1	31	jag tillhör, en missbelatenhet, som tagit sit uttryckt I frågor sådana		 jag tillhör, en missbelåtenhet, som tagit sig uttryck i frågor sådana	4
data/1896/prot-1896--fk--019.xml	67	https://betalab.kb.se/prot-1896--fk--19/prot_1896__fk__19-067.jp2/_view	https://github.com/welfare-state-analytics/riksdagen-corpus/blob/main/corpus/protocols/1896/prot-1896--fk--19.xml#L5828	40	1	11	positionen.		n:o 19.	9
data/1896/prot-1896--fk--019.xml	67	https://betalab.kb.se/prot-1896--fk--19/prot_1896__fk__19-067.jp2/_view	https://github.com/welfare-state-analytics/riksdagen-corpus/blob/main/corpus/protocols/1896/prot-1896--fk--19.xml#L5828	40	1	25	Nej — 24.		n:o 19.	6
data/1896/prot-1896--fk--019.xml	67	https://betalab.kb.se/prot-1896--fk--19/prot_1896__fk__19-067.jp2/_view	https://github.com/welfare-state-analytics/riksdagen-corpus/blob/main/corpus/protocols/1896/prot-1896--fk--19.xml#L5828	40	1	34	måtte göras i fôrhandingarna och att nästa omröstning skulle före-		måtte göras i förhandlingarna och att nästa omröstning skulle före	3
data/1896/prot-1896--fk--008.xml	12	https://betalab.kb.se/prot-1896--fk--8/prot_1896__fk__8-012.jp2/_view	https://github.com/welfare-state-analytics/riksdagen-corpus/blob/main/corpus/protocols/1896/prot-1896--fk--8.xml#L944	47	1	8	icke har velat eller kunnat komma i håg detta kyrkomötets beslut,		icke har velat eller kunnat komma i håg detta kyrkomötets beslut,	0
data/1896/prot-1896--fk--008.xml	12	https://betalab.kb.se/prot-1896--fk--8/prot_1896__fk__8-012.jp2/_view	https://github.com/welfare-state-analytics/riksdagen-corpus/blob/main/corpus/protocols/1896/prot-1896--fk--8.xml#L944	47	1	20	melse, hvarför jag yrkar bifall till lagutskottets förslag		melse, hvarför jag yrkar bifall till lagutskottets förslag	0
data/1896/prot-1896--fk--008.xml	12	https://betalab.kb.se/prot-1896--fk--8/prot_1896__fk__8-012.jp2/_view	https://github.com/welfare-state-analytics/riksdagen-corpus/blob/main/corpus/protocols/1896/prot-1896--fk--8.xml#L944	47	1	46	grund afstyrka motionen.		grund afstyrka motionen.	0
data/1897/prot-1897--ak--023.xml	17	https://betalab.kb.se/prot-1897--ak--23/prot_1897__ak__23-017.jp2/_view	https://github.com/welfare-state-analytics/riksdagen-corpus/blob/main/corpus/protocols/1897/prot-1897--ak--23.xml#L1430	50	1	31	I det skede, hvari frågan nu föreligger, torde med all säkerhet		i det skede, hvari frågan nu föreligger, torde med all säkerhet	0
data/1897/prot-1897--ak--023.xml	17	https://betalab.kb.se/prot-1897--ak--23/prot_1897__ak__23-017.jp2/_view	https://github.com/welfare-state-analytics/riksdagen-corpus/blob/main/corpus/protocols/1897/prot-1897--ak--23.xml#L1430	50	1	40	marne i Norrbottens län till en nyttig användning, och förslag i det		marne i norrbottens län till en nyttig användning, och förslag i det	0
data/1897/prot-1897--ak--023.xml	17	https://betalab.kb.se/prot-1897--ak--23/prot_1897__ak__23-017.jp2/_view	https://github.com/welfare-state-analytics/riksdagen-corpus/blob/main/corpus/protocols/1897/prot-1897--ak--23.xml#L1430	50	1	50	kan hafva ett finger med vid reglerandet af utvecklingen, ja, då har		kan hafva ett finger med vid reglerandet af utvecklingen, ja, då har	0
data/1897/prot-1897--ak--024.xml	69	https://betalab.kb.se/prot-1897--ak--24/prot_1897__ak__24-069.jp2/_view	https://github.com/welfare-state-analytics/riksdagen-corpus/blob/main/corpus/protocols/1897/prot-1897--ak--24.xml#L5631	42	1	31	Vinner nej, har kammaren, med afslag å utskottets hemställan,		vinner nej, har kammaren, med afslag å utskottets hemställan,	0
data/1897/prot-1897--ak--024.xml	69	https://betalab.kb.se/prot-1897--ak--24/prot_1897__ak__24-069.jp2/_view	https://github.com/welfare-state-analytics/riksdagen-corpus/blob/main/corpus/protocols/1897/prot-1897--ak--24.xml#L5631	42	1	34	Votering utföll med 138 ja mot 56 nej; varande alltså ut-		voteringen utföll med 138 ja mot 56 nej; varande alltså u	4
data/1897/prot-1897--ak--024.xml	69	https://betalab.kb.se/prot-1897--ak--24/prot_1897__ak__24-069.jp2/_view	https://github.com/welfare-state-analytics/riksdagen-corpus/blob/main/corpus/protocols/1897/prot-1897--ak--24.xml#L5631	42	1	38	Kammaren ledamöter åtskildes kl 4,5 e. m.		kammarens ledamöter åtskildes kl. 4,5 e. 	4
data/1897/prot-1897--ak--035.xml	28	https://betalab.kb.se/prot-1897--ak--35/prot_1897__ak__35-028.jp2/_view	https://github.com/welfare-state-analytics/riksdagen-corpus/blob/main/corpus/protocols/1897/prot-1897--ak--35.xml#L2320	51	1	13	Men hvad är det nu, man är så rädd för? Man är rädd för,		men hvad är det nu, man är så rädd för? man är rädd för,	0
data/1897/prot-1897--ak--035.xml	28	https://betalab.kb.se/prot-1897--ak--35/prot_1897__ak__35-028.jp2/_view	https://github.com/welfare-state-analytics/riksdagen-corpus/blob/main/corpus/protocols/1897/prot-1897--ak--35.xml#L2320	51	1	25	om, när man betraktar slagthusafgiterna vid 50 slagthus i Tysk-		ättad statistik öfver slagthusafgifterna vid 50 slagthus i tysk	22
data/1897/prot-1897--ak--035.xml	28	https://betalab.kb.se/prot-1897--ak--35/prot_1897__ak__35-028.jp2/_view	https://github.com/welfare-state-analytics/riksdagen-corpus/blob/main/corpus/protocols/1897/prot-1897--ak--35.xml#L2320	51	1	45	utskottets förra betänkande inkommit, åtföljdt af herr Ohlssons		utskottets förra betänkande inkommit, åtföljdt af herr ohlssons	0
data/1897/prot-1897--fk--016.xml	44	https://betalab.kb.se/prot-1897--fk--16/prot_1897__fk__16-044.jp2/_view	https://github.com/welfare-state-analytics/riksdagen-corpus/blob/main/corpus/protocols/1897/prot-1897--fk--16.xml#L3758	49	1	9	för metallindustrien? Det har nu, såsom herr statsrådet och chefen		för metallindustrien? det har nu, såsom herr statsrådet och chefen	0
data/1897/prot-1897--fk--016.xml	44	https://betalab.kb.se/prot-1897--fk--16/prot_1897__fk__16-044.jp2/_view	https://github.com/welfare-state-analytics/riksdagen-corpus/blob/main/corpus/protocols/1897/prot-1897--fk--16.xml#L3758	49	1	29	modell från utlandet, och denna afgift anse de försvinnande liten i		modell från utlandet, och denna afgift anse de försvinnande liten i	0
data/1897/prot-1897--fk--016.xml	44	https://betalab.kb.se/prot-1897--fk--16/prot_1897__fk__16-044.jp2/_view	https://github.com/welfare-state-analytics/riksdagen-corpus/blob/main/corpus/protocols/1897/prot-1897--fk--16.xml#L3758	49	1	33	vid våra tekniska skolor, här i landet just till följd deraf, att något		vid våra tekniska skolor, här i landet just till följd deraf, att något	0
data/1897/prot-1897--fk--030.xml	46	https://betalab.kb.se/prot-1897--fk--30/prot_1897__fk__30-046.jp2/_view	https://github.com/welfare-state-analytics/riksdagen-corpus/blob/main/corpus/protocols/1897/prot-1897--fk--30.xml#L3687	50	1	41	om det äfven förekommer här och der ett sådant fall, så tror jag,		om det äfven förekommer här och der ett sådant fall, så tror jag,	0
data/1897/prot-1897--fk--030.xml	46	https://betalab.kb.se/prot-1897--fk--30/prot_1897__fk__30-046.jp2/_view	https://github.com/welfare-state-analytics/riksdagen-corpus/blob/main/corpus/protocols/1897/prot-1897--fk--30.xml#L3687	50	1	44	liga statens embets- och tjentemän, civila såväl som militära. Att		tliga statens embetsoch tjenstemän, civila såväl som militära. att	4
data/1897/prot-1897--fk--030.xml	46	https://betalab.kb.se/prot-1897--fk--30/prot_1897__fk__30-046.jp2/_view	https://github.com/welfare-state-analytics/riksdagen-corpus/blob/main/corpus/protocols/1897/prot-1897--fk--30.xml#L3687	50	1	46	göra en sådan utredning är icke någon lätt sak, och när Första Kam-		göra en sådan utredning är icke någon lätt sak, och när första kamm	1
data/1898/prot-1898--ak--031.xml	72	https://betalab.kb.se/prot-1898--ak--31/prot_1898__ak__31-072.jp2/_view	https://github.com/welfare-state-analytics/riksdagen-corpus/blob/main/corpus/protocols/1898/prot-1898--ak--31.xml#L5647	47	1	7	tvärt om göra ett positivt förslag, nemligen att regeringen till nästa		tvärt om göra ett positivt förslag, nemligen att regeringen till nästa	0
data/1898/prot-1898--ak--031.xml	72	https://betalab.kb.se/prot-1898--ak--31/prot_1898__ak__31-072.jp2/_view	https://github.com/welfare-state-analytics/riksdagen-corpus/blob/main/corpus/protocols/1898/prot-1898--ak--31.xml#L5647	47	1	18	jag säga från min ståndpunkt — som då komme att framställas,		jag säga från min ståndpunkt - som då komme att framställas,	0
data/1898/prot-1898--ak--031.xml	73	https://betalab.kb.se/prot-1898--ak--31/prot_1898__ak__31-073.jp2/_view	https://github.com/welfare-state-analytics/riksdagen-corpus/blob/main/corpus/protocols/1898/prot-1898--ak--31.xml#L5724	46	1	29	holms stad. För min del vågar jag påstå, att af handligarna fram-		holms stad. för min del vågar jag påstå, att af handlingarna fram	2
data/1898/prot-1898--ak--031.xml	72	https://betalab.kb.se/prot-1898--ak--31/prot_1898__ak__31-072.jp2/_view	https://github.com/welfare-state-analytics/riksdagen-corpus/blob/main/corpus/protocols/1898/prot-1898--ak--31.xml#L5647	47	1	30	olyckor, som nyss beskrefvos af en af de senaste talarne, skulle stå		olyckor, som nyss beskrefvos af en af de senaste talarne, skulle stå	0
data/1898/prot-1898--ak--031.xml	73	https://betalab.kb.se/prot-1898--ak--31/prot_1898__ak__31-073.jp2/_view	https://github.com/welfare-state-analytics/riksdagen-corpus/blob/main/corpus/protocols/1898/prot-1898--ak--31.xml#L5724	46	1	37	nytt teaterhus, och då kan det hända, att statens nya hus kommer		nytt teaterhus, och då kan det hända, att statens nya hus kommer	0
data/1898/prot-1898--ak--031.xml	73	https://betalab.kb.se/prot-1898--ak--31/prot_1898__ak__31-073.jp2/_view	https://github.com/welfare-state-analytics/riksdagen-corpus/blob/main/corpus/protocols/1898/prot-1898--ak--31.xml#L5724	46	1	43	friheten att begränsa, skulle komma att öfverskridas, Riksdagen		friheten att begränsa, skulle komma att öfverskridas, riksdagen	0
data/1899/prot-1899--ak--017.xml	32	https://betalab.kb.se/prot-1899--ak--17/prot_1899__ak__17-032.jp2/_view	https://github.com/welfare-state-analytics/riksdagen-corpus/blob/main/corpus/protocols/1899/prot-1899--ak--17.xml#L2704	45	1	3	Fredholm i hans yrkande om återremiss.		fredholm i hans yrkande om återremiss.	0
data/1899/prot-1899--ak--017.xml	32	https://betalab.kb.se/prot-1899--ak--17/prot_1899__ak__17-032.jp2/_view	https://github.com/welfare-state-analytics/riksdagen-corpus/blob/main/corpus/protocols/1899/prot-1899--ak--17.xml#L2704	45	1	8	meningslöst i mom. d) rörande uppgift från agent för utländskt		meningslöst i mom. d) rörande uppgift från agent för utländskt	0
data/1899/prot-1899--ak--017.xml	32	https://betalab.kb.se/prot-1899--ak--17/prot_1899__ak__17-032.jp2/_view	https://github.com/welfare-state-analytics/riksdagen-corpus/blob/main/corpus/protocols/1899/prot-1899--ak--17.xml#L2704	45	1	15	om det verkligen är några afsevärda belopp, som gå till agenter		om det verkligen är några afsevärda belopp, som gå till agenter	0
data/1899/prot-1899--ak--024.xml	20	https://betalab.kb.se/prot-1899--ak--24/prot_1899__ak__24-020.jp2/_view	https://github.com/welfare-state-analytics/riksdagen-corpus/blob/main/corpus/protocols/1899/prot-1899--ak--24.xml#L1831	50	1	14	Jag har från min hemtrakt någon erfarenhet i detta stycka.		jag har från min hemtrakt någon erfarenhet i detta stycke.	1
data/1899/prot-1899--ak--024.xml	20	https://betalab.kb.se/prot-1899--ak--24/prot_1899__ak__24-020.jp2/_view	https://github.com/welfare-state-analytics/riksdagen-corpus/blob/main/corpus/protocols/1899/prot-1899--ak--24.xml#L1831	50	1	23	Kongl. Maj:t och begärde dispensrättighet att utan examen få söka 		kongl. maj:t och begärde dispensrättighet att utan examen få söka	0
data/1899/prot-1899--ak--024.xml	20	https://betalab.kb.se/prot-1899--ak--24/prot_1899__ak__24-020.jp2/_view	https://github.com/welfare-state-analytics/riksdagen-corpus/blob/main/corpus/protocols/1899/prot-1899--ak--24.xml#L1831	50	1	42	brist, som redan varat tre à fyra år, krävfer helt naturligt en mycket 		brist, som redan varat tre å fyra år, kräfver helt naturligt en mycket	3
data/1899/prot-1899--ak--031.xml	29	https://betalab.kb.se/prot-1899--ak--31/prot_1899__ak__31-029.jp2/_view	https://github.com/welfare-state-analytics/riksdagen-corpus/blob/main/corpus/protocols/1899/prot-1899--ak--31.xml#L2551	50	1	19	fördelarne i fråga om den ena eller andra af linierna, skulle vara		fördelarne i fråga om den ena eller andra af linierna, skulle vara	0
data/1899/prot-1899--ak--031.xml	29	https://betalab.kb.se/prot-1899--ak--31/prot_1899__ak__31-029.jp2/_view	https://github.com/welfare-state-analytics/riksdagen-corpus/blob/main/corpus/protocols/1899/prot-1899--ak--31.xml#L2551	50	1	20	partisk.		(forts.)	6
data/1899/prot-1899--ak--031.xml	29	https://betalab.kb.se/prot-1899--ak--31/prot_1899__ak__31-029.jp2/_view	https://github.com/welfare-state-analytics/riksdagen-corpus/blob/main/corpus/protocols/1899/prot-1899--ak--31.xml#L2551	50	1	49	köpa eller bygga helt och hållet nytt — och han uttalade sig då		köpa eller bygga helt och hållet nytt - och han uttalade sig då	0
data/198081/prot-198081--017.xml	50	https://betalab.kb.se/prot-198081--17/prot_198081__17-050.jp2/_view	https://github.com/welfare-state-analytics/riksdagen-corpus/blob/main/corpus/protocols/198081/prot-198081--17.xml#L4335	42	1	6	bl. a. motion 1794.		 bl. a. motion 1794.	1
data/198081/prot-198081--017.xml	50	https://betalab.kb.se/prot-198081--17/prot_198081__17-050.jp2/_view	https://github.com/welfare-state-analytics/riksdagen-corpus/blob/main/corpus/protocols/198081/prot-198081--17.xml#L4335	42	1	31	arrangörerna, i vilkas intresse det också ligger att det snart blir rätsida på det		arrangörerna, i vilkas intresse det också ligger att det snart blir rätsida på det	0
data/198081/prot-198081--017.xml	50	https://betalab.kb.se/prot-198081--17/prot_198081__17-050.jp2/_view	https://github.com/welfare-state-analytics/riksdagen-corpus/blob/main/corpus/protocols/198081/prot-198081--17.xml#L4335	42	1	41	Det är en fraga som berör många och som artister och arrangörer otåligt		det är en fråga som berör många och som artister och arrangörer otåligt	1
data/198081/prot-198081--041.xml	26	https://betalab.kb.se/prot-198081--41/prot_198081__41-027.jp2/_view	https://github.com/welfare-state-analytics/riksdagen-corpus/blob/main/corpus/protocols/198081/prot-198081--41.xml#L2364	44	1	8	man inte utan vidare kan genomföra en lagstiftning på det underlag som nu		man inte utan vidare kan genomföra en lagstiftning på det underlag som nu	0
data/198081/prot-198081--041.xml	26	https://betalab.kb.se/prot-198081--41/prot_198081__41-027.jp2/_view	https://github.com/welfare-state-analytics/riksdagen-corpus/blob/main/corpus/protocols/198081/prot-198081--41.xml#L2364	44	1	15	i ärendet.		nr 41	9
data/198081/prot-198081--041.xml	26	https://betalab.kb.se/prot-198081--41/prot_198081__41-027.jp2/_view	https://github.com/welfare-state-analytics/riksdagen-corpus/blob/main/corpus/protocols/198081/prot-198081--41.xml#L2364	44	1	35	samma inflytande i de utländska företagen som de har i de inhemska.		samma inflytande i de utländska företagen som de har i de inhemska.	0
data/198081/prot-198081--055.xml	31	https://betalab.kb.se/prot-198081--55/prot_198081__55-032.jp2/_view	https://github.com/welfare-state-analytics/riksdagen-corpus/blob/main/corpus/protocols/198081/prot-198081--55.xml#L2664	46	1	1	gynna televerket på sikt. Det var underförstått hela tiden, som jag uppfattade		gynna televerket på sikt. det var underförstått hela tiden, som jag uppfattade	0
data/198081/prot-198081--055.xml	31	https://betalab.kb.se/prot-198081--55/prot_198081__55-032.jp2/_view	https://github.com/welfare-state-analytics/riksdagen-corpus/blob/main/corpus/protocols/198081/prot-198081--55.xml#L2664	46	1	12	Teli, förs över I bolagsform. Egentligen anförs inte i reservationen någon		teli, förs över i bolagsform. egentligen anförs inte i reservationen någon	0
data/198081/prot-198081--055.xml	31	https://betalab.kb.se/prot-198081--55/prot_198081__55-032.jp2/_view	https://github.com/welfare-state-analytics/riksdagen-corpus/blob/main/corpus/protocols/198081/prot-198081--55.xml#L2664	46	1	29	som - notera det Bertil Zachrisson- stöds av LO, Metall, SALF, SIF och-		som - notera det bertil zachrisson - stöds av lo, metall, salf, sif och	2
data/198182/prot-198182--147.xml	5	https://betalab.kb.se/prot-198182--147/prot_198182__147-005.jp2/_view	https://github.com/welfare-state-analytics/riksdagen-corpus/blob/main/corpus/protocols/198182/prot-198182--147.xml#L480	45	1	4	medborgarskap och att den som vill bli svensk medborgarskap.		medborgarskap och att den som vill bli svensk medborgare gen	5
data/198182/prot-198182--147.xml	5	https://betalab.kb.se/prot-198182--147/prot_198182__147-005.jp2/_view	https://github.com/welfare-state-analytics/riksdagen-corpus/blob/main/corpus/protocols/198182/prot-198182--147.xml#L480	45	1	10	flera stater inte åläggas att göra militärtjänst i mer än en av dessa stater, och		flera stater inte åläggas att göra militärtjänst i mer än en av dessa stater, och	0
data/198182/prot-198182--147.xml	5	https://betalab.kb.se/prot-198182--147/prot_198182__147-005.jp2/_view	https://github.com/welfare-state-analytics/riksdagen-corpus/blob/main/corpus/protocols/198182/prot-198182--147.xml#L480	45	1	41	Anf. 3 GÖREL BOHLIN (m):		anf. 3 görel bohlin (m):	0
data/198182/prot-198182--051.xml	29	https://betalab.kb.se/prot-198182--51/prot_198182__51-029.jp2/_view	https://github.com/welfare-state-analytics/riksdagen-corpus/blob/main/corpus/protocols/198182/prot-198182--51.xml#L2674	45	1	13	känner en stor oro för framtiden, när de läser sådana här målsättningsde-		känner en stor oro för framtiden, när de läser sådana här målsättningsdek	1
data/198182/prot-198182--051.xml	29	https://betalab.kb.se/prot-198182--51/prot_198182__51-029.jp2/_view	https://github.com/welfare-state-analytics/riksdagen-corpus/blob/main/corpus/protocols/198182/prot-198182--51.xml#L2674	45	1	40	dit inom ramen för redan befintliga platser. Sedan Samhällsföretag kom till har		har skett inom ramen för befintliga platser. sedan samhällsföretag kom till har	14
data/198182/prot-198182--051.xml	29	https://betalab.kb.se/prot-198182--51/prot_198182__51-029.jp2/_view	https://github.com/welfare-state-analytics/riksdagen-corpus/blob/main/corpus/protocols/198182/prot-198182--51.xml#L2674	45	1	45	arbetsmarknaden.		 av arbetsmarknaden.	4
data/198283/prot-198283--046.xml	37	https://betalab.kb.se/prot-198283--46/prot_198283__46-038.jp2/_view	https://github.com/welfare-state-analytics/riksdagen-corpus/blob/main/corpus/protocols/198283/prot-198283--46.xml#L3250	45	1	21	prövningsförfarande som i huvudsak sammanfaller med det som borde ha		prövningsförfarande som i huvudsak sammanfaller med det som borde ha	0
data/198283/prot-198283--046.xml	37	https://betalab.kb.se/prot-198283--46/prot_198283__46-038.jp2/_view	https://github.com/welfare-state-analytics/riksdagen-corpus/blob/main/corpus/protocols/198283/prot-198283--46.xml#L3250	45	1	36	Anf. 172 ROLAND BRÄNNSTRÖM (s):		anf. 172 roland brännström (s):	0
data/198283/prot-198283--046.xml	37	https://betalab.kb.se/prot-198283--46/prot_198283__46-038.jp2/_view	https://github.com/welfare-state-analytics/riksdagen-corpus/blob/main/corpus/protocols/198283/prot-198283--46.xml#L3250	45	1	41	värnplikt, utifrån den diskussion som Kerstin Ekman har fört här?		värnplikt, utifrån den diskussion som kerstin ekman har fört här?	0
data/198384/prot-198384--128.xml	4	https://betalab.kb.se/prot-198384--128/prot_198384__128-004.jp2/_view	https://github.com/welfare-state-analytics/riksdagen-corpus/blob/main/corpus/protocols/198384/prot-198384--128.xml#L314	46	1	7	affärsdrivande företag, eftersom de investeringar som görs skall förräntas.		affärsdrivande företag, eftersom de investeringar som görs skall förräntas.	0
data/198384/prot-198384--128.xml	4	https://betalab.kb.se/prot-198384--128/prot_198384__128-004.jp2/_view	https://github.com/welfare-state-analytics/riksdagen-corpus/blob/main/corpus/protocols/198384/prot-198384--128.xml#L314	46	1	14	satsningar gjorts för en bättre järnvägstrafik på en rad olika punkter. Utöver		satsningar gjorts för en bättre järnvägstrafik på en rad olika punkter. utöver	0
data/198384/prot-198384--128.xml	4	https://betalab.kb.se/prot-198384--128/prot_198384__128-004.jp2/_view	https://github.com/welfare-state-analytics/riksdagen-corpus/blob/main/corpus/protocols/198384/prot-198384--128.xml#L314	46	1	17	tionen framläggs förslag om ytterligare 44 milj. kr. till SJ-investeringar.		tionen framläggs förslag om ytterligare 44 milj. kr. till sj-investeringar.	0
data/198384/prot-198384--013.xml	8	https://betalab.kb.se/prot-198384--13/prot_198384__13-008.jp2/_view	https://github.com/welfare-state-analytics/riksdagen-corpus/blob/main/corpus/protocols/198384/prot-198384--13.xml#L691	18	1	3	1983/84:11 och 12 till socialutskottet		1983/84:11 och 12 till socialutskottet	0
data/198384/prot-198384--013.xml	8	https://betalab.kb.se/prot-198384--13/prot_198384__13-008.jp2/_view	https://github.com/welfare-state-analytics/riksdagen-corpus/blob/main/corpus/protocols/198384/prot-198384--13.xml#L691	18	1	9	Statsbidrag till barnomsorg och social hemhjälp (prop. 1983/84:9)		statsbidrag till barnomsorg och social hemhjälp (prop. 1983/84:9)	0
data/198384/prot-198384--013.xml	8	https://betalab.kb.se/prot-198384--13/prot_198384__13-008.jp2/_view	https://github.com/welfare-state-analytics/riksdagen-corpus/blob/main/corpus/protocols/198384/prot-198384--13.xml#L691	18	1	12	1983/84:1 Vissa socialtjänstfrågor		1983/84:1 vissa socialtjänstfrågor	0
data/198485/prot-198485--025.xml	41	https://betalab.kb.se/prot-198485--25/prot_198485__25-041.jp2/_view	https://github.com/welfare-state-analytics/riksdagen-corpus/blob/main/corpus/protocols/198485/prot-198485--25.xml#L3487	11	1	3	projekt. I registret skall bl. a. finnas personliga uppfgifter om t.ex. arbetssitu-		 projekt. i registret skall bl. a. finnas personliga uppgifter omt. ex. arbetssitu-	4
data/198485/prot-198485--025.xml	41	https://betalab.kb.se/prot-198485--25/prot_198485__25-041.jp2/_view	https://github.com/welfare-state-analytics/riksdagen-corpus/blob/main/corpus/protocols/198485/prot-198485--25.xml#L3487	11	1	4	ationen, föräldrarnas nationalitet och eventuella självmordsförsök.		ationen, föräldrarnas nationalitet och eventuella självmordsförsök.	0
data/198485/prot-198485--025.xml	41	https://betalab.kb.se/prot-198485--25/prot_198485__25-041.jp2/_view	https://github.com/welfare-state-analytics/riksdagen-corpus/blob/main/corpus/protocols/198485/prot-198485--25.xml#L3487	11	1	6	Vill statsrådet medverka till att personliga uppgifter om patienters sociala		vill statsrådet medverka till att personliga uppgifter om patienters sociala	0
data/198586/prot-198586--118.xml	26	https://betalab.kb.se/prot-198586--118/prot_198586__118-027.jp2/_view	https://github.com/welfare-state-analytics/riksdagen-corpus/blob/main/corpus/protocols/198586/prot-198586--118.xml#L2208	46	1	20	vi har varandra. Jag vill bara konstatera att vi moderater också nu har		vi har varandra. jag vill bara konstatera att vi moderater också nu har	0
data/198586/prot-198586--118.xml	26	https://betalab.kb.se/prot-198586--118/prot_198586__118-027.jp2/_view	https://github.com/welfare-state-analytics/riksdagen-corpus/blob/main/corpus/protocols/198586/prot-198586--118.xml#L2208	46	1	28	annorlunda skogsdrift med ett skogsbestånd som mer präglades av mångfald.		annorlunda skogsdrift med ett skogsbestånd som mer präglades av mångfald.	0
data/198586/prot-198586--118.xml	26	https://betalab.kb.se/prot-198586--118/prot_198586__118-027.jp2/_view	https://github.com/welfare-state-analytics/riksdagen-corpus/blob/main/corpus/protocols/198586/prot-198586--118.xml#L2208	46	1	31	som inte alls blev av lägre intensitet utan kanske av högre, och det skulle		som inte alls blev av lägre intensitet utan kanske av högre, och det skulle	0
data/198586/prot-198586--144.xml	24	https://betalab.kb.se/prot-198586--144/prot_198586__144-025.jp2/_view	https://github.com/welfare-state-analytics/riksdagen-corpus/blob/main/corpus/protocols/198586/prot-198586--144.xml#L2086	45	1	5	Anf. 16 PÄR GRANSTEDT (c) replik:		anf. 16 pär granstedt (c) replik:	0
data/198586/prot-198586--144.xml	24	https://betalab.kb.se/prot-198586--144/prot_198586__144-025.jp2/_view	https://github.com/welfare-state-analytics/riksdagen-corpus/blob/main/corpus/protocols/198586/prot-198586--144.xml#L2086	45	1	16	att vi från oppositionen gärna vill tala om för regeringen hur vi anser att den		att vi från oppositionen gärna vill tala om för regeringen hur vi anser att den	0
data/198586/prot-198586--144.xml	24	https://betalab.kb.se/prot-198586--144/prot_198586__144-025.jp2/_view	https://github.com/welfare-state-analytics/riksdagen-corpus/blob/main/corpus/protocols/198586/prot-198586--144.xml#L2086	45	1	26	att göra dessa papekanden		att göra dessa påpekanden	1
data/198586/prot-198586--022.xml	17	https://betalab.kb.se/prot-198586--22/prot_198586__22-018.jp2/_view	https://github.com/welfare-state-analytics/riksdagen-corpus/blob/main/corpus/protocols/198586/prot-198586--22.xml#L1493	38	1	13	Anf. 32 INGRID HASSELSTRÖM NYVALL (fp):		anf. 32 ingrid hasselström nyvall (fp):	0
data/198586/prot-198586--022.xml	17	https://betalab.kb.se/prot-198586--22/prot_198586__22-018.jp2/_view	https://github.com/welfare-state-analytics/riksdagen-corpus/blob/main/corpus/protocols/198586/prot-198586--22.xml#L1493	38	1	31	att den inte har kommit fram i den kortfattade PM som helt nyligen		att den inte har kommit fram i den kortfattade pm som helt nyligen	0
data/198586/prot-198586--022.xml	17	https://betalab.kb.se/prot-198586--22/prot_198586__22-018.jp2/_view	https://github.com/welfare-state-analytics/riksdagen-corpus/blob/main/corpus/protocols/198586/prot-198586--22.xml#L1493	38	1	33	presenterades om det utvecklingsprogram som regeringen har antagit		presenterades om det utvecklingsprogram som regeringen har antagit	0
data/198586/prot-198586--036.xml	14	https://betalab.kb.se/prot-198586--36/prot_198586__36-015.jp2/_view	https://github.com/welfare-state-analytics/riksdagen-corpus/blob/main/corpus/protocols/198586/prot-198586--36.xml#L1360	48	1	11	arbetsmarknaden. Det finns också riktlinjer för hur det här samarbetet		arbetsmarknaden. det finns också riktlinjer för hur det här samarbetet	0
data/198586/prot-198586--036.xml	14	https://betalab.kb.se/prot-198586--36/prot_198586__36-015.jp2/_view	https://github.com/welfare-state-analytics/riksdagen-corpus/blob/main/corpus/protocols/198586/prot-198586--36.xml#L1360	48	1	22	längre.		re	5
data/198586/prot-198586--036.xml	14	https://betalab.kb.se/prot-198586--36/prot_198586__36-015.jp2/_view	https://github.com/welfare-state-analytics/riksdagen-corpus/blob/main/corpus/protocols/198586/prot-198586--36.xml#L1360	48	1	40	för att inte försöksverksamheten också kan få ske i mindre företag. När man		för att inte försöksverksamheten också kan få ske i mindre företag. när man	0
data/198586/prot-198586--050.xml	79	https://betalab.kb.se/prot-198586--50/prot_198586__50-081.jp2/_view	https://github.com/welfare-state-analytics/riksdagen-corpus/blob/main/corpus/protocols/198586/prot-198586--50.xml#L6883	46	1	1	skall granskas på motsvarande sätt av radionämnden skulle strida mot		skall granskas på motsvarande sätt av radionämnden skulle strida mot	0
data/198586/prot-198586--050.xml	79	https://betalab.kb.se/prot-198586--50/prot_198586__50-081.jp2/_view	https://github.com/welfare-state-analytics/riksdagen-corpus/blob/main/corpus/protocols/198586/prot-198586--50.xml#L6883	46	1	3	Eftersom Sveriges Radio förlagsprodukter i regel har  anknytning till		eftersom sveriges radios förlagsprodukter i regel har anknytning til	2
data/198586/prot-198586--050.xml	79	https://betalab.kb.se/prot-198586--50/prot_198586__50-081.jp2/_view	https://github.com/welfare-state-analytics/riksdagen-corpus/blob/main/corpus/protocols/198586/prot-198586--50.xml#L6883	46	1	42	hade möjlighet att vara med om den debatten - att i diskutionen om reglerna		hade möjlighet att vara med om den debatten - att i diskussionen om reglern	3
data/198687/prot-198687--104.xml	79	https://betalab.kb.se/prot-198687--104/prot_198687__104-080.jp2/_view	https://github.com/welfare-state-analytics/riksdagen-corpus/blob/main/corpus/protocols/198687/prot-198687--104.xml#L6852	37	1	19	meister m. fl. - bifölls med acklamation.		meister m. fl. - bifölls med acklamation.	0
data/198687/prot-198687--104.xml	79	https://betalab.kb.se/prot-198687--104/prot_198687__104-080.jp2/_view	https://github.com/welfare-state-analytics/riksdagen-corpus/blob/main/corpus/protocols/198687/prot-198687--104.xml#L6852	37	1	32	Mom. 26 (visa uppdragsersättningar)		mom. 26 (vissa uppdragsersättningar	2
data/198687/prot-198687--104.xml	79	https://betalab.kb.se/prot-198687--104/prot_198687__104-080.jp2/_view	https://github.com/welfare-state-analytics/riksdagen-corpus/blob/main/corpus/protocols/198687/prot-198687--104.xml#L6852	37	1	34	meister m. fl. - bifölls med acklamation.		meister m. fl. - bifölls med acklamation.	0
data/198687/prot-198687--117.xml	43	https://betalab.kb.se/prot-198687--117/prot_198687__117-044.jp2/_view	https://github.com/welfare-state-analytics/riksdagen-corpus/blob/main/corpus/protocols/198687/prot-198687--117.xml#L3656	47	1	14	Curt Franksson, utförde de första n jurtransplantationerna I Sverige och fram		 curt franksson, utförde de första njurtransplantationerna i sverige och fram	2
data/198687/prot-198687--117.xml	43	https://betalab.kb.se/prot-198687--117/prot_198687__117-044.jp2/_view	https://github.com/welfare-state-analytics/riksdagen-corpus/blob/main/corpus/protocols/198687/prot-198687--117.xml#L3656	47	1	36	Den fråga vi i dag behandlar är, som många redan sagt, inte uteslutande		den fråga vi i dag behandlar är, som många redan sagt, inte uteslutande	0
data/198687/prot-198687--117.xml	43	https://betalab.kb.se/prot-198687--117/prot_198687__117-044.jp2/_view	https://github.com/welfare-state-analytics/riksdagen-corpus/blob/main/corpus/protocols/198687/prot-198687--117.xml#L3656	47	1	47	och den föreställningen kan också återfinnas hos Karl Marx. Gäller den		och den föreställningen kan också återfinnas hos karl marx. gäller den	0
data/198687/prot-198687--135.xml	185	https://betalab.kb.se/prot-198687--135/prot_198687__135-186.jp2/_view	https://github.com/welfare-state-analytics/riksdagen-corpus/blob/main/corpus/protocols/198687/prot-198687--135.xml#L15521	44	1	11	har sagt i ett särskilt yttrande till betänkandet. Investeringskontona påmin-		har sagt i ett särskilt yttrande till betänkandet. investeringskontona påminn	1
data/198687/prot-198687--135.xml	185	https://betalab.kb.se/prot-198687--135/prot_198687__135-186.jp2/_view	https://github.com/welfare-state-analytics/riksdagen-corpus/blob/main/corpus/protocols/198687/prot-198687--135.xml#L15521	44	1	32	Man kan ju alltid diskutera kostnaderna för allemanssparandet. Det rena		man kan ju alltid diskutera kostnaderna för allemanssparandet. det rena	0
data/198687/prot-198687--135.xml	185	https://betalab.kb.se/prot-198687--135/prot_198687__135-186.jp2/_view	https://github.com/welfare-state-analytics/riksdagen-corpus/blob/main/corpus/protocols/198687/prot-198687--135.xml#L15521	44	1	35	aktiekursutvecklingen m.m.		aktiekursutvecklingen m. m	2
data/198687/prot-198687--041.xml	81	https://betalab.kb.se/prot-198687--41/prot_198687__41-082.jp2/_view	https://github.com/welfare-state-analytics/riksdagen-corpus/blob/main/corpus/protocols/198687/prot-198687--41.xml#L7266	45	1	6	anpassad studiegång i dag. Det finns inte något slags kvotering eller		anpassad studiegång i dag. det finns inte något slags kvotering eller	0
data/198687/prot-198687--041.xml	81	https://betalab.kb.se/prot-198687--41/prot_198687__41-082.jp2/_view	https://github.com/welfare-state-analytics/riksdagen-corpus/blob/main/corpus/protocols/198687/prot-198687--41.xml#L7266	45	1	13	säker på att den används när den behövs, och inte i otid, skall skolstyrelsen i		säker på att den används när den behövs, och inte i otid, skall skolstyrelsen i	0
data/198687/prot-198687--041.xml	81	https://betalab.kb.se/prot-198687--41/prot_198687__41-082.jp2/_view	https://github.com/welfare-state-analytics/riksdagen-corpus/blob/main/corpus/protocols/198687/prot-198687--41.xml#L7266	45	1	16	att delegera ifrån sig denna besvärliga uppgift och hade lagt ut den på rektors-		att delegera ifrån sig denna besvärliga uppgift och hade lagt ut den på rektorse	1
data/198687/prot-198687--046.xml	173	https://betalab.kb.se/prot-198687--46/prot_198687__46-173.jp2/_view	https://github.com/welfare-state-analytics/riksdagen-corpus/blob/main/corpus/protocols/198687/prot-198687--46.xml#L15162	31	1	10	berörda parterna motsatte sig pantsystemet - av praktiska skäl av det slag		berörda parterna motsatte sig pantsystemet - av praktiska skäl av det slag	0
data/198687/prot-198687--046.xml	173	https://betalab.kb.se/prot-198687--46/prot_198687__46-173.jp2/_view	https://github.com/welfare-state-analytics/riksdagen-corpus/blob/main/corpus/protocols/198687/prot-198687--46.xml#L15162	31	1	21	branschen ålades att på eget ansvar vidta vissa åtgärder. När de inte klarade		branschen ålades att på eget ansvar vidta vissa åtgärder. när de inte klarade	0
data/198687/prot-198687--046.xml	173	https://betalab.kb.se/prot-198687--46/prot_198687__46-173.jp2/_view	https://github.com/welfare-state-analytics/riksdagen-corpus/blob/main/corpus/protocols/198687/prot-198687--46.xml#L15162	31	1	22	Överläggningen var härmed avslutad.		överläggningen var härmed avslutad.	0
data/198788/prot-198788--116.xml	18	https://betalab.kb.se/prot-198788--116/prot_198788__116-019.jp2/_view	https://github.com/welfare-state-analytics/riksdagen-corpus/blob/main/corpus/protocols/198788/prot-198788--116.xml#L1497	48	1	31	verksamheter utan på att vi anser att det är ett allvarligt misstag att inte hålla		verksamheter utan på att vi anser att det är ett allvarligt misstag att inte hålla	0
data/198788/prot-198788--116.xml	18	https://betalab.kb.se/prot-198788--116/prot_198788__116-019.jp2/_view	https://github.com/welfare-state-analytics/riksdagen-corpus/blob/main/corpus/protocols/198788/prot-198788--116.xml#L1497	48	1	43	sierad infrastrukturdel (Banverket). som tar på sig den kostnadskrävand		sierad infrastrukturdel (banverket), som tar på sig den kostnadskrävand	1
data/198788/prot-198788--116.xml	18	https://betalab.kb.se/prot-198788--116/prot_198788__116-019.jp2/_view	https://github.com/welfare-state-analytics/riksdagen-corpus/blob/main/corpus/protocols/198788/prot-198788--116.xml#L1497	48	1	48	uppdelningen i det stora hela inte skulle göra järnvägstrafiken minde		uppdelningen i det stora hela inte skulle göra järnvägstrafiken mindr	1
data/198788/prot-198788--133.xml	66	https://betalab.kb.se/prot-198788--133/prot_198788__133-067.jp2/_view	https://github.com/welfare-state-analytics/riksdagen-corpus/blob/main/corpus/protocols/198788/prot-198788--133.xml#L5724	47	1	6	Råden var de här: Satsa inte dina pengar på en socialistisk pension, plöj ned		råden var de här: satsa inte dina pengar på en socialistisk pension, plöj ned	0
data/198788/prot-198788--133.xml	66	https://betalab.kb.se/prot-198788--133/prot_198788__133-067.jp2/_view	https://github.com/welfare-state-analytics/riksdagen-corpus/blob/main/corpus/protocols/198788/prot-198788--133.xml#L5724	47	1	10	gungstol och med en ung kvinna med ett barn I var hand. Det är klart att det		gungstol och med en ung kvinna med ett barn i var hand. det är klart att det	0
data/198788/prot-198788--133.xml	66	https://betalab.kb.se/prot-198788--133/prot_198788__133-067.jp2/_view	https://github.com/welfare-state-analytics/riksdagen-corpus/blob/main/corpus/protocols/198788/prot-198788--133.xml#L5724	47	1	24	främmande sätt. Hon menade naturlingtvis att det var på ett för centern		 främmande sätt. hon menade naturligtvis att det var på ett för centern	2
data/198788/prot-198788--007.xml	30	https://betalab.kb.se/prot-198788--7/prot_198788__7-030.jp2/_view	https://github.com/welfare-state-analytics/riksdagen-corpus/blob/main/corpus/protocols/198788/prot-198788--7.xml#L2707	42	1	14	Herr talman! Det är positivt att detta kommer att tas upp. Det blir		herr talman! det är positivt att detta kommer att tas upp. det blir	0
data/198788/prot-198788--007.xml	30	https://betalab.kb.se/prot-198788--7/prot_198788__7-030.jp2/_view	https://github.com/welfare-state-analytics/riksdagen-corpus/blob/main/corpus/protocols/198788/prot-198788--7.xml#L2707	42	1	23	inom jordbruksnäringen, att en minskning av gifterna måste komma till		inom jordbruksnäringen, att en minskning av gifterna måste komma till	0
data/198788/prot-198788--007.xml	30	https://betalab.kb.se/prot-198788--7/prot_198788__7-030.jp2/_view	https://github.com/welfare-state-analytics/riksdagen-corpus/blob/main/corpus/protocols/198788/prot-198788--7.xml#L2707	42	1	40	Enligt de uppgifter som hittills har lämnats måste landstinget höja		enligt de uppgifter som hittills har lämnats måste landstinget höja	0
data/198788/prot-198788--076.xml	3	https://betalab.kb.se/prot-198788--76/prot_198788__76-005.jp2/_view	https://github.com/welfare-state-analytics/riksdagen-corpus/blob/main/corpus/protocols/198788/prot-198788--76.xml#L276	37	1	1	1987/88:76		1987/88:76	0
data/198788/prot-198788--076.xml	3	https://betalab.kb.se/prot-198788--76/prot_198788__76-005.jp2/_view	https://github.com/welfare-state-analytics/riksdagen-corpus/blob/main/corpus/protocols/198788/prot-198788--76.xml#L276	37	1	15	för självdeklarationer. Förutsättningen för att ett sådant mera praktiskt		för självdeklarationer. förutsättningen för att ett sådant mera praktiskt	0
data/198788/prot-198788--076.xml	3	https://betalab.kb.se/prot-198788--76/prot_198788__76-005.jp2/_view	https://github.com/welfare-state-analytics/riksdagen-corpus/blob/main/corpus/protocols/198788/prot-198788--76.xml#L276	37	1	24	na i detta fall faktiskt har stor frihet att själva ordna denna uppsamling som de		rnai detta fall faktiskt har stor frihet att själva ordna denna uppsamling som de	2
data/198889/prot-198889--059.xml	152	https://betalab.kb.se/prot-198889--59/prot_198889__59-158.jp2/_view	https://github.com/welfare-state-analytics/riksdagen-corpus/blob/main/corpus/protocols/198889/prot-198889--59.xml#L12936	38	1	26	Arbetsgivaravgifterna.		arbetsgivaravgifterna 	1
data/198889/prot-198889--059.xml	152	https://betalab.kb.se/prot-198889--59/prot_198889__59-158.jp2/_view	https://github.com/welfare-state-analytics/riksdagen-corpus/blob/main/corpus/protocols/198889/prot-198889--59.xml#L12936	38	1	28	Utförsäljning av Sveriges guldreserv.		. utveckling av sveriges handelsförbi	18
data/198889/prot-198889--059.xml	152	https://betalab.kb.se/prot-198889--59/prot_198889__59-158.jp2/_view	https://github.com/welfare-state-analytics/riksdagen-corpus/blob/main/corpus/protocols/198889/prot-198889--59.xml#L12936	38	1	37	1988/89:Fi716 av Charlotte Branting och Barbro Sandberg (båda fp).		1988/89:ub829 av charlotte branting och barbro sandberg (båda fp).	5
data/198889/prot-198889--076.xml	49	https://betalab.kb.se/prot-198889--76/prot_198889__76-049.jp2/_view	https://github.com/welfare-state-analytics/riksdagen-corpus/blob/main/corpus/protocols/198889/prot-198889--76.xml#L3986	48	1	14	del, på lika villkor. Alla är vi sköra och bräckliga ibland, och alla skall vi ha		del, på lika villkor. alla är vi sköra och bräckliga ibland, och alla skall vi ha	0
data/198889/prot-198889--076.xml	49	https://betalab.kb.se/prot-198889--76/prot_198889__76-049.jp2/_view	https://github.com/welfare-state-analytics/riksdagen-corpus/blob/main/corpus/protocols/198889/prot-198889--76.xml#L3986	48	1	25	föra en sådan ekonomisk politik att människor kan skaffa sig arbete och en 		föra en sådan ekonomisk politik att människor kan skaffa sig arbete och en	0
data/198889/prot-198889--076.xml	49	https://betalab.kb.se/prot-198889--76/prot_198889__76-049.jp2/_view	https://github.com/welfare-state-analytics/riksdagen-corpus/blob/main/corpus/protocols/198889/prot-198889--76.xml#L3986	48	1	33	Man kan säga att detta är vår ideologiska grundsyn, och den ligger fast.		man kan säga att detta är vår ideologiska grundsyn, och den ligger fast.	0
data/198889/prot-198889--091.xml	64	https://betalab.kb.se/prot-198889--91/prot_198889__91-064.jp2/_view	https://github.com/welfare-state-analytics/riksdagen-corpus/blob/main/corpus/protocols/198889/prot-198889--91.xml#L5503	43	1	35	turistrådet nära sammarbetar med regionala och lokala kulturinstitutioner och		 turistrådet nära samarbetar med regionala och lokala kulturinstitutioner och	2
data/198889/prot-198889--091.xml	64	https://betalab.kb.se/prot-198889--91/prot_198889__91-064.jp2/_view	https://github.com/welfare-state-analytics/riksdagen-corpus/blob/main/corpus/protocols/198889/prot-198889--91.xml#L5503	43	1	38	dock utskottsmajoriteten ej ställt sig bakom. Jag yrkar bifall till reservation		dock utskottsmajoriteten ej ställt sig bakom. jag yrkar bifall till reservation	0
data/198889/prot-198889--091.xml	64	https://betalab.kb.se/prot-198889--91/prot_198889__91-064.jp2/_view	https://github.com/welfare-state-analytics/riksdagen-corpus/blob/main/corpus/protocols/198889/prot-198889--91.xml#L5503	43	1	39	nr 9.		69	4
data/1900/prot-1900--ak--023.xml	5	https://betalab.kb.se/prot-1900--ak--23/prot_1900__ak__23-005.jp2/_view	https://github.com/welfare-state-analytics/riksdagen-corpus/blob/main/corpus/protocols/1900/prot-1900--ak--23.xml#L366	47	1	2	Sant vore deremot, tt det obegagnade gevärets mekanism-		sant vore deremot, att det obegagnade gevärets mekanism	2
data/1900/prot-1900--ak--023.xml	5	https://betalab.kb.se/prot-1900--ak--23/prot_1900__ak__23-005.jp2/_view	https://github.com/welfare-state-analytics/riksdagen-corpus/blob/main/corpus/protocols/1900/prot-1900--ak--23.xml#L366	47	1	9	från chefen för Stockholms vapenfabrik och verkmästaren vid Stock-		från chefen för stockholms vapenfabrik och verkmästaren vid stockh	1
data/1900/prot-1900--ak--023.xml	5	https://betalab.kb.se/prot-1900--ak--23/prot_1900__ak__23-005.jp2/_view	https://github.com/welfare-state-analytics/riksdagen-corpus/blob/main/corpus/protocols/1900/prot-1900--ak--23.xml#L366	47	1	34	fabriker, komma upp till en medelaflöning, som sträcker sig längre		fabriker, komma upp till en medelaflöning, som sträcker sig längre	0
data/1900/prot-1900--ak--055.xml	19	https://betalab.kb.se/prot-1900--ak--55/prot_1900__ak__55-019.jp2/_view	https://github.com/welfare-state-analytics/riksdagen-corpus/blob/main/corpus/protocols/1900/prot-1900--ak--55.xml#L1593	45	1	2	Jag för min del yrkar bifall till det af herr Elowson fram-		jag för min del yrkar bifall till det af herr elowson fram-	0
data/1900/prot-1900--ak--055.xml	19	https://betalab.kb.se/prot-1900--ak--55/prot_1900__ak__55-019.jp2/_view	https://github.com/welfare-state-analytics/riksdagen-corpus/blob/main/corpus/protocols/1900/prot-1900--ak--55.xml#L1593	45	1	10	förstånd som ypat sig.		förstånd, som yppat si	4
data/1900/prot-1900--ak--055.xml	19	https://betalab.kb.se/prot-1900--ak--55/prot_1900__ak__55-019.jp2/_view	https://github.com/welfare-state-analytics/riksdagen-corpus/blob/main/corpus/protocols/1900/prot-1900--ak--55.xml#L1593	45	1	31	proposition.		 maj:ts proposition.	8
data/1901/prot-1901--ak--006.xml	40	https://betalab.kb.se/prot-1901--ak--6/prot_1901__ak__6-040.jp2/_view	https://github.com/welfare-state-analytics/riksdagen-corpus/blob/main/corpus/protocols/1901/prot-1901--ak--6.xml#L3455	47	1	7	detta fall tjenstgöra de såsom biträden åt kronobetjeningen, läns-		detta fall tjenstgöra de såsom biträden åt kronobetjeningen, länsm	1
data/1901/prot-1901--ak--006.xml	40	https://betalab.kb.se/prot-1901--ak--6/prot_1901__ak__6-040.jp2/_view	https://github.com/welfare-state-analytics/riksdagen-corpus/blob/main/corpus/protocols/1901/prot-1901--ak--6.xml#L3455	47	1	14	genom införandet af en liten ersättning åt nämndemän godt kunna		genom införandet af en liten ersättning åt nämndemän godt kunna	0
data/1901/prot-1901--ak--006.xml	40	https://betalab.kb.se/prot-1901--ak--6/prot_1901__ak__6-040.jp2/_view	https://github.com/welfare-state-analytics/riksdagen-corpus/blob/main/corpus/protocols/1901/prot-1901--ak--6.xml#L3455	47	1	26	Det är derför som jag I rättvisans och billighetens intresse anser		det är derför som jag i rättvisans och billighetens intresse anser	0
data/1901/prot-1901--fk--023.xml	20	https://betalab.kb.se/prot-1901--fk--23/prot_1901__fk__23-020.jp2/_view	https://github.com/welfare-state-analytics/riksdagen-corpus/blob/main/corpus/protocols/1901/prot-1901--fk--23.xml#L1631	50	1	5	penningarnes afstående en väsentlig förmån kan beredas riksdags-		penningarnes afstående en väsentlig förmån kan beredas riksdagsm	1
data/1901/prot-1901--fk--023.xml	20	https://betalab.kb.se/prot-1901--fk--23/prot_1901__fk__23-020.jp2/_view	https://github.com/welfare-state-analytics/riksdagen-corpus/blob/main/corpus/protocols/1901/prot-1901--fk--23.xml#L1631	50	1	22	af vare sig den ena eller den andra af  representationens afdel-		af vare sig den ena eller den andra af representationens afdeln	1
data/1901/prot-1901--fk--023.xml	20	https://betalab.kb.se/prot-1901--fk--23/prot_1901__fk__23-020.jp2/_view	https://github.com/welfare-state-analytics/riksdagen-corpus/blob/main/corpus/protocols/1901/prot-1901--fk--23.xml#L1631	50	1	48	af fria resor, under det att den förste talaren gjort gällande, att		af fria resor, under det att den förste talaren gjort gällande, att	0
data/1901/prot-1901--fk--036.xml	4	https://betalab.kb.se/prot-1901--fk--36/prot_1901__fk__36-004.jp2/_view	https://github.com/welfare-state-analytics/riksdagen-corpus/blob/main/corpus/protocols/1901/prot-1901--fk--36.xml#L316	41	1	19	öfverrumpling, hyste jag den öfvertygelsen att, så blottad på allt		öfverrumpling, hyste jag den öfvertygelsen, att, så blottad på all	2
data/1901/prot-1901--fk--036.xml	4	https://betalab.kb.se/prot-1901--fk--36/prot_1901__fk__36-004.jp2/_view	https://github.com/welfare-state-analytics/riksdagen-corpus/blob/main/corpus/protocols/1901/prot-1901--fk--36.xml#L316	41	1	23	omsorger; och det lättvindiga sätt, hvarpå utskottet behandlat denna		omsorger; och det lättvindiga sätt, hvarpå utskottet behandlat denna	0
data/1901/prot-1901--fk--036.xml	4	https://betalab.kb.se/prot-1901--fk--36/prot_1901__fk__36-004.jp2/_view	https://github.com/welfare-state-analytics/riksdagen-corpus/blob/main/corpus/protocols/1901/prot-1901--fk--36.xml#L316	41	1	40	Och till och med nu, sedan en vänlig, men mycket vetgirig magt		och till och med nu, sedan en vänlig, men mycket vetgirig magt	0
data/1902/prot-1902--ak--051.xml	61	https://betalab.kb.se/prot-1902--ak--51/prot_1902__ak__51-061.jp2/_view	https://github.com/welfare-state-analytics/riksdagen-corpus/blob/main/corpus/protocols/1902/prot-1902--ak--51.xml#L5099	51	1	5	nade med uppmärksamhet. Men bäst kunda jag följa honom, då han		nade med uppmärksamhet. men bäst kunde jag följa honom, då han	1
data/1902/prot-1902--ak--051.xml	61	https://betalab.kb.se/prot-1902--ak--51/prot_1902__ak__51-061.jp2/_view	https://github.com/welfare-state-analytics/riksdagen-corpus/blob/main/corpus/protocols/1902/prot-1902--ak--51.xml#L5099	51	1	25	stockholmstidning, och jag tror, att han icke är känd för att vara		stockholmstidning, och jag tror, att han icke är känd för att vara	0
data/1902/prot-1902--ak--051.xml	61	https://betalab.kb.se/prot-1902--ak--51/prot_1902__ak__51-061.jp2/_view	https://github.com/welfare-state-analytics/riksdagen-corpus/blob/main/corpus/protocols/1902/prot-1902--ak--51.xml#L5099	51	1	30	de äro fria medborgare och att de icke hållas för farlig samhällsdrägg.		de äro fria medborgare och att de icke hållas för farlig samhällsdrägg.	0
data/1903/prot-1903--ak--024.xml	37	https://betalab.kb.se/prot-1903--ak--24/prot_1903__ak__24-037.jp2/_view	https://github.com/welfare-state-analytics/riksdagen-corpus/blob/main/corpus/protocols/1903/prot-1903--ak--24.xml#L3293	50	1	22	jag är i staden eller kommer till något bankkontor på landet, får jag		jag är i staden eller kommer till något bankkontor på landet, får jag	0
data/1903/prot-1903--ak--024.xml	37	https://betalab.kb.se/prot-1903--ak--24/prot_1903__ak__24-037.jp2/_view	https://github.com/welfare-state-analytics/riksdagen-corpus/blob/main/corpus/protocols/1903/prot-1903--ak--24.xml#L3293	50	1	46	staten söker taga reda på någon betalning för de tjänster, den gör		staten söker taga reda på någon betalning för de tjänster, den gör	0
data/1903/prot-1903--ak--024.xml	37	https://betalab.kb.se/prot-1903--ak--24/prot_1903__ak__24-037.jp2/_view	https://github.com/welfare-state-analytics/riksdagen-corpus/blob/main/corpus/protocols/1903/prot-1903--ak--24.xml#L3293	50	1	48	loppet såsom i det exempel jag nyss anförde, sändes i postremissväxel.		loppet, såsom i det exempel jag nyss anförde, sändes i postremissväxel	2
data/1904/prot-1904--ak--031.xml	27	https://betalab.kb.se/prot-1904--ak--31/prot_1904__ak__31-027.jp2/_view	https://github.com/welfare-state-analytics/riksdagen-corpus/blob/main/corpus/protocols/1904/prot-1904--ak--31.xml#L2043	48	1	2	och det gick fjolårets Riksdag in på. JAg kan icke finna, att		och det gick fjolårets riksdag in på. jag kan icke finna, att	0
data/1904/prot-1904--ak--031.xml	27	https://betalab.kb.se/prot-1904--ak--31/prot_1904__ak__31-027.jp2/_view	https://github.com/welfare-state-analytics/riksdagen-corpus/blob/main/corpus/protocols/1904/prot-1904--ak--31.xml#L2043	48	1	28	att man med godt samvete kan yrka afslag å en sådan orga-		att man med godt samvete kan yrka afslag å en sådan organ	1
data/1904/prot-1904--ak--031.xml	27	https://betalab.kb.se/prot-1904--ak--31/prot_1904__ak__31-027.jp2/_view	https://github.com/welfare-state-analytics/riksdagen-corpus/blob/main/corpus/protocols/1904/prot-1904--ak--31.xml#L2043	48	1	37	endast åstadkommer rättvisa, och detta för det längre? Ty de högre,		m endast åstadkommer rättvisa, och detta för de lägre? ty de högre,	4
data/1904/prot-1904--fk--021.xml	7	https://betalab.kb.se/prot-1904--fk--21/prot_1904__fk__21-007.jp2/_view	https://github.com/welfare-state-analytics/riksdagen-corpus/blob/main/corpus/protocols/1904/prot-1904--fk--21.xml#L600	50	1	8	utvidgades genom att de få i vissa fall förrätta tjänstemannaåligganden		utvidgades genom att de få i vissa fall förrätta tjänstemannaåligganden	0
data/1904/prot-1904--fk--021.xml	7	https://betalab.kb.se/prot-1904--fk--21/prot_1904__fk__21-007.jp2/_view	https://github.com/welfare-state-analytics/riksdagen-corpus/blob/main/corpus/protocols/1904/prot-1904--fk--21.xml#L600	50	1	12	ett förslaganslag af 50 000 kronor, som till ett belopp af högst 120		ett förslagsanslag af 50,000 kronor, som till ett belopp af högst 12	3
data/1904/prot-1904--fk--021.xml	7	https://betalab.kb.se/prot-1904--fk--21/prot_1904__fk__21-007.jp2/_view	https://github.com/welfare-state-analytics/riksdagen-corpus/blob/main/corpus/protocols/1904/prot-1904--fk--21.xml#L600	50	1	43	har denna uppbördsprovision icke upphört genom löneregleringen,		har denna uppbördsprovision icke upphört genom löneregleringen,	0
data/1904/prot-1904--fk--022.xml	28	https://betalab.kb.se/prot-1904--fk--22/prot_1904__fk__22-028.jp2/_view	https://github.com/welfare-state-analytics/riksdagen-corpus/blob/main/corpus/protocols/1904/prot-1904--fk--22.xml#L2062	38	1	1	Lördagen den 27 Februari. 29 N:o 22.		lördagen den 27 februari. 29 n:o 22.	0
data/1904/prot-1904--fk--022.xml	28	https://betalab.kb.se/prot-1904--fk--22/prot_1904__fk__22-028.jp2/_view	https://github.com/welfare-state-analytics/riksdagen-corpus/blob/main/corpus/protocols/1904/prot-1904--fk--22.xml#L2062	38	1	2	afgäld kan i någon mån, verka därhän, att hypoteksbankens och		afgäld kan i någon mån, verka därhän, att hypoteksbankens och	0
data/1904/prot-1904--fk--022.xml	28	https://betalab.kb.se/prot-1904--fk--22/prot_1904__fk__22-028.jp2/_view	https://github.com/welfare-state-analytics/riksdagen-corpus/blob/main/corpus/protocols/1904/prot-1904--fk--22.xml#L2062	38	1	29	samt vidare på afslaf därå, och förklarade sig finna den förra pro-		samt vidare på afslag därå, och förklarade sig finna den förra prop	2
data/1906/prot-1906--ak--017.xml	4	https://betalab.kb.se/prot-1906--ak--17/prot_1906__ak__17-004.jp2/_view	https://github.com/welfare-state-analytics/riksdagen-corpus/blob/main/corpus/protocols/1906/prot-1906--ak--17.xml#L348	48	1	26	narie. Den af mig nyss åberopade tabellen upptager i sin tredje		narie. den af mig nyss åberopade tabellen upptager i sin tredje	0
data/1906/prot-1906--ak--017.xml	4	https://betalab.kb.se/prot-1906--ak--17/prot_1906__ak__17-004.jp2/_view	https://github.com/welfare-state-analytics/riksdagen-corpus/blob/main/corpus/protocols/1906/prot-1906--ak--17.xml#L348	48	1	40	Det har sagts att postbetjäntkåren förklarat sig nöjd med det.		det har sagts, att postbetjäntkåren förklarat sig nöjd med det	2
data/1906/prot-1906--ak--017.xml	4	https://betalab.kb.se/prot-1906--ak--17/prot_1906__ak__17-004.jp2/_view	https://github.com/welfare-state-analytics/riksdagen-corpus/blob/main/corpus/protocols/1906/prot-1906--ak--17.xml#L348	48	1	47	got annat statens verk.		got annat statens verk.	0
data/1906/prot-1906--ak--053.xml	72	https://betalab.kb.se/prot-1906--ak--53/prot_1906__ak__53-072.jp2/_view	https://github.com/welfare-state-analytics/riksdagen-corpus/blob/main/corpus/protocols/1906/prot-1906--ak--53.xml#L5515	48	1	18	stadsfullmäktige skulle komma att lämna ett dylikt medgifvande		stadsfullmäktige skulle komma att lämna ett dylikt medgifvande	0
data/1906/prot-1906--ak--053.xml	72	https://betalab.kb.se/prot-1906--ak--53/prot_1906__ak__53-072.jp2/_view	https://github.com/welfare-state-analytics/riksdagen-corpus/blob/main/corpus/protocols/1906/prot-1906--ak--53.xml#L5515	48	1	23	komma för ett helt annat ändamål än framdragande af telefon-		komna för ett helt annat ändamål än framdragande af telefonl	2
data/1906/prot-1906--ak--053.xml	72	https://betalab.kb.se/prot-1906--ak--53/prot_1906__ak__53-072.jp2/_view	https://github.com/welfare-state-analytics/riksdagen-corpus/blob/main/corpus/protocols/1906/prot-1906--ak--53.xml#L5515	48	1	30	förslaget, vill jag säga, att jag som stockholmare naturligtvis hör		förslaget, vill jag säga, att jag som stockholmare naturligtvis hör	0
data/1906/prot-1906--fk--011.xml	6	https://betalab.kb.se/prot-1906--fk--11/prot_1906__fk__11-006.jp2/_view	https://github.com/welfare-state-analytics/riksdagen-corpus/blob/main/corpus/protocols/1906/prot-1906--fk--11.xml#L423	48	1	2	Herr Andersson, Gustaf: En motion i samma ämne som		herr andersson, gustaf:	27
data/1906/prot-1906--fk--011.xml	6	https://betalab.kb.se/prot-1906--fk--11/prot_1906__fk__11-006.jp2/_view	https://github.com/welfare-state-analytics/riksdagen-corpus/blob/main/corpus/protocols/1906/prot-1906--fk--11.xml#L423	48	1	15	större butikerna redan nu vid 7-tiden på aftonen. Om man skulle		större butikerna redan nu vid 7-tiden på aftonen. om man skulle	0
data/1906/prot-1906--fk--011.xml	6	https://betalab.kb.se/prot-1906--fk--11/prot_1906__fk__11-006.jp2/_view	https://github.com/welfare-state-analytics/riksdagen-corpus/blob/main/corpus/protocols/1906/prot-1906--fk--11.xml#L423	48	1	16	få en lag om stängningstid, kan jag icke tänka mig, att en tidigare		få en lag om stängningstid, kan jag icke tänka mig, att en tidigare	0
data/1906/prot-1906--fk--033.xml	70	https://betalab.kb.se/prot-1906--fk--33/prot_1906__fk__33-070.jp2/_view	https://github.com/welfare-state-analytics/riksdagen-corpus/blob/main/corpus/protocols/1906/prot-1906--fk--33.xml#L5097	48	1	8	gång på erforderligt bränsle äfven under pågående krig eller		gång på erforderligt bränsle äfven under pågående krig eller	0
data/1906/prot-1906--fk--033.xml	70	https://betalab.kb.se/prot-1906--fk--33/prot_1906__fk__33-070.jp2/_view	https://github.com/welfare-state-analytics/riksdagen-corpus/blob/main/corpus/protocols/1906/prot-1906--fk--33.xml#L5097	48	1	21	vägar äfvensom andra för statens verk legagnade lokaler måtte,		vägar äfvensom andra för statens verk begagnade lokaler måtte,	1
data/1906/prot-1906--fk--033.xml	70	https://betalab.kb.se/prot-1906--fk--33/prot_1906__fk__33-070.jp2/_view	https://github.com/welfare-state-analytics/riksdagen-corpus/blob/main/corpus/protocols/1906/prot-1906--fk--33.xml#L5097	48	1	29	muntrande af torfskolor. Därjämte har Riksdagen beviljat en		muntrande af torfskolor. därjämte har riksdagen beviljat en	0
data/1907/prot-1907--ak--010.xml	15	https://betalab.kb.se/prot-1907--ak--10/prot_1907__ak__10-015.jp2/_view	https://github.com/welfare-state-analytics/riksdagen-corpus/blob/main/corpus/protocols/1907/prot-1907--ak--10.xml#L1255	47	1	7	Det anfördes här, att den ryska regeringen skulle genom		det anfördes här, att den ryska regeringen skulle genom	0
data/1907/prot-1907--ak--010.xml	15	https://betalab.kb.se/prot-1907--ak--10/prot_1907__ak__10-015.jp2/_view	https://github.com/welfare-state-analytics/riksdagen-corpus/blob/main/corpus/protocols/1907/prot-1907--ak--10.xml#L1255	47	1	36	här i landet fruktansvärdt frikostig. (Han syftar på den personliga)		här i landet fruktansvärdt frikostig. (han syftar på den personliga 	1
data/1907/prot-1907--ak--010.xml	15	https://betalab.kb.se/prot-1907--ak--10/prot_1907__ak__10-015.jp2/_view	https://github.com/welfare-state-analytics/riksdagen-corpus/blob/main/corpus/protocols/1907/prot-1907--ak--10.xml#L1255	47	1	44	inför det fruktansvärda ansvar, om hvilket jag tillät mig att tala i min		inför det fruktansvärda ansvar, om hvilket jag tillät mig att tala i min	0
data/1907/prot-1907--ak--019.xml	41	https://betalab.kb.se/prot-1907--ak--19/prot_1907__ak__19-041.jp2/_view	https://github.com/welfare-state-analytics/riksdagen-corpus/blob/main/corpus/protocols/1907/prot-1907--ak--19.xml#L3116	48	1	12	oriktigt. Men det kanske äfven har sitt berättigande. Jag har		oriktigt. men det kanske äfven har sitt berättigande. jag har	0
data/1907/prot-1907--ak--019.xml	41	https://betalab.kb.se/prot-1907--ak--19/prot_1907__ak__19-041.jp2/_view	https://github.com/welfare-state-analytics/riksdagen-corpus/blob/main/corpus/protocols/1907/prot-1907--ak--19.xml#L3116	48	1	28	om stammarna icke varit kända, exporten aldrig kunnat taga		om stammarna icke varit kända, exporten aldrig kunnat taga	0
data/1907/prot-1907--ak--019.xml	41	https://betalab.kb.se/prot-1907--ak--19/prot_1907__ak__19-041.jp2/_view	https://github.com/welfare-state-analytics/riksdagen-corpus/blob/main/corpus/protocols/1907/prot-1907--ak--19.xml#L3116	48	1	36	öka stammarna. Men jag hemställer till de herrar, som äro		öka stammarna. men jag hemställer till de herrar, som äro	0
data/1907/prot-1907--ak--026.xml	68	https://betalab.kb.se/prot-1907--ak--26/prot_1907__ak__26-068.jp2/_view	https://github.com/welfare-state-analytics/riksdagen-corpus/blob/main/corpus/protocols/1907/prot-1907--ak--26.xml#L5445	36	1	13	och med 25, 27, 28, 38 och 65 §§ riksdagsordningen m. m.;		och med 25, 27, 28, 38 och 65 $8 riksdagsordningen m. m.;	2
data/1907/prot-1907--ak--026.xml	68	https://betalab.kb.se/prot-1907--ak--26/prot_1907__ak__26-068.jp2/_view	https://github.com/welfare-state-analytics/riksdagen-corpus/blob/main/corpus/protocols/1907/prot-1907--ak--26.xml#L5445	36	1	25	§ 12.		§ 13.	1
data/1907/prot-1907--ak--026.xml	68	https://betalab.kb.se/prot-1907--ak--26/prot_1907__ak__26-068.jp2/_view	https://github.com/welfare-state-analytics/riksdagen-corpus/blob/main/corpus/protocols/1907/prot-1907--ak--26.xml#L5445	36	1	31	ökning af fonden för torfindustriens befrämjande;		ökning af fonden för torfindustriens befrämjande;	0
data/1907/prot-1907--ak--053.xml	0	https://betalab.kb.se/prot-1907--ak--53/prot_1907__ak__53-000.jp2/_view	https://github.com/welfare-state-analytics/riksdagen-corpus/blob/main/corpus/protocols/1907/prot-1907--ak--53.xml#L61	38	1	10	6, 7, 8, 10, 11, 13 till och med 22, 25, 28 och 38 riksdagsordningen		 6, 7 8, 10, 11, 13 till och med 22, 25, 28 och 38 riksdagsordningen	2
data/1907/prot-1907--ak--053.xml	0	https://betalab.kb.se/prot-1907--ak--53/prot_1907__ak__53-000.jp2/_view	https://github.com/welfare-state-analytics/riksdagen-corpus/blob/main/corpus/protocols/1907/prot-1907--ak--53.xml#L61	38	1	18	sas väl, den känslan tränger sig på mig, säger jag, då jag finner,		sas väl, den känslan tränger sig på mig, säger jag, då jag finner,	0
data/1907/prot-1907--ak--053.xml	0	https://betalab.kb.se/prot-1907--ak--53/prot_1907__ak__53-000.jp2/_view	https://github.com/welfare-state-analytics/riksdagen-corpus/blob/main/corpus/protocols/1907/prot-1907--ak--53.xml#L61	38	1	36	omkring det förslag, som funnit sitt uttryck i herr Hans Anderssons		omkring det förslag, som funnit sitt uttryck i herr hans anderssons	0
data/1907/prot-1907--ak--059.xml	14	https://betalab.kb.se/prot-1907--ak--59/prot_1907__ak__59-014.jp2/_view	https://github.com/welfare-state-analytics/riksdagen-corpus/blob/main/corpus/protocols/1907/prot-1907--ak--59.xml#L1191	41	1	8	position oförändrad. Men efter hvad vi nu hafva hört från stats-		position oförändrad. men efter hvad vi nu hafva hört från statsr	1
data/1907/prot-1907--ak--059.xml	14	https://betalab.kb.se/prot-1907--ak--59/prot_1907__ak__59-014.jp2/_view	https://github.com/welfare-state-analytics/riksdagen-corpus/blob/main/corpus/protocols/1907/prot-1907--ak--59.xml#L1191	41	1	9	rådsbanken, torde det icke vara behöfligt att Andra Kammaren ge-		rådsbänken, torde det icke vara behöfligt att andra kammaren gen	2
data/1907/prot-1907--ak--059.xml	14	https://betalab.kb.se/prot-1907--ak--59/prot_1907__ak__59-014.jp2/_view	https://github.com/welfare-state-analytics/riksdagen-corpus/blob/main/corpus/protocols/1907/prot-1907--ak--59.xml#L1191	41	1	39	Vidare anfördes ej. Utskottets hemställan bifölls.		vidare anfördes ej. utskottets hemställan bifölls.	0
data/1907/prot-1907--fk--018.xml	5	https://betalab.kb.se/prot-1907--fk--18/prot_1907__fk__18-005.jp2/_view	https://github.com/welfare-state-analytics/riksdagen-corpus/blob/main/corpus/protocols/1907/prot-1907--fk--18.xml#L335	48	1	19	och för beredande af hyresersättning åt de i f. d. IndeIndebetonska huset		ten och för beredande af hyresersättning åt de i f. d. indebetouska huset	9
data/1907/prot-1907--fk--018.xml	5	https://betalab.kb.se/prot-1907--fk--18/prot_1907__fk__18-005.jp2/_view	https://github.com/welfare-state-analytics/riksdagen-corpus/blob/main/corpus/protocols/1907/prot-1907--fk--18.xml#L335	48	1	21	nu boende personer disponerats ett belopp af tillhopa högst 522,200		nu boende personer disponerats ett belopp af tillhopa högst 522,200	0
data/1907/prot-1907--fk--018.xml	5	https://betalab.kb.se/prot-1907--fk--18/prot_1907__fk__18-005.jp2/_view	https://github.com/welfare-state-analytics/riksdagen-corpus/blob/main/corpus/protocols/1907/prot-1907--fk--18.xml#L335	48	1	42	till vidtagande af den ominredning och de förändrade anordningar		till vidtagande af den ominredning och de förändrade anordningar	0
data/1907/prot-1907--fk--043.xml	15	https://betalab.kb.se/prot-1907--fk--43/prot_1907__fk__43-015.jp2/_view	https://github.com/welfare-state-analytics/riksdagen-corpus/blob/main/corpus/protocols/1907/prot-1907--fk--43.xml#L1263	46	1	21	herr Fränckel: Då jag vid kammarens förra behandling af		att förvänta, att de, som vid frågans förra behandling 	26
data/1907/prot-1907--fk--043.xml	15	https://betalab.kb.se/prot-1907--fk--43/prot_1907__fk__43-015.jp2/_view	https://github.com/welfare-state-analytics/riksdagen-corpus/blob/main/corpus/protocols/1907/prot-1907--fk--43.xml#L1263	46	1	35	lördags deltog jag icke i debatten, men vid frågans slutliga afgörande		lördags deltog jag icke i debatten, men vid frågans slutliga afgörande	0
data/1907/prot-1907--fk--043.xml	15	https://betalab.kb.se/prot-1907--fk--43/prot_1907__fk__43-015.jp2/_view	https://github.com/welfare-state-analytics/riksdagen-corpus/blob/main/corpus/protocols/1907/prot-1907--fk--43.xml#L1263	46	1	40	införandet af arfvode till Första Kammarens ledamöter. Då nu		införandet af arfvode till första kammarens ledamöter. då nu	0
data/1907/prot-1907--fk--044.xml	39	https://betalab.kb.se/prot-1907--fk--44/prot_1907__fk__44-039.jp2/_view	https://github.com/welfare-state-analytics/riksdagen-corpus/blob/main/corpus/protocols/1907/prot-1907--fk--44.xml#L2881	48	1	1	N:o 44. 40 Onsdagen den 15 Maj.		40 onsdagen den 15 maj.	8
data/1907/prot-1907--fk--044.xml	39	https://betalab.kb.se/prot-1907--fk--44/prot_1907__fk__44-039.jp2/_view	https://github.com/welfare-state-analytics/riksdagen-corpus/blob/main/corpus/protocols/1907/prot-1907--fk--44.xml#L2881	48	1	20	hvilka sådana tilläggtullar icke stadgas, får man nöja sig med		hvilka sådana tilläggstullar icke stadgas, får man nöja sig me	2
data/1907/prot-1907--fk--044.xml	39	https://betalab.kb.se/prot-1907--fk--44/prot_1907__fk__44-039.jp2/_view	https://github.com/welfare-state-analytics/riksdagen-corpus/blob/main/corpus/protocols/1907/prot-1907--fk--44.xml#L2881	48	1	46	sökning af den saken. Enligt min mening är det nämligen själf-		sökning af den saken. enligt min mening är det nämligen själff	1
data/1908/prot-1908--ak--013.xml	6	https://betalab.kb.se/prot-1908--ak--13/prot_1908__ak__13-006.jp2/_view	https://github.com/welfare-state-analytics/riksdagen-corpus/blob/main/corpus/protocols/1908/prot-1908--ak--13.xml#L523	48	1	11	behofvet påkalladt, utan vederbörande kommunalmyndigheters hörande.		behofvet påkalladt, utan vederbörande kommunalmyndigheters hörande,	1
data/1908/prot-1908--ak--013.xml	6	https://betalab.kb.se/prot-1908--ak--13/prot_1908__ak__13-006.jp2/_view	https://github.com/welfare-state-analytics/riksdagen-corpus/blob/main/corpus/protocols/1908/prot-1908--ak--13.xml#L523	48	1	31	gifva efter för den åskådning, som gör sig gällande, att ett sådant		gifva efter för den åskådning, som gör sig gällande, att ett sådant	0
data/1908/prot-1908--ak--013.xml	6	https://betalab.kb.se/prot-1908--ak--13/prot_1908__ak__13-006.jp2/_view	https://github.com/welfare-state-analytics/riksdagen-corpus/blob/main/corpus/protocols/1908/prot-1908--ak--13.xml#L523	48	1	35	återfinnes på sidan 13 af det föreliggande betänkandet. I detta		återfinnes på sidan 13 af det föreliggande betänkandet. i detta	0
data/1908/prot-1908--ak--043.xml	51	https://betalab.kb.se/prot-1908--ak--43/prot_1908__ak__43-051.jp2/_view	https://github.com/welfare-state-analytics/riksdagen-corpus/blob/main/corpus/protocols/1908/prot-1908--ak--43.xml#L3870	48	1	23	mitté att framkomma med förslag rörande folkskoleseminariernas		mitté att framkomma med förslag rörande folkskoleseminariernas	0
data/1908/prot-1908--ak--043.xml	51	https://betalab.kb.se/prot-1908--ak--43/prot_1908__ak__43-051.jp2/_view	https://github.com/welfare-state-analytics/riksdagen-corpus/blob/main/corpus/protocols/1908/prot-1908--ak--43.xml#L3870	48	1	29	men af det uppdrag, nämnda kommittés uppgift att skaffa.		 ramen af det uppdrag, nämnda kommitté fått åt sig anför	18
data/1908/prot-1908--ak--043.xml	51	https://betalab.kb.se/prot-1908--ak--43/prot_1908__ak__43-051.jp2/_view	https://github.com/welfare-state-analytics/riksdagen-corpus/blob/main/corpus/protocols/1908/prot-1908--ak--43.xml#L3870	48	1	48	flera nya enkelseminarier. Hvilketdera sättet för tillgodoseende af		flera nya enkelseminarier. hvilketdera sättet för tillgodoseende af	0
data/1908/prot-1908--ak--062.xml	16	https://betalab.kb.se/prot-1908--ak--62/prot_1908__ak__62-016.jp2/_view	https://github.com/welfare-state-analytics/riksdagen-corpus/blob/main/corpus/protocols/1908/prot-1908--ak--62.xml#L1325	48	1	12	bud, måste det vara ett allmänt intresse, som ligger bakom. Så		bud, måste det vara ett allmänt intresse, som ligger bakom. så	0
data/1908/prot-1908--ak--062.xml	16	https://betalab.kb.se/prot-1908--ak--62/prot_1908__ak__62-016.jp2/_view	https://github.com/welfare-state-analytics/riksdagen-corpus/blob/main/corpus/protocols/1908/prot-1908--ak--62.xml#L1325	48	1	14	Såsom stöd för att det bör vara så, som Kungl. Maj:t hand-		såsom stöd för att det bör vara så, som kungl. maj:t handl	1
data/1908/prot-1908--ak--062.xml	16	https://betalab.kb.se/prot-1908--ak--62/prot_1908__ak__62-016.jp2/_view	https://github.com/welfare-state-analytics/riksdagen-corpus/blob/main/corpus/protocols/1908/prot-1908--ak--62.xml#L1325	48	1	16	hälsovårdsstadgan. Det talar om »för hälsan menliga handte-		hälsovårdsstadgan. det talar om »för hälsan menliga handter	1
data/1908/prot-1908--fk--042.xml	25	https://betalab.kb.se/prot-1908--fk--42/prot_1908__fk__42-025.jp2/_view	https://github.com/welfare-state-analytics/riksdagen-corpus/blob/main/corpus/protocols/1908/prot-1908--fk--42.xml#L2190	50	1	2	Slutligen, herr talman, har utskottet hyst betänkligheter för att		slutligen, herr talman, har utskottet hyst betänkligheter för att	0
data/1908/prot-1908--fk--042.xml	25	https://betalab.kb.se/prot-1908--fk--42/prot_1908__fk__42-025.jp2/_view	https://github.com/welfare-state-analytics/riksdagen-corpus/blob/main/corpus/protocols/1908/prot-1908--fk--42.xml#L2190	50	1	43	för hvar 30 krona af den beskattningsbara andelen af inkomsten. Om		för hvar 30 krona af den beskattningsbara andelen af inkomsten. om	0
data/1908/prot-1908--fk--042.xml	25	https://betalab.kb.se/prot-1908--fk--42/prot_1908__fk__42-025.jp2/_view	https://github.com/welfare-state-analytics/riksdagen-corpus/blob/main/corpus/protocols/1908/prot-1908--fk--42.xml#L2190	50	1	47	motionären anfört från statistiken, så finna vi, att i ett väghållnings-		motionären anfört från statistiken, så finna vi, att i ett väghållningsd	1
data/1908/prot-1908--fk--044.xml	52	https://betalab.kb.se/prot-1908--fk--44/prot_1908__fk__44-052.jp2/_view	https://github.com/welfare-state-analytics/riksdagen-corpus/blob/main/corpus/protocols/1908/prot-1908--fk--44.xml#L3789	47	1	20	länsstyrelsernas delegerade och äfven tror jag af departementschefen		länsstyrelsernas delegerade och äfven tror jag af departementschefen	0
data/1908/prot-1908--fk--044.xml	52	https://betalab.kb.se/prot-1908--fk--44/prot_1908__fk__44-052.jp2/_view	https://github.com/welfare-state-analytics/riksdagen-corpus/blob/main/corpus/protocols/1908/prot-1908--fk--44.xml#L3789	47	1	28	utförligt behandladt, men jag tillåter mig att påvisa det egendom-		utförligt behandladt, men jag tillåter mig att påvisa det egendoml	1
data/1908/prot-1908--fk--044.xml	52	https://betalab.kb.se/prot-1908--fk--44/prot_1908__fk__44-052.jp2/_view	https://github.com/welfare-state-analytics/riksdagen-corpus/blob/main/corpus/protocols/1908/prot-1908--fk--44.xml#L3789	47	1	41	än äfven inom civildepartementet särskildt tillkallade sakkunnige		än äfven inom civildepartementet särskildt tillkallade sakkunnige	0
data/1909/prot-1909--ak--054.xml	12	https://betalab.kb.se/prot-1909--ak--54/prot_1909__ak__54-012.jp2/_view	https://github.com/welfare-state-analytics/riksdagen-corpus/blob/main/corpus/protocols/1909/prot-1909--ak--54.xml#L1007	51	1	15	Dessa anspråk blifva fullkomligt oberäkneliga och i alla händel-		dessa anspråk blifva fullkomligt oberäkneliga och i alla händels	1
data/1909/prot-1909--ak--054.xml	12	https://betalab.kb.se/prot-1909--ak--54/prot_1909__ak__54-012.jp2/_view	https://github.com/welfare-state-analytics/riksdagen-corpus/blob/main/corpus/protocols/1909/prot-1909--ak--54.xml#L1007	51	1	19	jordbrukare nu tänker närmast på jordbruket och ställer mig från den		jordbrukare nu tänker närmast på jordbruket och ställer mig från den	0
data/1909/prot-1909--ak--054.xml	12	https://betalab.kb.se/prot-1909--ak--54/prot_1909__ak__54-012.jp2/_view	https://github.com/welfare-state-analytics/riksdagen-corpus/blob/main/corpus/protocols/1909/prot-1909--ak--54.xml#L1007	51	1	33	kunna vara utan sina betänkligheter. Jag tänker mig nämligen ytter-		kunna vara utan sina betänkligheter. jag tänker mig nämligen ytterl	1
data/1909/prot-1909--ak--061.xml	2	https://betalab.kb.se/prot-1909--ak--61/prot_1909__ak__61-002.jp2/_view	https://github.com/welfare-state-analytics/riksdagen-corpus/blob/main/corpus/protocols/1909/prot-1909--ak--61.xml#L203	48	1	1	Onsdagen den 12 Maj, f. m.		onsdagen den 12 maj, f. m.	0
data/1909/prot-1909--ak--061.xml	2	https://betalab.kb.se/prot-1909--ak--61/prot_1909__ak__61-002.jp2/_view	https://github.com/welfare-state-analytics/riksdagen-corpus/blob/main/corpus/protocols/1909/prot-1909--ak--61.xml#L203	48	1	43	som på annat sätt än här sägs förvärfvat sig motsvarande utbild-		som på annat sätt än här sägs förvärfvat sig motsvarande utbildn	1
data/1909/prot-1909--ak--061.xml	2	https://betalab.kb.se/prot-1909--ak--61/prot_1909__ak__61-002.jp2/_view	https://github.com/welfare-state-analytics/riksdagen-corpus/blob/main/corpus/protocols/1909/prot-1909--ak--61.xml#L203	48	1	45	förmån;		(forts.)	6
data/1909/prot-1909--ak--069.xml	27	https://betalab.kb.se/prot-1909--ak--69/prot_1909__ak__69-027.jp2/_view	https://github.com/welfare-state-analytics/riksdagen-corpus/blob/main/corpus/protocols/1909/prot-1909--ak--69.xml#L2139	48	1	8	Under den föregående diskussionen i dag har det reda erinrats,		under den föregående diskussionen i dag har det redan erinrats	2
data/1909/prot-1909--ak--069.xml	27	https://betalab.kb.se/prot-1909--ak--69/prot_1909__ak__69-027.jp2/_view	https://github.com/welfare-state-analytics/riksdagen-corpus/blob/main/corpus/protocols/1909/prot-1909--ak--69.xml#L2139	48	1	36	bruket i Norrland lägges ned, att den odlade jorden får växa igen.		bruket i norrland lägges ned, att den odlade jorden får växa igen.	0
data/1909/prot-1909--ak--069.xml	27	https://betalab.kb.se/prot-1909--ak--69/prot_1909__ak__69-027.jp2/_view	https://github.com/welfare-state-analytics/riksdagen-corpus/blob/main/corpus/protocols/1909/prot-1909--ak--69.xml#L2139	48	1	46	dem ifrågasatta inskränkningen af den föreslagna uppsikslagens till-		den ifrågasatta inskränkningen af den föreslagna uppsiktslagens till	3
data/1867/prot-1867--ak--0130.xml	8	https://betalab.kb.se/prot-1867--ak--0130/prot_1867__ak__0130-008.jp2/_view	https://github.com/welfare-state-analytics/riksdagen-corpus/blob/main/corpus/protocols/1867/prot-1867--ak--0130.xml#L713	32	1	17	Utskottet; och den torde nu rättast böra till ett tillfälligt Utskott hän-		utskottet; och den torde nu rättast böra till ett tillfälligt utskott hänv	1
data/1867/prot-1867--ak--0130.xml	8	https://betalab.kb.se/prot-1867--ak--0130/prot_1867__ak__0130-008.jp2/_view	https://github.com/welfare-state-analytics/riksdagen-corpus/blob/main/corpus/protocols/1867/prot-1867--ak--0130.xml#L713	32	1	25	Utskott möjligen ega anspråk på handläggningen af ämnet, så tror jag		utskott möjligen ega anspråk på handläggningen af ämnet, så tror jag	0
data/1867/prot-1867--ak--0130.xml	8	https://betalab.kb.se/prot-1867--ak--0130/prot_1867__ak__0130-008.jp2/_view	https://github.com/welfare-state-analytics/riksdagen-corpus/blob/main/corpus/protocols/1867/prot-1867--ak--0130.xml#L713	32	1	26	det för tvistens slitande vara lämpligast, om motionen hänvisades till be-		det för tvistens slitande vara lämpligast, om motionen hänvisades till beh	1
data/1867/prot-1867--ak--0309.xml	43	https://betalab.kb.se/prot-1867--ak--0309/prot_1867__ak__0309-043.jp2/_view	https://github.com/welfare-state-analytics/riksdagen-corpus/blob/main/corpus/protocols/1867/prot-1867--ak--0309.xml#L3392	49	1	8	att man snarare kan säga, att urbilderna blifvit öfverträffade än tvärtom,		att man snarare kan säga, att urbilderna blifvit öfverträffade än tvärtom,	0
data/1867/prot-1867--ak--0309.xml	43	https://betalab.kb.se/prot-1867--ak--0309/prot_1867__ak__0309-043.jp2/_view	https://github.com/welfare-state-analytics/riksdagen-corpus/blob/main/corpus/protocols/1867/prot-1867--ak--0309.xml#L3392	49	1	24	bland annat, innehöllo, att inköp borde ske af utmärkta arbeten i både		bland annat, innehöllo, att inköp borde ske af utmärkta arbeten i både	0
data/1867/prot-1867--ak--0309.xml	43	https://betalab.kb.se/prot-1867--ak--0309/prot_1867__ak__0309-043.jp2/_view	https://github.com/welfare-state-analytics/riksdagen-corpus/blob/main/corpus/protocols/1867/prot-1867--ak--0309.xml#L3392	49	1	46	anstalter utöfvade en skadlig inverkan på folket. Under åberopande af		anstalter utöfvade en skadlig inverkan på folket. under åberopande af	0
data/1867/prot-1867--ak--0412.xml	64	https://betalab.kb.se/prot-1867--ak--0412/prot_1867__ak__0412-064.jp2/_view	https://github.com/welfare-state-analytics/riksdagen-corpus/blob/main/corpus/protocols/1867/prot-1867--ak--0412.xml#L5077	44	1	13	jag deremot tror mig vara viss uppå, att förordningen icke innehåller en		jag deremot tror mig vara viss uppå, att förordningen icke innehåller en	0
data/1867/prot-1867--ak--0412.xml	64	https://betalab.kb.se/prot-1867--ak--0412/prot_1867__ak__0412-064.jp2/_view	https://github.com/welfare-state-analytics/riksdagen-corpus/blob/main/corpus/protocols/1867/prot-1867--ak--0412.xml#L5077	44	1	24	att något fullständiga Herr Björcks yttrande. Jag kan nemligen be-		att något fullständiga herr björcks yttrande. jag kan nemligen bes	1
data/1867/prot-1867--ak--0412.xml	64	https://betalab.kb.se/prot-1867--ak--0412/prot_1867__ak__0412-064.jp2/_view	https://github.com/welfare-state-analytics/riksdagen-corpus/blob/main/corpus/protocols/1867/prot-1867--ak--0412.xml#L5077	44	1	38	bankoreglemente skall oförändradt bibehållas,		bankoreglemente skall oförändradt bibehållas,	0
data/1867/prot-1867--ak--0417.xml	26	https://betalab.kb.se/prot-1867--ak--0417/prot_1867__ak__0417-026.jp2/_view	https://github.com/welfare-state-analytics/riksdagen-corpus/blob/main/corpus/protocols/1867/prot-1867--ak--0417.xml#L2092	42	1	25	Vidare anfördes ej; och Utskottets hemställande afslogs af Kammaren,		vidare anfördes ej; och utskottets hemställande afslogs af kammaren,	0
data/1867/prot-1867--ak--0417.xml	26	https://betalab.kb.se/prot-1867--ak--0417/prot_1867__ak__0417-026.jp2/_view	https://github.com/welfare-state-analytics/riksdagen-corpus/blob/main/corpus/protocols/1867/prot-1867--ak--0417.xml#L2092	42	1	33	Herr Rylander: Redan då man höjde bränvinsskatten från 50		redan då man höjde bränvinsskatten från 50 till 60 öre, v	30
data/1867/prot-1867--ak--0417.xml	26	https://betalab.kb.se/prot-1867--ak--0417/prot_1867__ak__0417-026.jp2/_view	https://github.com/welfare-state-analytics/riksdagen-corpus/blob/main/corpus/protocols/1867/prot-1867--ak--0417.xml#L2092	42	1	34	till 60 öre, visade det sig, att en sådan åtgärd hade ett menligt infly-		till 60 öre, visade det sig, att en sådan åtgärd hade ett menligt inflyt	1
data/1867/prot-1867--ak--0424.xml	31	https://betalab.kb.se/prot-1867--ak--0424/prot_1867__ak__0424-031.jp2/_view	https://github.com/welfare-state-analytics/riksdagen-corpus/blob/main/corpus/protocols/1867/prot-1867--ak--0424.xml#L2412	50	1	42	nisationsplan för arméen, bör undvika att löst utkasta förslag utan att		nisationsplan för arméen, bör undvika att löst utkasta förslag utan att	0
data/1867/prot-1867--ak--0424.xml	31	https://betalab.kb.se/prot-1867--ak--0424/prot_1867__ak__0424-031.jp2/_view	https://github.com/welfare-state-analytics/riksdagen-corpus/blob/main/corpus/protocols/1867/prot-1867--ak--0424.xml#L2412	50	1	43	närmare formulera dem.		närmare formulera dem.	0
data/1867/prot-1867--ak--0424.xml	31	https://betalab.kb.se/prot-1867--ak--0424/prot_1867__ak__0424-031.jp2/_view	https://github.com/welfare-state-analytics/riksdagen-corpus/blob/main/corpus/protocols/1867/prot-1867--ak--0424.xml#L2412	50	1	46	detta ämne yttrat å pag. 15 i Utlåtandet, så inhemta vi, att Utskottet deri		detta ämne yttrat å pag. 15 i utlåtandet, så inhemta vi, att utskottet deri	0
data/1867/prot-1867--fk--0209.xml	1	https://betalab.kb.se/prot-1867--fk--0209/prot_1867__fk__0209-001.jp2/_view	https://github.com/welfare-state-analytics/riksdagen-corpus/blob/main/corpus/protocols/1867/prot-1867--fk--0209.xml#L122	51	1	24	N:o 11, i anledning af Första Kammarens remiss af motion, angående		n:o 11, i anledning af första kammarens remiss af motion, angående	0
data/1867/prot-1867--fk--0209.xml	1	https://betalab.kb.se/prot-1867--fk--0209/prot_1867__fk__0209-001.jp2/_view	https://github.com/welfare-state-analytics/riksdagen-corpus/blob/main/corpus/protocols/1867/prot-1867--fk--0209.xml#L122	51	1	29	N:o 13, i anledning af Första Kammarens remiss af motion, om än-		n:o 13, i anledning af första kammarens remiss af motion, om änd	1
data/1867/prot-1867--fk--0209.xml	1	https://betalab.kb.se/prot-1867--fk--0209/prot_1867__fk__0209-001.jp2/_view	https://github.com/welfare-state-analytics/riksdagen-corpus/blob/main/corpus/protocols/1867/prot-1867--fk--0209.xml#L122	51	1	47	1864 rörande jordafsöndring;		1864 rörande jordafsöndring;	0
data/1867/prot-1867--fk--0329.xml	31	https://betalab.kb.se/prot-1867--fk--0329/prot_1867__fk__0329-031.jp2/_view	https://github.com/welfare-state-analytics/riksdagen-corpus/blob/main/corpus/protocols/1867/prot-1867--fk--0329.xml#L2342	50	1	2	detta är ett utmärkande karaktersdrag hos den Norrländska allmogen, och		detta är ett utmärkande karaktersdrag hos den norrländska allmogen, och	0
data/1867/prot-1867--fk--0329.xml	31	https://betalab.kb.se/prot-1867--fk--0329/prot_1867__fk__0329-031.jp2/_view	https://github.com/welfare-state-analytics/riksdagen-corpus/blob/main/corpus/protocols/1867/prot-1867--fk--0329.xml#L2342	50	1	14	vinnas, vågar jag tro, att det är Staten eller det allmännas pligt att		vinnas, vågar jag tro, att det är staten eller det allmännas pligt att	0
data/1867/prot-1867--fk--0329.xml	31	https://betalab.kb.se/prot-1867--fk--0329/prot_1867__fk__0329-031.jp2/_view	https://github.com/welfare-state-analytics/riksdagen-corpus/blob/main/corpus/protocols/1867/prot-1867--fk--0329.xml#L2342	50	1	50	för af allmogen. Om detta sednare är händelsen, tycker allmogen, att		för af allmogen. om detta sednare är händelsen, tycker allmogen, att	0
data/1868/prot-1868--ak--0127.xml	9	https://betalab.kb.se/prot-1868--ak--0127/prot_1868__ak__0127-009.jp2/_view	https://github.com/welfare-state-analytics/riksdagen-corpus/blob/main/corpus/protocols/1868/prot-1868--ak--0127.xml#L848	46	1	9	N:o 185, angående upplåtande af ett mantal Örum Storegården i		n:o 185, angående upplåtande af ett mantal örum storegården i	0
data/1868/prot-1868--ak--0127.xml	9	https://betalab.kb.se/prot-1868--ak--0127/prot_1868__ak__0127-009.jp2/_view	https://github.com/welfare-state-analytics/riksdagen-corpus/blob/main/corpus/protocols/1868/prot-1868--ak--0127.xml#L848	46	1	28	19:o) Herr Anders Pehrsson från Christianstads län, N:o 192, an-		19:0) herr anders pehrsson från christianstads län, n:o 192, ang	2
data/1868/prot-1868--ak--0127.xml	9	https://betalab.kb.se/prot-1868--ak--0127/prot_1868__ak__0127-009.jp2/_view	https://github.com/welfare-state-analytics/riksdagen-corpus/blob/main/corpus/protocols/1868/prot-1868--ak--0127.xml#L848	46	1	31	Christianstads län och Ola Lasson.		christianstads län och ola lasson.	0
data/1868/prot-1868--ak--0309.xml	12	https://betalab.kb.se/prot-1868--ak--0309/prot_1868__ak__0309-012.jp2/_view	https://github.com/welfare-state-analytics/riksdagen-corpus/blob/main/corpus/protocols/1868/prot-1868--ak--0309.xml#L985	48	1	4	slaget, och derigenom äfven inskränka lyxen. Men lyxen är ett begrepp,		slaget, och derigenom äfven inskränka lyxen. men lyxen är ett begrepp,	0
data/1868/prot-1868--ak--0309.xml	12	https://betalab.kb.se/prot-1868--ak--0309/prot_1868__ak__0309-012.jp2/_view	https://github.com/welfare-state-analytics/riksdagen-corpus/blob/main/corpus/protocols/1868/prot-1868--ak--0309.xml#L985	48	1	30	som denna. Jag sökte på allt sätt komma till något resultat för att ned-		som denna. jag sökte på allt sätt komma till något resultat för att neds	1
data/1868/prot-1868--ak--0309.xml	12	https://betalab.kb.se/prot-1868--ak--0309/prot_1868__ak__0309-012.jp2/_view	https://github.com/welfare-state-analytics/riksdagen-corpus/blob/main/corpus/protocols/1868/prot-1868--ak--0309.xml#L985	48	1	45	Herr Östman: Redan vid sista riksdagen väckte jag motion i ena-		redan vid sista riksdagen väckte jag motion i enahande syfte, s	27
data/1868/prot-1868--ak--0310.xml	46	https://betalab.kb.se/prot-1868--ak--0310/prot_1868__ak__0310-046.jp2/_view	https://github.com/welfare-state-analytics/riksdagen-corpus/blob/main/corpus/protocols/1868/prot-1868--ak--0310.xml#L3684	49	1	13	rit föremål för komitéens åliggande, och först sedan det blifvit bestämdt om		rit föremål för komitéens åliggande, och först sedan det blifvit bestämdt om	0
data/1868/prot-1868--ak--0310.xml	46	https://betalab.kb.se/prot-1868--ak--0310/prot_1868__ak__0310-046.jp2/_view	https://github.com/welfare-state-analytics/riksdagen-corpus/blob/main/corpus/protocols/1868/prot-1868--ak--0310.xml#L3684	49	1	22	hufvudsakligen koncentrera de krafter, hvilka vi kunna till befästningar		hufvudsakligen koncentrera de krafter, hvilka vi kunna till befästningar	0
data/1868/prot-1868--ak--0310.xml	46	https://betalab.kb.se/prot-1868--ak--0310/prot_1868__ak__0310-046.jp2/_view	https://github.com/welfare-state-analytics/riksdagen-corpus/blob/main/corpus/protocols/1868/prot-1868--ak--0310.xml#L3684	49	1	33	synes, att jag angående första momentet instämmer med Herr Rådman		synes, att jag angående första momentet instämmer med herr rådman	0
data/1868/prot-1868--fk--0226.xml	6	https://betalab.kb.se/prot-1868--fk--0226/prot_1868__fk__0226-006.jp2/_view	https://github.com/welfare-state-analytics/riksdagen-corpus/blob/main/corpus/protocols/1868/prot-1868--fk--0226.xml#L469	57	1	3	gärda större anslaget, och att frågan derom såsom beroende på gemen-		gärda större anslaget, och att frågan derom såsom beroende på gemens	1
data/1868/prot-1868--fk--0226.xml	6	https://betalab.kb.se/prot-1868--fk--0226/prot_1868__fk__0226-006.jp2/_view	https://github.com/welfare-state-analytics/riksdagen-corpus/blob/main/corpus/protocols/1868/prot-1868--fk--0226.xml#L469	57	1	9	är dessutom ej fråga om ett vanligt anslag, utan blott om ett låneun-		är dessutom ej fråga om ett vanligt anslag, utan blott om ett låneund	1
data/1868/prot-1868--fk--0226.xml	6	https://betalab.kb.se/prot-1868--fk--0226/prot_1868__fk__0226-006.jp2/_view	https://github.com/welfare-state-analytics/riksdagen-corpus/blob/main/corpus/protocols/1868/prot-1868--fk--0226.xml#L469	57	1	25	utan betydligt större summor blifva dertill nödvändiga. Till allmänna		utan betydligt större summor blifva dertill nödvändiga. till allmänna	0
data/1868/prot-1868--fk--0311.xml	61	https://betalab.kb.se/prot-1868--fk--0311/prot_1868__fk__0311-061.jp2/_view	https://github.com/welfare-state-analytics/riksdagen-corpus/blob/main/corpus/protocols/1868/prot-1868--fk--0311.xml#L4446	51	1	6	församlingar, nemligen små församlingar, för hvilka en folkskola varit		församlingar, nemligen små församlingar, för hvilka en folkskola varit	0
data/1868/prot-1868--fk--0311.xml	61	https://betalab.kb.se/prot-1868--fk--0311/prot_1868__fk__0311-061.jp2/_view	https://github.com/welfare-state-analytics/riksdagen-corpus/blob/main/corpus/protocols/1868/prot-1868--fk--0311.xml#L4446	51	1	16	folkskoleväsendet, ådagalägges detta, såsom jag vid föregående tillfälle		folkskoleväsendet, ådagalägges detta, såsom jag vid föregående tillfälle	0
data/1868/prot-1868--fk--0311.xml	61	https://betalab.kb.se/prot-1868--fk--0311/prot_1868__fk__0311-061.jp2/_view	https://github.com/welfare-state-analytics/riksdagen-corpus/blob/main/corpus/protocols/1868/prot-1868--fk--0311.xml#L4446	51	1	39	väckt, nemligen Herr Otterströms, som afser en ny organisering af folk-		väckt, nemligen herr otterströms. som afser en ny organisering af folks	2
data/1868/prot-1868--fk--0321.xml	5	https://betalab.kb.se/prot-1868--fk--0321/prot_1868__fk__0321-005.jp2/_view	https://github.com/welfare-state-analytics/riksdagen-corpus/blob/main/corpus/protocols/1868/prot-1868--fk--0321.xml#L379	51	1	3	gande framstäldt. Jag kan ej heller dela Utskottets uppfattning att		gande framstäldt. jag kan ej heller dela utskottets uppfattning att	0
data/1868/prot-1868--fk--0321.xml	5	https://betalab.kb.se/prot-1868--fk--0321/prot_1868__fk__0321-005.jp2/_view	https://github.com/welfare-state-analytics/riksdagen-corpus/blob/main/corpus/protocols/1868/prot-1868--fk--0321.xml#L379	51	1	13	förutsättningar vore rigtiga, så är ju följden deraf ingen annan än den,		förutsättningar vore rigtiga, så är ju följden deraf ingen annan än den,	0
data/1868/prot-1868--fk--0321.xml	5	https://betalab.kb.se/prot-1868--fk--0321/prot_1868__fk__0321-005.jp2/_view	https://github.com/welfare-state-analytics/riksdagen-corpus/blob/main/corpus/protocols/1868/prot-1868--fk--0321.xml#L379	51	1	24	fall af två tredjedelar bland dem, hvilka i beslutet deltaga. I föreva-		fall” af två tredjedel ar bland dem, hvilka i beslutet deltaga. i förev	4
data/1868/prot-1868--fk--0408.xml	85	https://betalab.kb.se/prot-1868--fk--0408/prot_1868__fk__0408-085.jp2/_view	https://github.com/welfare-state-analytics/riksdagen-corpus/blob/main/corpus/protocols/1868/prot-1868--fk--0408.xml#L6349	50	1	2	han glömde, att manufakturdiskonten för detta ändamål har en särskild		han glömde, att manufakturdiskonten för detta ändamål har en särskild	0
data/1868/prot-1868--fk--0408.xml	85	https://betalab.kb.se/prot-1868--fk--0408/prot_1868__fk__0408-085.jp2/_view	https://github.com/welfare-state-analytics/riksdagen-corpus/blob/main/corpus/protocols/1868/prot-1868--fk--0408.xml#L6349	50	1	15	icke ha så goda säkerheter och icke kan skaffa sig af sin näring så stor		icke ha så goda säkerheter och icke kan skaffa sig af sin näring så stor	0
data/1868/prot-1868--fk--0408.xml	85	https://betalab.kb.se/prot-1868--fk--0408/prot_1868__fk__0408-085.jp2/_view	https://github.com/welfare-state-analytics/riksdagen-corpus/blob/main/corpus/protocols/1868/prot-1868--fk--0408.xml#L6349	50	1	28	utinnan brister. Under diskussionens gång händer ock så lätt att sådana		utinnan brister. under diskussionens gång händer ock så lätt att sådana	0
data/1868/prot-1868--fk--0425.xml	5	https://betalab.kb.se/prot-1868--fk--0425/prot_1868__fk__0425-005.jp2/_view	https://github.com/welfare-state-analytics/riksdagen-corpus/blob/main/corpus/protocols/1868/prot-1868--fk--0425.xml#L430	50	1	23	Inom den kommun, jag tillhör, har jag deltagit i agitationen för än-		inom den kommun, jag tillhör, har jag deltagit i agitationen för änd	1
data/1868/prot-1868--fk--0425.xml	5	https://betalab.kb.se/prot-1868--fk--0425/prot_1868__fk__0425-005.jp2/_view	https://github.com/welfare-state-analytics/riksdagen-corpus/blob/main/corpus/protocols/1868/prot-1868--fk--0425.xml#L430	50	1	28	ett handtag och medel för agitationen, dels af tidningspressen och dels af en-		ett handtag och medel för agitationen, dels af tidningspressen och dels af ens	1
data/1868/prot-1868--fk--0425.xml	5	https://betalab.kb.se/prot-1868--fk--0425/prot_1868__fk__0425-005.jp2/_view	https://github.com/welfare-state-analytics/riksdagen-corpus/blob/main/corpus/protocols/1868/prot-1868--fk--0425.xml#L430	50	1	40	dessa skäl icke tillräckliga, för att icke göra något för dess afhjelpan-		dessa skäl icke tillräckliga, för att icke göra något för dess afhbjelpan	2
data/1868/prot-1868--fk--0429.xml	48	https://betalab.kb.se/prot-1868--fk--0429/prot_1868__fk__0429-048.jp2/_view	https://github.com/welfare-state-analytics/riksdagen-corpus/blob/main/corpus/protocols/1868/prot-1868--fk--0429.xml#L3473	50	1	10	rens uppmärksamhet på ett missledande resonnement i slutet på Utskot-		rens uppmärksamhet på ett missledande resonnement i slutet på utskott	1
data/1868/prot-1868--fk--0429.xml	48	https://betalab.kb.se/prot-1868--fk--0429/prot_1868__fk__0429-048.jp2/_view	https://github.com/welfare-state-analytics/riksdagen-corpus/blob/main/corpus/protocols/1868/prot-1868--fk--0429.xml#L3473	50	1	19	villning. I Bil. Litt. C., som visar Riksgälds-kontorets kassaställning		villning. i bil. litt. c., som visar riksgälds-kontorets kassaställning	0
data/1868/prot-1868--fk--0429.xml	48	https://betalab.kb.se/prot-1868--fk--0429/prot_1868__fk__0429-048.jp2/_view	https://github.com/welfare-state-analytics/riksdagen-corpus/blob/main/corpus/protocols/1868/prot-1868--fk--0429.xml#L3473	50	1	36	2,689,000 R:dr, afdragas från den af Utskottet uppgifna brist, skulle		2,689.000 r:dr, afdragas från den af utskottet uppgifna brist, skulle	1
data/1868/prot-1868--fk--0506.xml	54	https://betalab.kb.se/prot-1868--fk--0506/prot_1868__fk__0506-054.jp2/_view	https://github.com/welfare-state-analytics/riksdagen-corpus/blob/main/corpus/protocols/1868/prot-1868--fk--0506.xml#L3958	51	1	33	af frågan; jag vill endast i anledning af en talares yttrande, att det skulle		 af frågan; jag vill endast i anledning afen talares yttrande, att det skulle	2
data/1868/prot-1868--fk--0506.xml	54	https://betalab.kb.se/prot-1868--fk--0506/prot_1868__fk__0506-054.jp2/_view	https://github.com/welfare-state-analytics/riksdagen-corpus/blob/main/corpus/protocols/1868/prot-1868--fk--0506.xml#L3958	51	1	39	banans längd 8 mil utgör cirka 1/12 af statsbanorna. Statsbanornas in-		t banans längd 8, mil utgör cirka 4 af statsbanorna. statsbanornas ink	8
data/1868/prot-1868--fk--0506.xml	54	https://betalab.kb.se/prot-1868--fk--0506/prot_1868__fk__0506-054.jp2/_view	https://github.com/welfare-state-analytics/riksdagen-corpus/blob/main/corpus/protocols/1868/prot-1868--fk--0506.xml#L3958	51	1	51	För bestyrkande af denna min förmodan måste jag anföra några siffror till		för bestyrkande af denna min förmodan måste jag anföra några siffror till	0
data/1869/prot-1869--ak--0125.xml	16	https://betalab.kb.se/prot-1869--ak--0125/prot_1869__ak__0125-016.jp2/_view	https://github.com/welfare-state-analytics/riksdagen-corpus/blob/main/corpus/protocols/1869/prot-1869--ak--0125.xml#L1393	41	1	7	Herr Hierta ordet och yttrade: Då det icke torde hafva varit		herr hierta ordet och yttrade:	30
data/1869/prot-1869--ak--0125.xml	16	https://betalab.kb.se/prot-1869--ak--0125/prot_1869__ak__0125-016.jp2/_view	https://github.com/welfare-state-analytics/riksdagen-corpus/blob/main/corpus/protocols/1869/prot-1869--ak--0125.xml#L1393	41	1	37	värdet med stamhemanet deltaga i rustningsbesväret.		var för den, som, utan att iakttaga i lag föreskrif	36
data/1869/prot-1869--ak--0125.xml	16	https://betalab.kb.se/prot-1869--ak--0125/prot_1869__ak__0125-016.jp2/_view	https://github.com/welfare-state-analytics/riksdagen-corpus/blob/main/corpus/protocols/1869/prot-1869--ak--0125.xml#L1393	41	1	40	In fidem		g 14.	7
data/1869/prot-1869--ak--0206.xml	16	https://betalab.kb.se/prot-1869--ak--0206/prot_1869__ak__0206-016.jp2/_view	https://github.com/welfare-state-analytics/riksdagen-corpus/blob/main/corpus/protocols/1869/prot-1869--ak--0206.xml#L1310	42	1	31	N:o 1, i anledning af Andra Kammarens remiss af motion, innefat-		n:o 1, i anledning af andra kammarens remiss af motion, innefatt	1
data/1869/prot-1869--ak--0206.xml	16	https://betalab.kb.se/prot-1869--ak--0206/prot_1869__ak__0206-016.jp2/_view	https://github.com/welfare-state-analytics/riksdagen-corpus/blob/main/corpus/protocols/1869/prot-1869--ak--0206.xml#L1310	42	1	37	§ 9.		§ 9.	0
data/1869/prot-1869--ak--0206.xml	16	https://betalab.kb.se/prot-1869--ak--0206/prot_1869__ak__0206-016.jp2/_view	https://github.com/welfare-state-analytics/riksdagen-corpus/blob/main/corpus/protocols/1869/prot-1869--ak--0206.xml#L1310	42	1	41	Motionen bordlades.		motionen bordlades. 	1
data/1869/prot-1869--ak--0305.xml	32	https://betalab.kb.se/prot-1869--ak--0305/prot_1869__ak__0305-032.jp2/_view	https://github.com/welfare-state-analytics/riksdagen-corpus/blob/main/corpus/protocols/1869/prot-1869--ak--0305.xml#L2445	49	1	12	mån äfven frångå förutvarande afvikelser från den rätta stråten. Under		mån äfven frångå förutvarande afvikelser från den rätta stråten. under	0
data/1869/prot-1869--ak--0305.xml	32	https://betalab.kb.se/prot-1869--ak--0305/prot_1869__ak__0305-032.jp2/_view	https://github.com/welfare-state-analytics/riksdagen-corpus/blob/main/corpus/protocols/1869/prot-1869--ak--0305.xml#L2445	49	1	31	legierade straff böra då försvinna, ju flera dess bättre. Det ligger i sakens		legierade straff böra då försvinna, ju flera dess bättre. det ligger i sakens	0
data/1869/prot-1869--ak--0305.xml	32	https://betalab.kb.se/prot-1869--ak--0305/prot_1869__ak__0305-032.jp2/_view	https://github.com/welfare-state-analytics/riksdagen-corpus/blob/main/corpus/protocols/1869/prot-1869--ak--0305.xml#L2445	49	1	37	stånd som han, nota bene om de hysa litet god vilja i detta afseende.		stånd som han, nota bene om de hysa litet god vilja i detta afseende.	0
data/1869/prot-1869--ak--0311.xml	13	https://betalab.kb.se/prot-1869--ak--0311/prot_1869__ak__0311-013.jp2/_view	https://github.com/welfare-state-analytics/riksdagen-corpus/blob/main/corpus/protocols/1869/prot-1869--ak--0311.xml#L981	49	1	5	skolorna. Det är af synnerlig vigt, att militäröfningar äfven införas i de		skolorna. det är af synnerlig vigt, att militäröfningar äfven införas i de	0
data/1869/prot-1869--ak--0311.xml	13	https://betalab.kb.se/prot-1869--ak--0311/prot_1869__ak__0311-013.jp2/_view	https://github.com/welfare-state-analytics/riksdagen-corpus/blob/main/corpus/protocols/1869/prot-1869--ak--0311.xml#L981	49	1	29	icke heller hört något motstånd, men ock att ingen klass af den ungdom,		icke heller hört något motstånd, men ock att ingen klass af den ungdom,	0
data/1869/prot-1869--ak--0311.xml	13	https://betalab.kb.se/prot-1869--ak--0311/prot_1869__ak__0311-013.jp2/_view	https://github.com/welfare-state-analytics/riksdagen-corpus/blob/main/corpus/protocols/1869/prot-1869--ak--0311.xml#L981	49	1	36	Herr Ribbing: Då jag uppträder med vissa betänkligheter mot		sa ämnen. det var derföre äfven med vissa betänkligheter so	27
data/1869/prot-1869--ak--0312.xml	9	https://betalab.kb.se/prot-1869--ak--0312/prot_1869__ak__0312-009.jp2/_view	https://github.com/welfare-state-analytics/riksdagen-corpus/blob/main/corpus/protocols/1869/prot-1869--ak--0312.xml#L785	49	1	16	är verkligen sådant. Uppmärksamhet har ock från Styrelsens sida blifvit		är verkligen sådant. uppmärksamhet har ock från styrelsens sida blifvit	0
data/1869/prot-1869--ak--0312.xml	9	https://betalab.kb.se/prot-1869--ak--0312/prot_1869__ak__0312-009.jp2/_view	https://github.com/welfare-state-analytics/riksdagen-corpus/blob/main/corpus/protocols/1869/prot-1869--ak--0312.xml#L785	49	1	35	bestämma, om pensionering för dem borde ega rum eller icke.		bestämma, om pensionering för dem borde ega rum eller icke.	0
data/1869/prot-1869--ak--0312.xml	9	https://betalab.kb.se/prot-1869--ak--0312/prot_1869__ak__0312-009.jp2/_view	https://github.com/welfare-state-analytics/riksdagen-corpus/blob/main/corpus/protocols/1869/prot-1869--ak--0312.xml#L785	49	1	38	heten att göra anspråk på eller att kunna ifrågasättas till en dylik för-		heten att göra anspråk på eller att kunna ifrågasättas till en dylik förm	1
data/1869/prot-1869--ak--0317.xml	56	https://betalab.kb.se/prot-1869--ak--0317/prot_1869__ak__0317-056.jp2/_view	https://github.com/welfare-state-analytics/riksdagen-corpus/blob/main/corpus/protocols/1869/prot-1869--ak--0317.xml#L4135	50	1	3	kommer. Utskottet synes nemligen hafva utgått från den åsigt, att de		kommer. utskottet synes nemligen hafva utgått från den åsigt, att de	0
data/1869/prot-1869--ak--0317.xml	56	https://betalab.kb.se/prot-1869--ak--0317/prot_1869__ak__0317-056.jp2/_view	https://github.com/welfare-state-analytics/riksdagen-corpus/blob/main/corpus/protocols/1869/prot-1869--ak--0317.xml#L4135	50	1	23	för den händelse nu en eller annan af de mera meriterade sökanderne är		för den händelse nu en eller annan af de mera meriterade sökanderne är	0
data/1869/prot-1869--ak--0317.xml	56	https://betalab.kb.se/prot-1869--ak--0317/prot_1869__ak__0317-056.jp2/_view	https://github.com/welfare-state-analytics/riksdagen-corpus/blob/main/corpus/protocols/1869/prot-1869--ak--0317.xml#L4135	50	1	38	betyg dugligaste och mest meriterade och sedermera kallar dessa till prof,		betyg dugligaste och mest meriterade och sedermera kallar dessa till prof,	0
data/1869/prot-1869--ak--0420.xml	4	https://betalab.kb.se/prot-1869--ak--0420/prot_1869__ak__0420-004.jp2/_view	https://github.com/welfare-state-analytics/riksdagen-corpus/blob/main/corpus/protocols/1869/prot-1869--ak--0420.xml#L402	49	1	4	den, hvilka i reservationen blifvit påpekade.		den, hvilka i reservationen blifvit påpekade.	0
data/1869/prot-1869--ak--0420.xml	4	https://betalab.kb.se/prot-1869--ak--0420/prot_1869__ak__0420-004.jp2/_view	https://github.com/welfare-state-analytics/riksdagen-corpus/blob/main/corpus/protocols/1869/prot-1869--ak--0420.xml#L402	49	1	30	vill jag medgifva, att en embetsman äfven kan komma i behof af annan		vill jag medgifva, att en embetsman äfven kan komma i behof af annan	0
data/1869/prot-1869--ak--0420.xml	4	https://betalab.kb.se/prot-1869--ak--0420/prot_1869__ak__0420-004.jp2/_view	https://github.com/welfare-state-analytics/riksdagen-corpus/blob/main/corpus/protocols/1869/prot-1869--ak--0420.xml#L402	49	1	49	försel lemna ifrån sig. Men har han deremot nätt och jemnt hvad han		försel lemna ifrån sig. men har han deremot nätt och jemnt hvad han	0
data/1869/prot-1869--ak--0428.xml	74	https://betalab.kb.se/prot-1869--ak--0428/prot_1869__ak__0428-074.jp2/_view	https://github.com/welfare-state-analytics/riksdagen-corpus/blob/main/corpus/protocols/1869/prot-1869--ak--0428.xml#L5636	48	1	7	för öfrigt så väl och riktigt uttryckt hvad jag ämnat säga, att jag icke		för öfrigt så väl och riktigt uttryckt hvad jag ämnat säga, att jag icke	0
data/1869/prot-1869--ak--0428.xml	74	https://betalab.kb.se/prot-1869--ak--0428/prot_1869__ak__0428-074.jp2/_view	https://github.com/welfare-state-analytics/riksdagen-corpus/blob/main/corpus/protocols/1869/prot-1869--ak--0428.xml#L5636	48	1	36	rätt emot en österländsk despot. Det lät måhända löjligt det ta-		rätt emot en österländsk despot. det lät måhända löjligt det tal	1
data/1869/prot-1869--ak--0428.xml	74	https://betalab.kb.se/prot-1869--ak--0428/prot_1869__ak__0428-074.jp2/_view	https://github.com/welfare-state-analytics/riksdagen-corpus/blob/main/corpus/protocols/1869/prot-1869--ak--0428.xml#L5636	48	1	46	Samma magt har den till bundsförvandt, som yrkar på ett stadgadt		samma magt har den till bundsförvandt, som yrkar på ett stadgadt	0
data/1869/prot-1869--fk--0121.xml	7	https://betalab.kb.se/prot-1869--fk--0121/prot_1869__fk__0121-007.jp2/_view	https://github.com/welfare-state-analytics/riksdagen-corpus/blob/main/corpus/protocols/1869/prot-1869--fk--0121.xml#L560	48	1	6	hållet, ty det är endast i den mån arbetena blifva stora och omfat-		hållet, ty det är endast i den mån arbetena blifva stora och omfatt	1
data/1869/prot-1869--fk--0121.xml	7	https://betalab.kb.se/prot-1869--fk--0121/prot_1869__fk__0121-007.jp2/_view	https://github.com/welfare-state-analytics/riksdagen-corpus/blob/main/corpus/protocols/1869/prot-1869--fk--0121.xml#L560	48	1	41	derföre att dessa ifrågavarande 180,000 R:dr ej kunna anses annat		derföre att dessa ifrågavarande 180,000 r:dr ej kunna anses annat	0
data/1869/prot-1869--fk--0121.xml	7	https://betalab.kb.se/prot-1869--fk--0121/prot_1869__fk__0121-007.jp2/_view	https://github.com/welfare-state-analytics/riksdagen-corpus/blob/main/corpus/protocols/1869/prot-1869--fk--0121.xml#L560	48	1	48	ovilkorligen måste verka till minskning af fondens inkomster, ehuru,		ovilkorligen måste verka till minskning af fondens inkomster, ehuru,	0
data/1869/prot-1869--fk--0125.xml	0	https://betalab.kb.se/prot-1869--fk--0125/prot_1869__fk__0125-000.jp2/_view	https://github.com/welfare-state-analytics/riksdagen-corpus/blob/main/corpus/protocols/1869/prot-1869--fk--0125.xml#L61	21	1	12	In fidem.		ropades ja.	9
data/1869/prot-1869--fk--0125.xml	0	https://betalab.kb.se/prot-1869--fk--0125/prot_1869__fk__0125-000.jp2/_view	https://github.com/welfare-state-analytics/riksdagen-corpus/blob/main/corpus/protocols/1869/prot-1869--fk--0125.xml#L61	21	1	16	I Herr Grefven och Talmannens frånvaro fördes ordet af Herr		i herr grefven och talmannens frånvaro fördes ordet af herr	0
data/1869/prot-1869--fk--0125.xml	0	https://betalab.kb.se/prot-1869--fk--0125/prot_1869__fk__0125-000.jp2/_view	https://github.com/welfare-state-analytics/riksdagen-corpus/blob/main/corpus/protocols/1869/prot-1869--fk--0125.xml#L61	21	1	21	morial af följande lydelse:		morial af följande lydelse:	0
data/1869/prot-1869--fk--0414.xml	41	https://betalab.kb.se/prot-1869--fk--0414/prot_1869__fk__0414-041.jp2/_view	https://github.com/welfare-state-analytics/riksdagen-corpus/blob/main/corpus/protocols/1869/prot-1869--fk--0414.xml#L2916	35	1	7	berättelse, angående granskning af Statsverkets samt andra utaf all-		berättelse, angående granskning af statsverkets samt andra utaf allm	1
data/1869/prot-1869--fk--0414.xml	41	https://betalab.kb.se/prot-1869--fk--0414/prot_1869__fk__0414-041.jp2/_view	https://github.com/welfare-state-analytics/riksdagen-corpus/blob/main/corpus/protocols/1869/prot-1869--fk--0414.xml#L2916	35	1	8	männa medel bestående fonders tillstånd, styrelse och förvaltning un-		männa medel bestående fonders tillstånd, styrelse och förvaltning und	1
data/1869/prot-1869--fk--0414.xml	41	https://betalab.kb.se/prot-1869--fk--0414/prot_1869__fk__0414-041.jp2/_view	https://github.com/welfare-state-analytics/riksdagen-corpus/blob/main/corpus/protocols/1869/prot-1869--fk--0414.xml#L2916	35	1	16	N:o 63, i anledning af Kongl. Maj:ts nådiga Proposition angående		n:o 63, i anledning af kongl. maj:ts nådiga proposition angående	0
data/1869/prot-1869--fk--0417.xml	39	https://betalab.kb.se/prot-1869--fk--0417/prot_1869__fk__0417-039.jp2/_view	https://github.com/welfare-state-analytics/riksdagen-corpus/blob/main/corpus/protocols/1869/prot-1869--fk--0417.xml#L2838	50	1	3	försvar, så vida man icke har ett sådant på förhand ordnadt. Det		försvar, så vida man icke har ett sådant på förhand ordnadt. det	0
data/1869/prot-1869--fk--0417.xml	39	https://betalab.kb.se/prot-1869--fk--0417/prot_1869__fk__0417-039.jp2/_view	https://github.com/welfare-state-analytics/riksdagen-corpus/blob/main/corpus/protocols/1869/prot-1869--fk--0417.xml#L2838	50	1	22	antaga att den indelta arméens infanteri, vid beräkning af sjukvårds-		antaga att den indelta arméens infanteri, vid beräkning af sjukvårdss	1
data/1869/prot-1869--fk--0417.xml	39	https://betalab.kb.se/prot-1869--fk--0417/prot_1869__fk__0417-039.jp2/_view	https://github.com/welfare-state-analytics/riksdagen-corpus/blob/main/corpus/protocols/1869/prot-1869--fk--0417.xml#L2838	50	1	26	framtidsuppgift, så är det naturligtvis icke skäl att nu rekrytera de		framtidsuppgift, så är det naturligtvis icke skäl att nu rekrytera de	0
data/1869/prot-1869--fk--0423.xml	51	https://betalab.kb.se/prot-1869--fk--0423/prot_1869__fk__0423-051.jp2/_view	https://github.com/welfare-state-analytics/riksdagen-corpus/blob/main/corpus/protocols/1869/prot-1869--fk--0423.xml#L3850	48	1	20	afseende. Jag får således yrka rent afslag å detsamma.		afseende. jag får således yrka rent afslag å detsamma.	0
data/1869/prot-1869--fk--0423.xml	51	https://betalab.kb.se/prot-1869--fk--0423/prot_1869__fk__0423-051.jp2/_view	https://github.com/welfare-state-analytics/riksdagen-corpus/blob/main/corpus/protocols/1869/prot-1869--fk--0423.xml#L3850	48	1	31	modan att glädjen väl ej lärer blifva mindre stor, om man får se ett		modan att glädjen väl ej lärer blifva mindre stor, om man får sc ett	1
data/1869/prot-1869--fk--0423.xml	51	https://betalab.kb.se/prot-1869--fk--0423/prot_1869__fk__0423-051.jp2/_view	https://github.com/welfare-state-analytics/riksdagen-corpus/blob/main/corpus/protocols/1869/prot-1869--fk--0423.xml#L3850	48	1	33	Herr Frisk: Jag inskränker mig till att yrka bifall till Herr		jag inskränker mig till att yrka bifall till herr schartaus f	24
data/1970/prot-1970--ak--018.xml	92	https://betalab.kb.se/prot-1970--ak--18/prot_1970__ak__18-093.jp2/_view	https://github.com/welfare-state-analytics/riksdagen-corpus/blob/main/corpus/protocols/1970/prot-1970--ak--18.xml#L9421	99	2	16	ville deras väl och försvarade deras		ville deras väl och försvarade deras	0
data/1970/prot-1970--ak--018.xml	92	https://betalab.kb.se/prot-1970--ak--18/prot_1970__ak__18-093.jp2/_view	https://github.com/welfare-state-analytics/riksdagen-corpus/blob/main/corpus/protocols/1970/prot-1970--ak--18.xml#L9421	99	2	35	av utskottet — det är min mening som		av utskottet - det är min mening som	0
data/1970/prot-1970--ak--018.xml	92	https://betalab.kb.se/prot-1970--ak--18/prot_1970__ak__18-093.jp2/_view	https://github.com/welfare-state-analytics/riksdagen-corpus/blob/main/corpus/protocols/1970/prot-1970--ak--18.xml#L9421	99	2	50	fattning, och det är när han påstår att		fattning, och det är när han påstår att	0
data/1970/prot-1970--ak--018.xml	92	https://betalab.kb.se/prot-1970--ak--18/prot_1970__ak__18-093.jp2/_view	https://github.com/welfare-state-analytics/riksdagen-corpus/blob/main/corpus/protocols/1970/prot-1970--ak--18.xml#L9421	99	2	52	bra som det är. Det står ingenstans efter		bra som det är. det står ingenstans efter	0
data/1970/prot-1970--ak--018.xml	92	https://betalab.kb.se/prot-1970--ak--18/prot_1970__ak__18-093.jp2/_view	https://github.com/welfare-state-analytics/riksdagen-corpus/blob/main/corpus/protocols/1970/prot-1970--ak--18.xml#L9421	99	2	68	Om herr Nilsson i Agnäs minns det		om herr nilsson i agnäs minns det	0
data/1970/prot-1970--ak--018.xml	92	https://betalab.kb.se/prot-1970--ak--18/prot_1970__ak__18-093.jp2/_view	https://github.com/welfare-state-analytics/riksdagen-corpus/blob/main/corpus/protocols/1970/prot-1970--ak--18.xml#L9421	99	2	85	rande med att påpeka att den mening		rande med att påpeka att den mening	0
data/1970/prot-1970--fk--011.xml	19	https://betalab.kb.se/prot-1970--fk--11/prot_1970__fk__11-019.jp2/_view	https://github.com/welfare-state-analytics/riksdagen-corpus/blob/main/corpus/protocols/1970/prot-1970--fk--11.xml#L1846	102	2	4	drabbar enskilda och samhället som kan		drabbar enskilda och samhället som kan	0
data/1970/prot-1970--fk--011.xml	19	https://betalab.kb.se/prot-1970--fk--11/prot_1970__fk__11-019.jp2/_view	https://github.com/welfare-state-analytics/riksdagen-corpus/blob/main/corpus/protocols/1970/prot-1970--fk--11.xml#L1846	102	2	8	kronor som har yrkats i mittenmotio-		kronor som har yrkats i mittenmotion	1
data/1970/prot-1970--fk--011.xml	19	https://betalab.kb.se/prot-1970--fk--11/prot_1970__fk__11-019.jp2/_view	https://github.com/welfare-state-analytics/riksdagen-corpus/blob/main/corpus/protocols/1970/prot-1970--fk--11.xml#L1846	102	2	40	vakningen. Rikspolisstyrelsen vitsordar		vakningen. rikspolisstyrelsen vitsordar	0
data/1970/prot-1970--fk--011.xml	19	https://betalab.kb.se/prot-1970--fk--11/prot_1970__fk__11-019.jp2/_view	https://github.com/welfare-state-analytics/riksdagen-corpus/blob/main/corpus/protocols/1970/prot-1970--fk--11.xml#L1846	102	2	58	koptrar under vissa perioder av inten-		koptrar under vissa perioder av intens	1
data/1970/prot-1970--fk--011.xml	19	https://betalab.kb.se/prot-1970--fk--11/prot_1970__fk__11-019.jp2/_view	https://github.com/welfare-state-analytics/riksdagen-corpus/blob/main/corpus/protocols/1970/prot-1970--fk--11.xml#L1846	102	2	63	slag om inköp av ytterligare två heli-		slag om inköp av ytterligare två helik	1
data/1970/prot-1970--fk--011.xml	19	https://betalab.kb.se/prot-1970--fk--11/prot_1970__fk__11-019.jp2/_view	https://github.com/welfare-state-analytics/riksdagen-corpus/blob/main/corpus/protocols/1970/prot-1970--fk--11.xml#L1846	102	2	89	kan det visserligensägas att en ökning		kan det visserligen sägas att en öknin	2
data/1971/prot-1971--121.xml	51	https://betalab.kb.se/prot-1971--121/prot_1971__121-052.jp2/_view	https://github.com/welfare-state-analytics/riksdagen-corpus/blob/main/corpus/protocols/1971/prot-1971--121.xml#L4514	45	1	17	framför allt bör förankras hos landstingmännen, som främst har att		framför allt bör förankras hos landstingsmännen, som främst har at	2
data/1971/prot-1971--121.xml	51	https://betalab.kb.se/prot-1971--121/prot_1971__121-052.jp2/_view	https://github.com/welfare-state-analytics/riksdagen-corpus/blob/main/corpus/protocols/1971/prot-1971--121.xml#L4514	45	1	37	folkpartiet genom att tillsätta utredningar i det här avseendet.		folkpartiet genom att tillsätta utredningar i det här avseendet.	0
data/1971/prot-1971--121.xml	51	https://betalab.kb.se/prot-1971--121/prot_1971__121-052.jp2/_view	https://github.com/welfare-state-analytics/riksdagen-corpus/blob/main/corpus/protocols/1971/prot-1971--121.xml#L4514	45	1	45	tarisk utredning. Herr Svensson I Kungälv har ju tidigare talat om de		tarisk utredning. herr svensson i kungälv har ju tidigare talat om de	0
data/1971/prot-1971--014.xml	23	https://betalab.kb.se/prot-1971--14/prot_1971__14-024.jp2/_view	https://github.com/welfare-state-analytics/riksdagen-corpus/blob/main/corpus/protocols/1971/prot-1971--14.xml#L1783	48	1	8	utredning om trafikpolitikens fortsatta utformning. Men statsrådet läste		utredning om trafikpolitikens fortsatta utformning. men statsrådet läste	0
data/1971/prot-1971--014.xml	23	https://betalab.kb.se/prot-1971--14/prot_1971__14-024.jp2/_view	https://github.com/welfare-state-analytics/riksdagen-corpus/blob/main/corpus/protocols/1971/prot-1971--14.xml#L1783	48	1	26	princip skall vara för sina kostnader utan också att det ingår I målet för		princip skall svara för sina kostnader utan också att det ingår i målet fö	2
data/1971/prot-1971--014.xml	23	https://betalab.kb.se/prot-1971--14/prot_1971__14-024.jp2/_view	https://github.com/welfare-state-analytics/riksdagen-corpus/blob/main/corpus/protocols/1971/prot-1971--14.xml#L1783	48	1	29	emellertid för allmänt hållen och behöver preciseras. Jag är fullt		emellertid för allmänt hållen och behöver preciseras. jag är fullt	0
data/1971/prot-1971--151.xml	54	https://betalab.kb.se/prot-1971--151/prot_1971__151-055.jp2/_view	https://github.com/welfare-state-analytics/riksdagen-corpus/blob/main/corpus/protocols/1971/prot-1971--151.xml#L4512	48	1	1	ske på beskostnad av servicen till allmänheten och näringslivet. Statliga		ske på bekostnad av servicen till allmänheten och näringslivet. statliga 	2
data/1971/prot-1971--151.xml	54	https://betalab.kb.se/prot-1971--151/prot_1971__151-055.jp2/_view	https://github.com/welfare-state-analytics/riksdagen-corpus/blob/main/corpus/protocols/1971/prot-1971--151.xml#L4512	48	1	2	företag utgör därvid inget udantag. SJ s service är ju inte heller särskilt 		företag utgör därvid inget undantag. sj:s service är ju inte heller särskil	3
data/1971/prot-1971--151.xml	54	https://betalab.kb.se/prot-1971--151/prot_1971__151-055.jp2/_view	https://github.com/welfare-state-analytics/riksdagen-corpus/blob/main/corpus/protocols/1971/prot-1971--151.xml#L4512	48	1	11	brottas med idag men där nu servicen kommer att bli försämrad. Det är		brottas med i dag men där nu servicen kommer att bli försämrad. det ä	2
data/1971/prot-1971--092.xml	13	https://betalab.kb.se/prot-1971--92/prot_1971__92-013.jp2/_view	https://github.com/welfare-state-analytics/riksdagen-corpus/blob/main/corpus/protocols/1971/prot-1971--92.xml#L1191	47	1	24	vi förde här i riksdagen för kort tid sedan skulle det väl vara en		vi förde här i riksdagen för kort tid sedan skulle det väl vara en	0
data/1971/prot-1971--092.xml	13	https://betalab.kb.se/prot-1971--92/prot_1971__92-013.jp2/_view	https://github.com/welfare-state-analytics/riksdagen-corpus/blob/main/corpus/protocols/1971/prot-1971--92.xml#L1191	47	1	33	När det gäller SJ och järnvägstrafiken över huvud taget kan man		när det gäller sj och järnvägstrafiken över huvud taget kan man	0
data/1971/prot-1971--092.xml	13	https://betalab.kb.se/prot-1971--92/prot_1971__92-013.jp2/_view	https://github.com/welfare-state-analytics/riksdagen-corpus/blob/main/corpus/protocols/1971/prot-1971--92.xml#L1191	47	1	37	fulla inslag. För det första har vi fått en kraftig ökning av själva		fulla inslag. för det första har vi fått en kraftig ökning av själva	0
data/1972/prot-1972--015.xml	21	https://betalab.kb.se/prot-1972--15/prot_1972__15-023.jp2/_view	https://github.com/welfare-state-analytics/riksdagen-corpus/blob/main/corpus/protocols/1972/prot-1972--15.xml#L1675	49	1	12	människor ej förstår varandra - konflikter 		tt människorna var rädda för en konflikt o	23
data/1972/prot-1972--015.xml	21	https://betalab.kb.se/prot-1972--15/prot_1972__15-023.jp2/_view	https://github.com/welfare-state-analytics/riksdagen-corpus/blob/main/corpus/protocols/1972/prot-1972--15.xml#L1675	49	1	39	lön. Av någon anledning har regeringen inte nu aviserat någon proposi-		inns inte någon anledning för regeringen att slå sig för bröstet och s	35
data/1972/prot-1972--015.xml	21	https://betalab.kb.se/prot-1972--15/prot_1972__15-023.jp2/_view	https://github.com/welfare-state-analytics/riksdagen-corpus/blob/main/corpus/protocols/1972/prot-1972--15.xml#L1675	49	1	42	kärva sysselsattningsläget nu har bl. A. medfört att antalet invandrare		o för sysselsättningen, om man får bo kvar och arbeta där man vill arbe	45
data/1973/prot-1973--134.xml	43	https://betalab.kb.se/prot-1973--134/prot_1973__134-043.jp2/_view	https://github.com/welfare-state-analytics/riksdagen-corpus/blob/main/corpus/protocols/1973/prot-1973--134.xml#L3801	48	1	9	och som tyvärr också kommer att bli aktuell åtskilliga år framöver.		och som tyvärr också kommer att bli aktuell åtskilliga år framöver.	0
data/1973/prot-1973--134.xml	43	https://betalab.kb.se/prot-1973--134/prot_1973__134-043.jp2/_view	https://github.com/welfare-state-analytics/riksdagen-corpus/blob/main/corpus/protocols/1973/prot-1973--134.xml#L3801	48	1	13	stort antal problem som griper in i varandra		stort antal problem som griper in i varandra	0
data/1973/prot-1973--134.xml	43	https://betalab.kb.se/prot-1973--134/prot_1973__134-043.jp2/_view	https://github.com/welfare-state-analytics/riksdagen-corpus/blob/main/corpus/protocols/1973/prot-1973--134.xml#L3801	48	1	44	kvinnor.		nr 134	8
data/1973/prot-1973--054.xml	80	https://betalab.kb.se/prot-1973--54/prot_1973__54-080.jp2/_view	https://github.com/welfare-state-analytics/riksdagen-corpus/blob/main/corpus/protocols/1973/prot-1973--54.xml#L7044	49	1	11	försvinnaeller ligga kvar. Vi vill att den nu tillsatta utredningen skall få		försvinna eller ligga kvar. vi vill att den nu tillsatta utredningen skall f	2
data/1973/prot-1973--054.xml	80	https://betalab.kb.se/prot-1973--54/prot_1973__54-080.jp2/_view	https://github.com/welfare-state-analytics/riksdagen-corpus/blob/main/corpus/protocols/1973/prot-1973--54.xml#L7044	49	1	40	betänkande nr 6 yrkat bifall till motionen 742 till årets riksdag av fru		betänkande nr 6 yrkat bifall till motionen 742 till årets riksdag av fru	0
data/1973/prot-1973--054.xml	80	https://betalab.kb.se/prot-1973--54/prot_1973__54-080.jp2/_view	https://github.com/welfare-state-analytics/riksdagen-corpus/blob/main/corpus/protocols/1973/prot-1973--54.xml#L7044	49	1	46	tas av det begärda statsanslaget.		tas av det begärda statsanslaget.	0
data/1973/prot-1973--055.xml	23	https://betalab.kb.se/prot-1973--55/prot_1973__55-023.jp2/_view	https://github.com/welfare-state-analytics/riksdagen-corpus/blob/main/corpus/protocols/1973/prot-1973--55.xml#L1959	49	1	3	som går till dessa organisationer ger enligt folkpartiets uppfattning en		som går till dessa organisationer ger enligt folkpartiets uppfattning en	0
data/1973/prot-1973--055.xml	23	https://betalab.kb.se/prot-1973--55/prot_1973__55-023.jp2/_view	https://github.com/welfare-state-analytics/riksdagen-corpus/blob/main/corpus/protocols/1973/prot-1973--55.xml#L1959	49	1	27	befolkningen bor I tätorter. Denna situation medför stora och ökande		befolkningen bor i tätorter. denna situation medför stora och ökande	0
data/1973/prot-1973--055.xml	23	https://betalab.kb.se/prot-1973--55/prot_1973__55-023.jp2/_view	https://github.com/welfare-state-analytics/riksdagen-corpus/blob/main/corpus/protocols/1973/prot-1973--55.xml#L1959	49	1	40	åtgärder. Ungefär hälften av denna areal låg i närheten av tätorter, och		åtgärder. ungefär hälften av denna areal låg i närheten av tätorter, och	0
data/1975/prot-1975--015.xml	101	https://betalab.kb.se/prot-1975--15/prot_1975__15-102.jp2/_view	https://github.com/welfare-state-analytics/riksdagen-corpus/blob/main/corpus/protocols/1975/prot-1975--15.xml#L8043	47	1	6	Där måste förändringarna börja.		där måste förändringarna börja.	0
data/1975/prot-1975--015.xml	101	https://betalab.kb.se/prot-1975--15/prot_1975__15-102.jp2/_view	https://github.com/welfare-state-analytics/riksdagen-corpus/blob/main/corpus/protocols/1975/prot-1975--15.xml#L8043	47	1	19	situation — alla tre är kvinnor. De här frågorna intressar inte männen.		situation - alla tre är kvinnor. de här frågorna intresserar inte männe	4
data/1975/prot-1975--015.xml	101	https://betalab.kb.se/prot-1975--15/prot_1975__15-102.jp2/_view	https://github.com/welfare-state-analytics/riksdagen-corpus/blob/main/corpus/protocols/1975/prot-1975--15.xml#L8043	47	1	40	portion är med och utformar den värld de lever i. Mannen måste aktivt		portion är med och utformar den värld de lever i. mannen måste aktivt	0
data/1975/prot-1975--085.xml	49	https://betalab.kb.se/prot-1975--85/prot_1975__85-050.jp2/_view	https://github.com/welfare-state-analytics/riksdagen-corpus/blob/main/corpus/protocols/1975/prot-1975--85.xml#L3988	44	1	31	81. att riksdagen beträffande lokalisering av utbildning till Gotland		81. att riksdagen beträffande lokalisering av utbildning till gotland	0
data/1975/prot-1975--085.xml	49	https://betalab.kb.se/prot-1975--85/prot_1975__85-050.jp2/_view	https://github.com/welfare-state-analytics/riksdagen-corpus/blob/main/corpus/protocols/1975/prot-1975--85.xml#L3988	44	1	35	försöksverksamhet med yrkesteknisk högskoleutbildning		försöksverksamhet med yrkesteknisk högskoleutbildning	0
data/1975/prot-1975--085.xml	49	https://betalab.kb.se/prot-1975--85/prot_1975__85-050.jp2/_view	https://github.com/welfare-state-analytics/riksdagen-corpus/blob/main/corpus/protocols/1975/prot-1975--85.xml#L3988	44	1	42	samt motionen 1975:49 yrkandet 4 och motionen 1975:1854 yrkandet		samt motionen 1975:49 yrkandet 4 och motionen 1975:1854 yrkandet	0
data/197576/prot-197576--103.xml	28	https://betalab.kb.se/prot-197576--103/prot_197576__103-028.jp2/_view	https://github.com/welfare-state-analytics/riksdagen-corpus/blob/main/corpus/protocols/197576/prot-197576--103.xml#L2379	45	1	8	tarismen innebär vidare att ansvaret skall krävas ut inte av de enskilda		tarismen innebär vidare att ansvaret skall krävas ut inte av de enskilda	0
data/197576/prot-197576--103.xml	28	https://betalab.kb.se/prot-197576--103/prot_197576__103-028.jp2/_view	https://github.com/welfare-state-analytics/riksdagen-corpus/blob/main/corpus/protocols/197576/prot-197576--103.xml#L2379	45	1	29	makt hos dessa ämbetsverk som de inte bör ha i en parlamentarisk stad.		makt hos dessa ämbetsverk som de inte bör ha i en parlamentarisk stat.	1
data/197576/prot-197576--103.xml	28	https://betalab.kb.se/prot-197576--103/prot_197576__103-028.jp2/_view	https://github.com/welfare-state-analytics/riksdagen-corpus/blob/main/corpus/protocols/197576/prot-197576--103.xml#L2379	45	1	38	Herr talman! Herr Johansson I Trollhättan finner orsaken till propo-		herr talman! herr johansson i trollhättan finner orsaken till propos	1
data/197576/prot-197576--012.xml	73	https://betalab.kb.se/prot-197576--12/prot_197576__12-074.jp2/_view	https://github.com/welfare-state-analytics/riksdagen-corpus/blob/main/corpus/protocols/197576/prot-197576--12.xml#L5854	36	1	5	i trafiken, onykterheten. På samma sätt erbjuder de kristna samfundens		i trafiken, onykterheten. på samma sätt erbjuder de kristna samfundens	0
data/197576/prot-197576--012.xml	73	https://betalab.kb.se/prot-197576--12/prot_197576__12-074.jp2/_view	https://github.com/welfare-state-analytics/riksdagen-corpus/blob/main/corpus/protocols/197576/prot-197576--12.xml#L5854	36	1	7	människor till rätta I tillvaron utgör den helt dominerande uppgiften.		människor till rätta i tillvaron utgör den helt dominerande uppgiften.	0
data/197576/prot-197576--012.xml	73	https://betalab.kb.se/prot-197576--12/prot_197576__12-074.jp2/_view	https://github.com/welfare-state-analytics/riksdagen-corpus/blob/main/corpus/protocols/197576/prot-197576--12.xml#L5854	36	1	28	föras främst bland två gånger bordlagda ärenden. 		föras främst bland två gånger bordlagda ärenden.	0
data/197576/prot-197576--148.xml	29	https://betalab.kb.se/prot-197576--148/prot_197576__148-029.jp2/_view	https://github.com/welfare-state-analytics/riksdagen-corpus/blob/main/corpus/protocols/197576/prot-197576--148.xml#L2418	44	1	22	det av mitt agerande I riksdagsarbetet framgåt att jag. Inte är någon		det av mitt agerande i riksdagsarbetet framgått att jag inte är någon	2
data/197576/prot-197576--148.xml	29	https://betalab.kb.se/prot-197576--148/prot_197576__148-029.jp2/_view	https://github.com/welfare-state-analytics/riksdagen-corpus/blob/main/corpus/protocols/197576/prot-197576--148.xml#L2418	44	1	25	hetens utan också de anställdas och mina medmänniskors och samhällets		hetens utan också de anställdas och mina medmänniskors och samhällets	0
data/197576/prot-197576--148.xml	29	https://betalab.kb.se/prot-197576--148/prot_197576__148-029.jp2/_view	https://github.com/welfare-state-analytics/riksdagen-corpus/blob/main/corpus/protocols/197576/prot-197576--148.xml#L2418	44	1	37	export är därfö en mycket betydelsefull faktor för upprätthållande av		export är därför en mycket betydelsefull faktor för upprätthållande a	2
data/197576/prot-197576--018.xml	14	https://betalab.kb.se/prot-197576--18/prot_197576__18-015.jp2/_view	https://github.com/welfare-state-analytics/riksdagen-corpus/blob/main/corpus/protocols/197576/prot-197576--18.xml#L1118	46	1	18	""" Hörnlund (s) 102"		hörnlund (s) 102	2
data/197576/prot-197576--018.xml	14	https://betalab.kb.se/prot-197576--18/prot_197576__18-015.jp2/_view	https://github.com/welfare-state-analytics/riksdagen-corpus/blob/main/corpus/protocols/197576/prot-197576--18.xml#L1118	46	1	31	” Nilsson i Tvärålund (c) 57		nilsson i tvärålund (c) 57	2
data/197576/prot-197576--018.xml	14	https://betalab.kb.se/prot-197576--18/prot_197576__18-015.jp2/_view	https://github.com/welfare-state-analytics/riksdagen-corpus/blob/main/corpus/protocols/197576/prot-197576--18.xml#L1118	46	1	33	” Nordgren (m) 8, 10, 11		1 nordgren (m) 8, 10, 11	1
data/197576/prot-197576--031.xml	2	https://betalab.kb.se/prot-197576--31/prot_197576__31-002.jp2/_view	https://github.com/welfare-state-analytics/riksdagen-corpus/blob/main/corpus/protocols/197576/prot-197576--31.xml#L262	14	1	8	tionella jordbruksutvecklingsfonden ……...............162		projektet i demokratiska republiken vietnam. .........ss	39
data/197576/prot-197576--031.xml	2	https://betalab.kb.se/prot-197576--31/prot_197576__31-002.jp2/_view	https://github.com/welfare-state-analytics/riksdagen-corpus/blob/main/corpus/protocols/197576/prot-197576--31.xml#L262	14	1	13	1975/76:138 av herr Sellgren (fp) om vuxenstuderandes rätt till		1975/76:138 av herr sellgren (fp) om vuxenstuderandes rätt till	0
data/197576/prot-197576--031.xml	2	https://betalab.kb.se/prot-197576--31/prot_197576__31-002.jp2/_view	https://github.com/welfare-state-analytics/riksdagen-corpus/blob/main/corpus/protocols/197576/prot-197576--31.xml#L262	14	1	14	extra studiemedel.................................... 168		ojektet i demokratiska republiken vietnam. .........sssss	43
data/197576/prot-197576--079.xml	48	https://betalab.kb.se/prot-197576--79/prot_197576__79-049.jp2/_view	https://github.com/welfare-state-analytics/riksdagen-corpus/blob/main/corpus/protocols/197576/prot-197576--79.xml#L3778	46	1	3	allt visat att varje saklig bedömning av vårt lands nuvarande ekonomi		allt visat att varje saklig bedömning av vårt lands nuvarande ekonomi	0
data/197576/prot-197576--079.xml	48	https://betalab.kb.se/prot-197576--79/prot_197576__79-049.jp2/_view	https://github.com/welfare-state-analytics/riksdagen-corpus/blob/main/corpus/protocols/197576/prot-197576--79.xml#L3778	46	1	32	företagen.Idéerna måste växa fram spontant. Det går inte att jommen-		företagen. idéerna måste växa fram spontant. det går inte att kommen	3
data/197576/prot-197576--079.xml	48	https://betalab.kb.se/prot-197576--79/prot_197576__79-049.jp2/_view	https://github.com/welfare-state-analytics/riksdagen-corpus/blob/main/corpus/protocols/197576/prot-197576--79.xml#L3778	46	1	42	klart att det ä något fel när just ungdomen inte kan finna plats i vårt 		klart att det är något fel när just ungdomen inte kan finna plats i vår	2
data/197576/prot-197576--089.xml	21	https://betalab.kb.se/prot-197576--89/prot_197576__89-021.jp2/_view	https://github.com/welfare-state-analytics/riksdagen-corpus/blob/main/corpus/protocols/197576/prot-197576--89.xml#L1738	45	1	19	det kan förväntas att så blir fallet även I forsättninge. Också vid för-		det kan förväntas att så blir fallet även i fortsättningen. också vid fö	4
data/197576/prot-197576--089.xml	21	https://betalab.kb.se/prot-197576--89/prot_197576__89-021.jp2/_view	https://github.com/welfare-state-analytics/riksdagen-corpus/blob/main/corpus/protocols/197576/prot-197576--89.xml#L1738	45	1	29	Motionsförslaget är mycket angeläget och har varit det länge. Resurserna		motionsförslaget är mycket angeläget och har varit det länge. resurserna	0
data/197576/prot-197576--089.xml	21	https://betalab.kb.se/prot-197576--89/prot_197576__89-021.jp2/_view	https://github.com/welfare-state-analytics/riksdagen-corpus/blob/main/corpus/protocols/197576/prot-197576--89.xml#L1738	45	1	41	Herr WESTBERG i Ljusdal (fp):		herr westberg i ljusdal (fp):	0
data/197677/prot-197677--134.xml	33	https://betalab.kb.se/prot-197677--134/prot_197677__134-033.jp2/_view	https://github.com/welfare-state-analytics/riksdagen-corpus/blob/main/corpus/protocols/197677/prot-197677--134.xml#L2807	38	1	21	Överläggningen var härmed slutad.		överläggningen var härmed slutad.	0
data/197677/prot-197677--134.xml	33	https://betalab.kb.se/prot-197677--134/prot_197677__134-033.jp2/_view	https://github.com/welfare-state-analytics/riksdagen-corpus/blob/main/corpus/protocols/197677/prot-197677--134.xml#L2807	38	1	24	positionen vara med övervägande ja besvärad. Sedan herr Aspling begärt		positionen vara med övervägande ja besvarad. sedan herr aspling begärt	1
data/197677/prot-197677--134.xml	33	https://betalab.kb.se/prot-197677--134/prot_197677__134-033.jp2/_view	https://github.com/welfare-state-analytics/riksdagen-corpus/blob/main/corpus/protocols/197677/prot-197677--134.xml#L2807	38	1	30	Vinner nej har kammaren bifallit reservationen nr 1 av herr Aspling		vinner nej har kammaren bifallit reservationen nr 1 av herr aspling	0
data/197677/prot-197677--071.xml	4	https://betalab.kb.se/prot-197677--71/prot_197677__71-004.jp2/_view	https://github.com/welfare-state-analytics/riksdagen-corpus/blob/main/corpus/protocols/197677/prot-197677--71.xml#L571	31	1	10	1976/77:24 om införande av republik .................... 56		1976/77:24 om införande av. republik > :-«s::«s swede: vses	24
data/197677/prot-197677--071.xml	4	https://betalab.kb.se/prot-197677--71/prot_197677__71-004.jp2/_view	https://github.com/welfare-state-analytics/riksdagen-corpus/blob/main/corpus/protocols/197677/prot-197677--71.xml#L571	31	1	19	Utbildningsutskottets betänkanden		utbildningsutskottets betänkanden	0
data/197677/prot-197677--071.xml	4	https://betalab.kb.se/prot-197677--71/prot_197677__71-004.jp2/_view	https://github.com/welfare-state-analytics/riksdagen-corpus/blob/main/corpus/protocols/197677/prot-197677--71.xml#L571	31	1	22	1976/77:12 om anslag till utbildingsdepartamentet m.m… 74		1976/77:12 om anslag till utbildningsdepartementet m. m..	7
data/197677/prot-197677--077.xml	73	https://betalab.kb.se/prot-197677--77/prot_197677__77-074.jp2/_view	https://github.com/welfare-state-analytics/riksdagen-corpus/blob/main/corpus/protocols/197677/prot-197677--77.xml#L6188	45	1	6	fråga?		nr 77	5
data/197677/prot-197677--077.xml	73	https://betalab.kb.se/prot-197677--77/prot_197677__77-074.jp2/_view	https://github.com/welfare-state-analytics/riksdagen-corpus/blob/main/corpus/protocols/197677/prot-197677--77.xml#L6188	45	1	8	skall framlägga förslag exakt i den riktning som utskottet skriver, och		skall framlägga förslag exakt i den riktning som utskottet skriver, och	0
data/197677/prot-197677--077.xml	73	https://betalab.kb.se/prot-197677--77/prot_197677__77-074.jp2/_view	https://github.com/welfare-state-analytics/riksdagen-corpus/blob/main/corpus/protocols/197677/prot-197677--77.xml#L6188	45	1	25	Herr talman! Jag vill till att börja med säga till fru Håvik att riksdagen		herr talman! jag vill till att börja med säga till fru håvik att riksdagen	0
data/197778/prot-197778--110.xml	50	https://betalab.kb.se/prot-197778--110/prot_197778__110-050.jp2/_view	https://github.com/welfare-state-analytics/riksdagen-corpus/blob/main/corpus/protocols/197778/prot-197778--110.xml#L4301	47	1	23	industrierna i miljöhänseende. Det finns, menar man, risk för felinveste-		industrierna i miljöhänseende. det finns, menar man, risk för felinvester	1
data/197778/prot-197778--110.xml	50	https://betalab.kb.se/prot-197778--110/prot_197778__110-050.jp2/_view	https://github.com/welfare-state-analytics/riksdagen-corpus/blob/main/corpus/protocols/197778/prot-197778--110.xml#L4301	47	1	26	utrustningen ringa.		sutrustningen ringa.	1
data/197778/prot-197778--110.xml	50	https://betalab.kb.se/prot-197778--110/prot_197778__110-050.jp2/_view	https://github.com/welfare-state-analytics/riksdagen-corpus/blob/main/corpus/protocols/197778/prot-197778--110.xml#L4301	47	1	43	rapporten säger man att luftutsläppen kanske är tusen gånger så stora som		rapporten säger man att luftutsläppen kanske är tusen gånger så stora som	0
data/197778/prot-197778--017.xml	81	https://betalab.kb.se/prot-197778--17/prot_197778__17-082.jp2/_view	https://github.com/welfare-state-analytics/riksdagen-corpus/blob/main/corpus/protocols/197778/prot-197778--17.xml#L6753	42	1	13	de mera konkreta åtgärderna. Det visar sig ändå ofta att just när man		de mera konkreta åtgärderna. det visar sig ändå ofta att just när man	0
data/197778/prot-197778--017.xml	81	https://betalab.kb.se/prot-197778--17/prot_197778__17-082.jp2/_view	https://github.com/welfare-state-analytics/riksdagen-corpus/blob/main/corpus/protocols/197778/prot-197778--17.xml#L6753	42	1	19	här misstror de moderata och konservativa krafterna.		här misstror de moderata och konservativa krafterna.	0
data/197778/prot-197778--017.xml	81	https://betalab.kb.se/prot-197778--17/prot_197778__17-082.jp2/_view	https://github.com/welfare-state-analytics/riksdagen-corpus/blob/main/corpus/protocols/197778/prot-197778--17.xml#L6753	42	1	39	spektivet när det gäller inställningen till utbildningspolitiken.		spektivet när det gäller inställningen till utbildningspolitiken.	0
data/197778/prot-197778--044.xml	71	https://betalab.kb.se/prot-197778--44/prot_197778__44-072.jp2/_view	https://github.com/welfare-state-analytics/riksdagen-corpus/blob/main/corpus/protocols/197778/prot-197778--44.xml#L6122	6	1	2	Svensson, Evert (s) 161		svensson, evert (s) 161	0
data/197778/prot-197778--044.xml	71	https://betalab.kb.se/prot-197778--44/prot_197778__44-072.jp2/_view	https://github.com/welfare-state-analytics/riksdagen-corpus/blob/main/corpus/protocols/197778/prot-197778--44.xml#L6122	6	1	3	Söderqvist, Oswald (vpk) 149, 156, 158		söderqvist, oswald (vpk) 149, 156, 158	0
data/197778/prot-197778--044.xml	71	https://betalab.kb.se/prot-197778--44/prot_197778__44-072.jp2/_view	https://github.com/welfare-state-analytics/riksdagen-corpus/blob/main/corpus/protocols/197778/prot-197778--44.xml#L6122	6	1	4	af Ugglas, Margaretha (m) 128		af ugglas, margaretha (m) 128	0
data/197879/prot-197879--119.xml	8	https://betalab.kb.se/prot-197879--119/prot_197879__119-009.jp2/_view	https://github.com/welfare-state-analytics/riksdagen-corpus/blob/main/corpus/protocols/197879/prot-197879--119.xml#L663	43	1	10	morgon att ha ett sammanträffande med alla tre företagen, då vi skall försöka		morgon att ha ett sammanträffande med alla tre företagen, då vi skall försöka	0
data/197879/prot-197879--119.xml	8	https://betalab.kb.se/prot-197879--119/prot_197879__119-009.jp2/_view	https://github.com/welfare-state-analytics/riksdagen-corpus/blob/main/corpus/protocols/197879/prot-197879--119.xml#L663	43	1	20	personal, omskola personal osv. Ju längre man drar ut på tiden desto mer akut		personal, omskola personal osv. ju längre man drar ut på tiden desto mer akut	0
data/197879/prot-197879--119.xml	8	https://betalab.kb.se/prot-197879--119/prot_197879__119-009.jp2/_view	https://github.com/welfare-state-analytics/riksdagen-corpus/blob/main/corpus/protocols/197879/prot-197879--119.xml#L663	43	1	43	den sista i mitt svar — är frågeställaren och jag överens.		den sista i mitt svar - är frågeställaren och jag överens.	0
data/197879/prot-197879--120.xml	6	https://betalab.kb.se/prot-197879--120/prot_197879__120-006.jp2/_view	https://github.com/welfare-state-analytics/riksdagen-corpus/blob/main/corpus/protocols/197879/prot-197879--120.xml#L572	42	1	7	3. beträffande en bildkonstnärsfond av Georg Andersson, Ingemar Lean-		3. beträffande en bildkonstnärsfond av georg andersson, ingemar leand	1
data/197879/prot-197879--120.xml	6	https://betalab.kb.se/prot-197879--120/prot_197879__120-006.jp2/_view	https://github.com/welfare-state-analytics/riksdagen-corpus/blob/main/corpus/protocols/197879/prot-197879--120.xml#L572	42	1	8	med anledning av motionen 1978/79:896 anfört om ersättning till bildkonst-		med anledning av motionen 1978/79:896 anfört om ersättning till bildkonstn	1
data/197879/prot-197879--120.xml	6	https://betalab.kb.se/prot-197879--120/prot_197879__120-006.jp2/_view	https://github.com/welfare-state-analytics/riksdagen-corpus/blob/main/corpus/protocols/197879/prot-197879--120.xml#L572	42	1	32	3. att riksdagen uttalade sig för att framtida höjningar av biblioteks-		3. att riksdagen uttalade sig för att framtida höjningar av bibliotekse	1
data/197879/prot-197879--052.xml	122	https://betalab.kb.se/prot-197879--52/prot_197879__52-122.jp2/_view	https://github.com/welfare-state-analytics/riksdagen-corpus/blob/main/corpus/protocols/197879/prot-197879--52.xml#L10516	42	1	37	att regeringen I årets tilläggsproposition 1978/79:25 skulle ha tagit ställning		att regeringen i årets tilläggsproposition 1978/79:25 skulle ha tagit ställning	0
data/197879/prot-197879--052.xml	122	https://betalab.kb.se/prot-197879--52/prot_197879__52-122.jp2/_view	https://github.com/welfare-state-analytics/riksdagen-corpus/blob/main/corpus/protocols/197879/prot-197879--52.xml#L10516	42	1	38	till den fortfarande oavgjorda frågan om grunderna för medelsberäkningen		till den fortfarande oavgjorda frågan om grunderna för medelsberäkningen	0
data/197879/prot-197879--052.xml	122	https://betalab.kb.se/prot-197879--52/prot_197879__52-122.jp2/_view	https://github.com/welfare-state-analytics/riksdagen-corpus/blob/main/corpus/protocols/197879/prot-197879--52.xml#L10516	42	1	40	fortfarande icke lyckats genomtränga det dunkel som omger anslagsberäk-		fortfarande icke lyckats genomtränga det dunkel som omger anslagsberäkn	1
data/197879/prot-197879--062.xml	10	https://betalab.kb.se/prot-197879--62/prot_197879__62-010.jp2/_view	https://github.com/welfare-state-analytics/riksdagen-corpus/blob/main/corpus/protocols/197879/prot-197879--62.xml#L1037	46	1	5	lemmarna har ökat stadigt i antal månad för månad under senaste		dlemmarna har ökat stadigt i antal månad för månad under den se	4
data/197879/prot-197879--062.xml	10	https://betalab.kb.se/prot-197879--62/prot_197879__62-010.jp2/_view	https://github.com/welfare-state-analytics/riksdagen-corpus/blob/main/corpus/protocols/197879/prot-197879--62.xml#L1037	46	1	19	Slutlingen konstaterar länsarbetsnämnden i sin rapport att de medel som		slutligen konstaterar länsarbetsnämnden i sin rapport att de medel som 	2
data/197879/prot-197879--062.xml	10	https://betalab.kb.se/prot-197879--62/prot_197879__62-010.jp2/_view	https://github.com/welfare-state-analytics/riksdagen-corpus/blob/main/corpus/protocols/197879/prot-197879--62.xml#L1037	46	1	39	väntas även den offentliga sektorns sysselsättning utvecklas långsamt. En		väntas även den offentliga sektorns sysselsättning utvecklas långsamt. en	0
data/197879/prot-197879--081.xml	35	https://betalab.kb.se/prot-197879--81/prot_197879__81-037.jp2/_view	https://github.com/welfare-state-analytics/riksdagen-corpus/blob/main/corpus/protocols/197879/prot-197879--81.xml#L3104	3	1	1	Wirtén, Rolf, arbetsmarknadsminister 92, 98, 102, 103		wirtén, rolf, arbetsmarknadsminister 92, 98, 102, 103	0
data/197879/prot-197879--081.xml	35	https://betalab.kb.se/prot-197879--81/prot_197879__81-037.jp2/_view	https://github.com/welfare-state-analytics/riksdagen-corpus/blob/main/corpus/protocols/197879/prot-197879--81.xml#L3104	3	1	2	Wästberg, Olle, i Stockholm 62		wästberg, olle, i stockholm 62	0
data/197879/prot-197879--081.xml	35	https://betalab.kb.se/prot-197879--81/prot_197879__81-037.jp2/_view	https://github.com/welfare-state-analytics/riksdagen-corpus/blob/main/corpus/protocols/197879/prot-197879--81.xml#L3104	3	1	3	Öhrsvik, Lena (s) 85, 86		öhrsvik, lena (s) 85, 86	0
data/197980/prot-197980--115.xml	44	https://betalab.kb.se/prot-197980--115/prot_197980__115-045.jp2/_view	https://github.com/welfare-state-analytics/riksdagen-corpus/blob/main/corpus/protocols/197980/prot-197980--115.xml#L3956	44	1	22	möjlighet att göra.		 möjlighet att göra.	1
data/197980/prot-197980--115.xml	44	https://betalab.kb.se/prot-197980--115/prot_197980__115-045.jp2/_view	https://github.com/welfare-state-analytics/riksdagen-corpus/blob/main/corpus/protocols/197980/prot-197980--115.xml#L3956	44	1	36	på kollektivtrafiken.		på kollektivtrafiken.	0
data/197980/prot-197980--115.xml	44	https://betalab.kb.se/prot-197980--115/prot_197980__115-045.jp2/_view	https://github.com/welfare-state-analytics/riksdagen-corpus/blob/main/corpus/protocols/197980/prot-197980--115.xml#L3956	44	1	44	på lokal nivå, när ställning tas till olika vägprojekt. Det kan jag hålla med om,		på lokal nivå, när ställning tas till olika vägprojekt. det kan jag hålla med om,	0
data/197980/prot-197980--160.xml	32	https://betalab.kb.se/prot-197980--160/prot_197980__160-032.jp2/_view	https://github.com/welfare-state-analytics/riksdagen-corpus/blob/main/corpus/protocols/197980/prot-197980--160.xml#L2813	47	1	2	program som kommer att gå ut över vitala områden. Den sociala välfärden		program som kommer att gå ut över vitala områden. den sociala välfärden	0
data/197980/prot-197980--160.xml	32	https://betalab.kb.se/prot-197980--160/prot_197980__160-032.jp2/_view	https://github.com/welfare-state-analytics/riksdagen-corpus/blob/main/corpus/protocols/197980/prot-197980--160.xml#L2813	47	1	3	hotas. Kampen mot den gemensamma sektorn pågår från högerhåll och lär		hotas. kampen mot den gemensamma sektorn pågår från högerhåll och lär	0
data/197980/prot-197980--160.xml	32	https://betalab.kb.se/prot-197980--160/prot_197980__160-032.jp2/_view	https://github.com/welfare-state-analytics/riksdagen-corpus/blob/main/corpus/protocols/197980/prot-197980--160.xml#L2813	47	1	41	dens uppgifter ytterligare.		dens uppgifter ytterligare.	0
data/1920/prot-1920--ak--027.xml	55	https://betalab.kb.se/prot-1920--ak--27/prot_1920__ak__27-055.jp2/_view	https://github.com/welfare-state-analytics/riksdagen-corpus/blob/main/corpus/protocols/1920/prot-1920--ak--27.xml#L4509	49	1	21	kan se, all anledning att fortsätta på den vägen, och jag vill säga		kan se, all anledning att fortsätta på den vägen, och jag vill säga	0
data/1920/prot-1920--ak--027.xml	55	https://betalab.kb.se/prot-1920--ak--27/prot_1920__ak__27-055.jp2/_view	https://github.com/welfare-state-analytics/riksdagen-corpus/blob/main/corpus/protocols/1920/prot-1920--ak--27.xml#L4509	49	1	38	Det synes mig, som om man I dag ville vortse från det vä-		det synes mig, som om man i dag ville bortse från det väs	2
data/1920/prot-1920--ak--027.xml	55	https://betalab.kb.se/prot-1920--ak--27/prot_1920__ak__27-055.jp2/_view	https://github.com/welfare-state-analytics/riksdagen-corpus/blob/main/corpus/protocols/1920/prot-1920--ak--27.xml#L4509	49	1	48	Jag vill dock hoppas, att riksdagen icke skall härvidlag alltför		jag vill dock hoppas, att riksdagen icke skall härvidlag alltför	0
data/1920/prot-1920--ak--059.xml	61	https://betalab.kb.se/prot-1920--ak--59/prot_1920__ak__59-061.jp2/_view	https://github.com/welfare-state-analytics/riksdagen-corpus/blob/main/corpus/protocols/1920/prot-1920--ak--59.xml#L4882	48	1	10	den grupp, som mest behövert hjälp. De mest behjärtansvärda bland		 den grupp, som mest behöver hjälp. de mest behjärtansvärda bland	2
data/1920/prot-1920--ak--059.xml	61	https://betalab.kb.se/prot-1920--ak--59/prot_1920__ak__59-061.jp2/_view	https://github.com/welfare-state-analytics/riksdagen-corpus/blob/main/corpus/protocols/1920/prot-1920--ak--59.xml#L4882	48	1	14	Jag ber också få påpeka att dyrtidstilläggen för pensionärerna 		jag ber också få påpeka, att dyrtidstilläggen för pensionärern	2
data/1920/prot-1920--ak--059.xml	61	https://betalab.kb.se/prot-1920--ak--59/prot_1920__ak__59-061.jp2/_view	https://github.com/welfare-state-analytics/riksdagen-corpus/blob/main/corpus/protocols/1920/prot-1920--ak--59.xml#L4882	48	1	43	mina herrar! Den föregående ärade talaren riktade en vädjan, till		mina herrar! den föregående ärade talaren riktade en vädjan, till	0
data/1920/prot-1920--fk--062.xml	69	https://betalab.kb.se/prot-1920--fk--62/prot_1920__fk__62-069.jp2/_view	https://github.com/welfare-state-analytics/riksdagen-corpus/blob/main/corpus/protocols/1920/prot-1920--fk--62.xml#L5600	31	1	14	nr 4, i anledning av Kungl. Maj:ts proposition med förslag till		nr 4, i anledning av kungl. maj:ts proposition med förslag till	0
data/1920/prot-1920--fk--062.xml	69	https://betalab.kb.se/prot-1920--fk--62/prot_1920__fk__62-069.jp2/_view	https://github.com/welfare-state-analytics/riksdagen-corpus/blob/main/corpus/protocols/1920/prot-1920--fk--62.xml#L5600	31	1	27	Kammarens sammanträde avslutades kl 7.43 e. m.		kammarens sammanträde avslutades kl. 7,43 e. m	3
data/1920/prot-1920--fk--062.xml	69	https://betalab.kb.se/prot-1920--fk--62/prot_1920__fk__62-069.jp2/_view	https://github.com/welfare-state-analytics/riksdagen-corpus/blob/main/corpus/protocols/1920/prot-1920--fk--62.xml#L5600	31	1	29	In fidem		in fidem	0
data/1921/prot-1921--ak--015.xml	12	https://betalab.kb.se/prot-1921--ak--15/prot_1921__ak__15-012.jp2/_view	https://github.com/welfare-state-analytics/riksdagen-corpus/blob/main/corpus/protocols/1921/prot-1921--ak--15.xml#L992	48	1	2	sårande att på detta sätt anses som en mindervärdig person ty män-		sårande att på detta sätt anses som en mindervärdig person, ty män	2
data/1921/prot-1921--ak--015.xml	12	https://betalab.kb.se/prot-1921--ak--15/prot_1921__ak__15-012.jp2/_view	https://github.com/welfare-state-analytics/riksdagen-corpus/blob/main/corpus/protocols/1921/prot-1921--ak--15.xml#L992	48	1	14	arbetare, nämligen jordbruksarbetarna. Jag tror att om herrarna		arbetare, nämligen jordbruksarbetarna. jag tror, att om herrarn	2
data/1921/prot-1921--ak--015.xml	12	https://betalab.kb.se/prot-1921--ak--15/prot_1921__ak__15-012.jp2/_view	https://github.com/welfare-state-analytics/riksdagen-corpus/blob/main/corpus/protocols/1921/prot-1921--ak--15.xml#L992	48	1	41	arbetare kanske fått finna sig i reducering av den arbetslön, som de		arbetare kanske fått finna sig i reducering av den arbetslön, som de	0
data/1921/prot-1921--ak--024.xml	131	https://betalab.kb.se/prot-1921--ak--24/prot_1921__ak__24-131.jp2/_view	https://github.com/welfare-state-analytics/riksdagen-corpus/blob/main/corpus/protocols/1921/prot-1921--ak--24.xml#L10357	47	1	10	eller avslag på denna framställning utan nöjer mig med att lämna		eller avslag på denna framställning utan nöjer mig med att lämna	0
data/1921/prot-1921--ak--024.xml	131	https://betalab.kb.se/prot-1921--ak--24/prot_1921__ak__24-131.jp2/_view	https://github.com/welfare-state-analytics/riksdagen-corpus/blob/main/corpus/protocols/1921/prot-1921--ak--24.xml#L10357	47	1	21	Jag får verkligen lov säga, att den utställning, som vi sågo		jag får verkligen lov säga, att den utställning, som vi sågo	0
data/1921/prot-1921--ak--024.xml	131	https://betalab.kb.se/prot-1921--ak--24/prot_1921__ak__24-131.jp2/_view	https://github.com/welfare-state-analytics/riksdagen-corpus/blob/main/corpus/protocols/1921/prot-1921--ak--24.xml#L10357	47	1	28	Jag ber att få yrka avslag å utskottets hemställan.		jag ber att få yrka avslag å utskottets hemställan.	0
data/1921/prot-1921--ak--056.xml	45	https://betalab.kb.se/prot-1921--ak--56/prot_1921__ak__56-045.jp2/_view	https://github.com/welfare-state-analytics/riksdagen-corpus/blob/main/corpus/protocols/1921/prot-1921--ak--56.xml#L3719	49	1	24	liggande sammanjämkningsförslaget. Om andra kammaren avslår		liggande sammanjämkningsförslaget. om andra kammaren avslår	0
data/1921/prot-1921--ak--056.xml	45	https://betalab.kb.se/prot-1921--ak--56/prot_1921__ak__56-045.jp2/_view	https://github.com/welfare-state-analytics/riksdagen-corpus/blob/main/corpus/protocols/1921/prot-1921--ak--56.xml#L3719	49	1	29	Herr Hederstierna: Det var med mycket stor nyfikenhet,		 herr hederstierna tror jag mig kunna uttala, att det 	29
data/1921/prot-1921--ak--056.xml	45	https://betalab.kb.se/prot-1921--ak--56/prot_1921__ak__56-045.jp2/_view	https://github.com/welfare-state-analytics/riksdagen-corpus/blob/main/corpus/protocols/1921/prot-1921--ak--56.xml#L3719	49	1	36	kurs för barnmorskorna eller icke, utan vi skola endast bedöma huru		kurs för barnmorskorna eller icke, utan vi skola endast bedöma huru	0
data/1921/prot-1921--fk--040.xml	91	https://betalab.kb.se/prot-1921--fk--40/prot_1921__fk__40-091.jp2/_view	https://github.com/welfare-state-analytics/riksdagen-corpus/blob/main/corpus/protocols/1921/prot-1921--fk--40.xml#L7430	46	1	9	vara möjligt att verkställa denna utredning med mindre än att man		vara möjligt att verkställa denna utredning med mindre än att man	0
data/1921/prot-1921--fk--040.xml	91	https://betalab.kb.se/prot-1921--fk--40/prot_1921__fk__40-091.jp2/_view	https://github.com/welfare-state-analytics/riksdagen-corpus/blob/main/corpus/protocols/1921/prot-1921--fk--40.xml#L7430	46	1	13	Reuterskiöld är ensam om den uppfattningen, att vi skulle ansett åtgärden		reuterskiöld är ensam om den uppfattningen, att vi skulle ansett åtgärden	0
data/1921/prot-1921--fk--040.xml	91	https://betalab.kb.se/prot-1921--fk--40/prot_1921__fk__40-091.jp2/_view	https://github.com/welfare-state-analytics/riksdagen-corpus/blob/main/corpus/protocols/1921/prot-1921--fk--40.xml#L7430	46	1	24	seringskommittén skulle utföra, nog får jag bekänna, att jag fick det		seringskommittén skulle utföra, nog får jag bekänna, att jag fick det	0
data/1922/prot-1922--fk--023.xml	57	https://betalab.kb.se/prot-1922--fk--23/prot_1922__fk__23-057.jp2/_view	https://github.com/welfare-state-analytics/riksdagen-corpus/blob/main/corpus/protocols/1922/prot-1922--fk--23.xml#L4359	48	1	1	Onsdagen den 5 april f. m.		onsdagen den 5 april f. m.	0
data/1922/prot-1922--fk--023.xml	57	https://betalab.kb.se/prot-1922--fk--23/prot_1922__fk__23-057.jp2/_view	https://github.com/welfare-state-analytics/riksdagen-corpus/blob/main/corpus/protocols/1922/prot-1922--fk--23.xml#L4359	48	1	9	taxetid.		nr 28.	7
data/1922/prot-1922--fk--023.xml	57	https://betalab.kb.se/prot-1922--fk--23/prot_1922__fk__23-057.jp2/_view	https://github.com/welfare-state-analytics/riksdagen-corpus/blob/main/corpus/protocols/1922/prot-1922--fk--23.xml#L4359	48	1	27	skörden vann en mycket stor avsättning, när den kom i marknaden. Ty		skörden vann en mycket stor avsättning, när den kom i marknaden. ty	0
data/1923/prot-1923--ak--021.xml	72	https://betalab.kb.se/prot-1923--ak--21/prot_1923__ak__21-072.jp2/_view	https://github.com/welfare-state-analytics/riksdagen-corpus/blob/main/corpus/protocols/1923/prot-1923--ak--21.xml#L5625	50	1	14	dalag, förklarat, att den icke kunnat tillstyrka en sådan regel bakåt.		dalag, förklarat, att den icke kunnat tillstyrka en sådan regel bakåt.	0
data/1923/prot-1923--ak--021.xml	72	https://betalab.kb.se/prot-1923--ak--21/prot_1923__ak__21-072.jp2/_view	https://github.com/welfare-state-analytics/riksdagen-corpus/blob/main/corpus/protocols/1923/prot-1923--ak--21.xml#L5625	50	1	22	alla de oartiga ord, som ha blivit fällda om detta förslag, så skulle		alla de oartiga ord, som ha blivit fällda om detta förslag, så skulle	0
data/1923/prot-1923--ak--021.xml	72	https://betalab.kb.se/prot-1923--ak--21/prot_1923__ak__21-072.jp2/_view	https://github.com/welfare-state-analytics/riksdagen-corpus/blob/main/corpus/protocols/1923/prot-1923--ak--21.xml#L5625	50	1	44	de orsaker, som kunna finnas att försöka jämka på direktiven. Han		de orsaker, som kunna finnas att försöka jämka på direktiven. han	0
data/1923/prot-1923--ak--022.xml	26	https://betalab.kb.se/prot-1923--ak--22/prot_1923__ak__22-026.jp2/_view	https://github.com/welfare-state-analytics/riksdagen-corpus/blob/main/corpus/protocols/1923/prot-1923--ak--22.xml#L2122	50	1	22	av instresse att få erfara huru denna fordran uppkommit, då väl		 av intresse att få erfara huru denna fordran uppkommit, då väl	2
data/1923/prot-1923--ak--022.xml	26	https://betalab.kb.se/prot-1923--ak--22/prot_1923__ak__22-026.jp2/_view	https://github.com/welfare-state-analytics/riksdagen-corpus/blob/main/corpus/protocols/1923/prot-1923--ak--22.xml#L2122	50	1	25	mera i detta avseende.		mera 1 detta avseende.	1
data/1923/prot-1923--ak--022.xml	26	https://betalab.kb.se/prot-1923--ak--22/prot_1923__ak__22-026.jp2/_view	https://github.com/welfare-state-analytics/riksdagen-corpus/blob/main/corpus/protocols/1923/prot-1923--ak--22.xml#L2122	50	1	41	belopp i rörliga lån än man fått in i de poster som enligt bank-		belopp i rörliga lån än man fått in i de poster, som enligt bank	2
data/1924/prot-1924--fk--034.xml	21	https://betalab.kb.se/prot-1924--fk--34/prot_1924__fk__34-021.jp2/_view	https://github.com/welfare-state-analytics/riksdagen-corpus/blob/main/corpus/protocols/1924/prot-1924--fk--34.xml#L1986	51	1	11	inkomsttitlar sålunda:		inkomsttitlar sålunda:	0
data/1924/prot-1924--fk--034.xml	21	https://betalab.kb.se/prot-1924--fk--34/prot_1924__fk__34-021.jp2/_view	https://github.com/welfare-state-analytics/riksdagen-corpus/blob/main/corpus/protocols/1924/prot-1924--fk--34.xml#L1986	51	1	13	Tobakskatt, bevillning ............... kronor 114,000,000		tobaksskatt, bevillning ....ossormsssssrrrrrs na » 50,000	24
data/1924/prot-1924--fk--034.xml	21	https://betalab.kb.se/prot-1924--fk--34/prot_1924__fk__34-021.jp2/_view	https://github.com/welfare-state-analytics/riksdagen-corpus/blob/main/corpus/protocols/1924/prot-1924--fk--34.xml#L1986	51	1	41	1) förordning om vissa ändringar i förordningen den 15 december 1914 (nr		1) förordning om vissa ändringar i förordningen den 15 december 1914 (nr	0
data/1925/prot-1925--ak--032.xml	60	https://betalab.kb.se/prot-1925--ak--32/prot_1925__ak__32-060.jp2/_view	https://github.com/welfare-state-analytics/riksdagen-corpus/blob/main/corpus/protocols/1925/prot-1925--ak--32.xml#L5747	45	1	10	det har gjort det främst därför, att all erfarenhet visar, att om något skall		det har gjort det främst därför, att all erfarenhet visar, att om något skall	0
data/1925/prot-1925--ak--032.xml	60	https://betalab.kb.se/prot-1925--ak--32/prot_1925__ak__32-060.jp2/_view	https://github.com/welfare-state-analytics/riksdagen-corpus/blob/main/corpus/protocols/1925/prot-1925--ak--32.xml#L5747	45	1	20	Vidare anfördes ej. Utskotets hemställan bifölls.		vidare anfördes ej. utskottets hemställan bifölls	2
data/1925/prot-1925--ak--032.xml	60	https://betalab.kb.se/prot-1925--ak--32/prot_1925__ak__32-060.jp2/_view	https://github.com/welfare-state-analytics/riksdagen-corpus/blob/main/corpus/protocols/1925/prot-1925--ak--32.xml#L5747	45	1	24	sition med förslag till lag om ändrad lydelse av 12 § och 14 §§ i lagen den 9 de-		position med förslag till lag om ändrad lydelse av 12 och 14 $$ i lagen den 9 dec	7
data/1925/prot-1925--ak--043.xml	27	https://betalab.kb.se/prot-1925--ak--43/prot_1925__ak__43-027.jp2/_view	https://github.com/welfare-state-analytics/riksdagen-corpus/blob/main/corpus/protocols/1925/prot-1925--ak--43.xml#L2775	55	1	1	Nr 43. 28 Fredagen den 29 maj.		28 fredagen den 29 maj.	7
data/1925/prot-1925--ak--043.xml	27	https://betalab.kb.se/prot-1925--ak--43/prot_1925__ak__43-027.jp2/_view	https://github.com/welfare-state-analytics/riksdagen-corpus/blob/main/corpus/protocols/1925/prot-1925--ak--43.xml#L2775	55	1	41	skulle jag vilja säga här som i första kammaren, att bristerna äro alldeles		skulle jag vilja säga här som i första kammaren, att bristerna äro alldeles	0
data/1925/prot-1925--ak--043.xml	27	https://betalab.kb.se/prot-1925--ak--43/prot_1925__ak__43-027.jp2/_view	https://github.com/welfare-state-analytics/riksdagen-corpus/blob/main/corpus/protocols/1925/prot-1925--ak--43.xml#L2775	55	1	50	ning, att någonting bör göras och detta nu så fort som mõjligt: att man således		ning, att någonting bör göras och detta nu så fort som möjligt: att man således	1
data/1925/prot-1925--fk--025.xml	48	https://betalab.kb.se/prot-1925--fk--25/prot_1925__fk__25-048.jp2/_view	https://github.com/welfare-state-analytics/riksdagen-corpus/blob/main/corpus/protocols/1925/prot-1925--fk--25.xml#L4585	54	1	8	havare skola kunna uppflyttas eller icke. En bidragande orsak till att utskotts-		havare skola kunna uppflyttas eller icke. en bidragande orsak till att utskottsm	1
data/1925/prot-1925--fk--025.xml	48	https://betalab.kb.se/prot-1925--fk--25/prot_1925__fk__25-048.jp2/_view	https://github.com/welfare-state-analytics/riksdagen-corpus/blob/main/corpus/protocols/1925/prot-1925--fk--25.xml#L4585	54	1	25	till det resultatet, att, så vitt jag förstår, ingen i statsutskottet ansåg, att åt-		till det resultatet, att, så vitt jag förstår, ingen i statsutskottet ansåg, att ätm	2
data/1925/prot-1925--fk--025.xml	48	https://betalab.kb.se/prot-1925--fk--25/prot_1925__fk__25-048.jp2/_view	https://github.com/welfare-state-analytics/riksdagen-corpus/blob/main/corpus/protocols/1925/prot-1925--fk--25.xml#L4585	54	1	37	den mest arbetstyngda och den, som handhar de viktigaste ärendena. Då åter-		den mest arbetstyngda och den, som handhar de viktigaste ärendena. då åters	1
data/1925/prot-1925--fk--008.xml	5	https://betalab.kb.se/prot-1925--fk--8/prot_1925__fk__8-005.jp2/_view	https://github.com/welfare-state-analytics/riksdagen-corpus/blob/main/corpus/protocols/1925/prot-1925--fk--8.xml#L524	19	1	2	Upplästes följande till kammaren inkomma ansökning:		upplästes följande till kammaren inkomna ansökning:	1
data/1925/prot-1925--fk--008.xml	5	https://betalab.kb.se/prot-1925--fk--8/prot_1925__fk__8-005.jp2/_view	https://github.com/welfare-state-analytics/riksdagen-corpus/blob/main/corpus/protocols/1925/prot-1925--fk--8.xml#L524	19	1	11	och samvete.		å heder och samvete.	8
data/1925/prot-1925--fk--008.xml	5	https://betalab.kb.se/prot-1925--fk--8/prot_1925__fk__8-005.jp2/_view	https://github.com/welfare-state-analytics/riksdagen-corpus/blob/main/corpus/protocols/1925/prot-1925--fk--8.xml#L524	19	1	15	E. provinsialläkare.		e. provinsialläkare.	0
data/1926/prot-1926--ak--013.xml	89	https://betalab.kb.se/prot-1926--ak--13/prot_1926__ak__13-089.jp2/_view	https://github.com/welfare-state-analytics/riksdagen-corpus/blob/main/corpus/protocols/1926/prot-1926--ak--13.xml#L8118	42	1	1	Nr 13. 90 Söndagen den 28 februari.		920 | söndagen den 28 februari.	8
data/1926/prot-1926--ak--013.xml	89	https://betalab.kb.se/prot-1926--ak--13/prot_1926__ak__13-089.jp2/_view	https://github.com/welfare-state-analytics/riksdagen-corpus/blob/main/corpus/protocols/1926/prot-1926--ak--13.xml#L8118	42	1	30	kammarens bord liggande motionerna nr 377 av herr Wiklund m. fl. och nr 378		kammarens bord liggande motionerna nr 377 av herr wiklund m. fl. och nr 378	0
data/1926/prot-1926--ak--013.xml	89	https://betalab.kb.se/prot-1926--ak--13/prot_1926__ak__13-089.jp2/_view	https://github.com/welfare-state-analytics/riksdagen-corpus/blob/main/corpus/protocols/1926/prot-1926--ak--13.xml#L8118	42	1	37	Justerades protokollsutdrag.		justerades protokollsutdrag.	0
data/1926/prot-1926--ak--021.xml	13	https://betalab.kb.se/prot-1926--ak--21/prot_1926__ak__21-013.jp2/_view	https://github.com/welfare-state-analytics/riksdagen-corpus/blob/main/corpus/protocols/1926/prot-1926--ak--21.xml#L1178	54	1	20	att detta var betänkligt. Jag måste säga att dett tillvägagångssätt är verk-		att detta var betänkligt. jag måste säga, att detta tillvägagångssätt är ver	4
data/1926/prot-1926--ak--021.xml	13	https://betalab.kb.se/prot-1926--ak--21/prot_1926__ak__21-013.jp2/_view	https://github.com/welfare-state-analytics/riksdagen-corpus/blob/main/corpus/protocols/1926/prot-1926--ak--21.xml#L1178	54	1	34	närernas hemställan om avskaffandet av gymnastikinspektörerna, berodde det		närernas hemställan om avskaffandet av gymnastikinspektörerna, berodde det	0
data/1926/prot-1926--ak--021.xml	13	https://betalab.kb.se/prot-1926--ak--21/prot_1926__ak__21-013.jp2/_view	https://github.com/welfare-state-analytics/riksdagen-corpus/blob/main/corpus/protocols/1926/prot-1926--ak--21.xml#L1178	54	1	37	försiktighet, då det gäller de krav, som motionärerna här ha framställt, näm-		försiktighet. då det gäller de krav, som motionärerna här ha framställt, näml	2
data/1926/prot-1926--ak--043.xml	75	https://betalab.kb.se/prot-1926--ak--43/prot_1926__ak__43-075.jp2/_view	https://github.com/welfare-state-analytics/riksdagen-corpus/blob/main/corpus/protocols/1926/prot-1926--ak--43.xml#L6975	41	1	22	§ 8.		§ 8.	0
data/1926/prot-1926--ak--043.xml	75	https://betalab.kb.se/prot-1926--ak--43/prot_1926__ak__43-075.jp2/_view	https://github.com/welfare-state-analytics/riksdagen-corpus/blob/main/corpus/protocols/1926/prot-1926--ak--43.xml#L6975	41	1	24	gående ersättning åt av utskottet vid behandling av vissa ärenden anlitade bu-		gående ersättning åt av utskottet vid behandling av vissa ärenden anlitade bit	2
data/1926/prot-1926--ak--043.xml	75	https://betalab.kb.se/prot-1926--ak--43/prot_1926__ak__43-075.jp2/_view	https://github.com/welfare-state-analytics/riksdagen-corpus/blob/main/corpus/protocols/1926/prot-1926--ak--43.xml#L6975	41	1	33	juni 1927 utgå till lärare vid folk- och småskolor samt högre folkskolor med		0 juni 1927 utgå till lärare vid folkoch småskolor samt högre folkskolor med	4
data/1926/prot-1926--fk--014.xml	20	https://betalab.kb.se/prot-1926--fk--14/prot_1926__fk__14-020.jp2/_view	https://github.com/welfare-state-analytics/riksdagen-corpus/blob/main/corpus/protocols/1926/prot-1926--fk--14.xml#L1856	55	1	9	reglera den skillnad, som förefinnes mellan de olika kontorens arbetsbörda		reglera den skillnad, som förefinnes mellan de olika kontorens arbetsbörda	0
data/1926/prot-1926--fk--014.xml	20	https://betalab.kb.se/prot-1926--fk--14/prot_1926__fk__14-020.jp2/_view	https://github.com/welfare-state-analytics/riksdagen-corpus/blob/main/corpus/protocols/1926/prot-1926--fk--14.xml#L1856	55	1	29	visa sig att det blir litet andra förhållanden än vad förut varit rådande be-		visa sig, att det blir litet andra förhållanden än vad förut varit rådande be	2
data/1926/prot-1926--fk--014.xml	20	https://betalab.kb.se/prot-1926--fk--14/prot_1926__fk__14-020.jp2/_view	https://github.com/welfare-state-analytics/riksdagen-corpus/blob/main/corpus/protocols/1926/prot-1926--fk--14.xml#L1856	55	1	40	lönegrad B30, som byråcheferna I lantmäteristyrelsen ha, och att sedan reg-		lönegrad b 30, som byråcheferna i lantmäteristyrelsen ha, och att sedan reg	2
data/1926/prot-1926--fk--033.xml	74	https://betalab.kb.se/prot-1926--fk--33/prot_1926__fk__33-074.jp2/_view	https://github.com/welfare-state-analytics/riksdagen-corpus/blob/main/corpus/protocols/1926/prot-1926--fk--33.xml#L7043	72	2	2	Godkändes.		gång.	7
data/1926/prot-1926--fk--033.xml	74	https://betalab.kb.se/prot-1926--fk--33/prot_1926__fk__33-074.jp2/_view	https://github.com/welfare-state-analytics/riksdagen-corpus/blob/main/corpus/protocols/1926/prot-1926--fk--33.xml#L7043	72	2	9	i vakter, gäller,		1 vakter, gäller,	1
data/1926/prot-1926--fk--033.xml	74	https://betalab.kb.se/prot-1926--fk--33/prot_1926__fk__33-074.jp2/_view	https://github.com/welfare-state-analytics/riksdagen-corpus/blob/main/corpus/protocols/1926/prot-1926--fk--33.xml#L7043	72	2	24	uppgår till minst tvåhundrafemtio in-		uppgår till minst tvåhundrafemtio ind	1
data/1926/prot-1926--fk--033.xml	74	https://betalab.kb.se/prot-1926--fk--33/prot_1926__fk__33-074.jp2/_view	https://github.com/welfare-state-analytics/riksdagen-corpus/blob/main/corpus/protocols/1926/prot-1926--fk--33.xml#L7043	72	2	27	och vars maskinstyrka uppgår till		och vars maskinstyrka uppgår till	0
data/1926/prot-1926--fk--033.xml	74	https://betalab.kb.se/prot-1926--fk--33/prot_1926__fk__33-074.jp2/_view	https://github.com/welfare-state-analytics/riksdagen-corpus/blob/main/corpus/protocols/1926/prot-1926--fk--33.xml#L7043	72	2	70	Herr statsrådet Svensson: Herr vice talman, mina herrar! På denna punkt		herr statsrådet svensson:	46
data/1926/prot-1926--fk--033.xml	74	https://betalab.kb.se/prot-1926--fk--33/prot_1926__fk__33-074.jp2/_view	https://github.com/welfare-state-analytics/riksdagen-corpus/blob/main/corpus/protocols/1926/prot-1926--fk--33.xml#L7043	72	2	71	har utskottet föreslagit en ändring i det förslag, som innefattas i den kungl.		har utskottet föreslagit en ändring i det förslag, som innefattas i den kungl.	0
data/1927/prot-1927--ak--015.xml	68	https://betalab.kb.se/prot-1927--ak--15/prot_1927__ak__15-068.jp2/_view	https://github.com/welfare-state-analytics/riksdagen-corpus/blob/main/corpus/protocols/1927/prot-1927--ak--15.xml#L6015	49	1	19	Sedan överläggningen härmed förklarats avslutad, gav herr talmannen propo-		sedan överläggningen härmed förklarats avslutad, gav herr talmannen propos	1
data/1927/prot-1927--ak--015.xml	68	https://betalab.kb.se/prot-1927--ak--15/prot_1927__ak__15-068.jp2/_view	https://github.com/welfare-state-analytics/riksdagen-corpus/blob/main/corpus/protocols/1927/prot-1927--ak--15.xml#L6015	49	1	20	sitionerna dels på bifall till utskottets hemställan, dels ock på avslag därå samt		positioner dels på bifall till utskottets hemställan, dels ock på avslag därå samt	4
data/1927/prot-1927--ak--015.xml	68	https://betalab.kb.se/prot-1927--ak--15/prot_1927__ak__15-068.jp2/_view	https://github.com/welfare-state-analytics/riksdagen-corpus/blob/main/corpus/protocols/1927/prot-1927--ak--15.xml#L6015	49	1	34	understöd enligt pensionsförsäkringslagen, samt om framläggande för riksdagen		understöd enligt pensionsförsäkringslagen, samt om framläggande för riksdagen	0
data/1927/prot-1927--ak--019.xml	33	https://betalab.kb.se/prot-1927--ak--19/prot_1927__ak__19-033.jp2/_view	https://github.com/welfare-state-analytics/riksdagen-corpus/blob/main/corpus/protocols/1927/prot-1927--ak--19.xml#L3072	53	1	33	I fråga om övriga utsvävningar av den siste ärade talaren vill jag blott		i fråga om övriga utsvävningar av den siste ärade talaren vill jag blott	0
data/1927/prot-1927--ak--019.xml	33	https://betalab.kb.se/prot-1927--ak--19/prot_1927__ak__19-033.jp2/_view	https://github.com/welfare-state-analytics/riksdagen-corpus/blob/main/corpus/protocols/1927/prot-1927--ak--19.xml#L3072	53	1	40	icke hade den saken klar för sig. Det är samma förhållande vid punkt 65, att		icke hade den saken klar för sig. det är samma förhållande vid punkt 65, att	0
data/1927/prot-1927--ak--019.xml	33	https://betalab.kb.se/prot-1927--ak--19/prot_1927__ak__19-033.jp2/_view	https://github.com/welfare-state-analytics/riksdagen-corpus/blob/main/corpus/protocols/1927/prot-1927--ak--19.xml#L3072	53	1	50	flottans korpraler, som avdelningen icke kunde gå med på mitt yrkande, där-		flottans korpraler, som avdelningen icke kunde gå med på mitt yrkande, därf	1
data/1927/prot-1927--ak--031.xml	80	https://betalab.kb.se/prot-1927--ak--31/prot_1927__ak__31-080.jp2/_view	https://github.com/welfare-state-analytics/riksdagen-corpus/blob/main/corpus/protocols/1927/prot-1927--ak--31.xml#L7185	54	1	29	Sålunda vad som nu står för kammaren att besluta om, det är huruvida vi		sålunda, vad som nu står för kammaren att besluta om, det är, huruvida 	4
data/1927/prot-1927--ak--031.xml	80	https://betalab.kb.se/prot-1927--ak--31/prot_1927__ak__31-080.jp2/_view	https://github.com/welfare-state-analytics/riksdagen-corpus/blob/main/corpus/protocols/1927/prot-1927--ak--31.xml#L7185	54	1	44	även på andra områden än den klas-		lust på detta område, ty man först	17
data/1927/prot-1927--ak--031.xml	80	https://betalab.kb.se/prot-1927--ak--31/prot_1927__ak__31-080.jp2/_view	https://github.com/welfare-state-analytics/riksdagen-corpus/blob/main/corpus/protocols/1927/prot-1927--ak--31.xml#L7185	54	1	52	som frånm regeringens sida framlagts?		 som från regeringens sida framlagts?	2
data/1927/prot-1927--fk--021.xml	16	https://betalab.kb.se/prot-1927--fk--21/prot_1927__fk__21-016.jp2/_view	https://github.com/welfare-state-analytics/riksdagen-corpus/blob/main/corpus/protocols/1927/prot-1927--fk--21.xml#L1484	52	1	3	fall till konstitutionsutskottets utlåtande.		fall till konstitutionsutskottets utlåtande.	0
data/1927/prot-1927--fk--021.xml	16	https://betalab.kb.se/prot-1927--fk--21/prot_1927__fk__21-016.jp2/_view	https://github.com/welfare-state-analytics/riksdagen-corpus/blob/main/corpus/protocols/1927/prot-1927--fk--21.xml#L1484	52	1	22	rerat i tidningspressen. Vår nuvarande regering har helt kort efter tillträdet		rerat i tidningspressen. vår nuvarande regering har helt kort efter tillträdet	0
data/1927/prot-1927--fk--021.xml	16	https://betalab.kb.se/prot-1927--fk--21/prot_1927__fk__21-016.jp2/_view	https://github.com/welfare-state-analytics/riksdagen-corpus/blob/main/corpus/protocols/1927/prot-1927--fk--21.xml#L1484	52	1	28	detta avslagsyrkande åberopat ett vid utlåtandet fogat yttrande av kungl. so-		detta avslagsyrkande åberopat ett vid utlåtandet fogat yttrande av kungl. soc	1
data/1927/prot-1927--fk--037.xml	113	https://betalab.kb.se/prot-1927--fk--37/prot_1927__fk__37-113.jp2/_view	https://github.com/welfare-state-analytics/riksdagen-corpus/blob/main/corpus/protocols/1927/prot-1927--fk--37.xml#L10879	45	1	1	Nr 37. 114 Lördagen den 28 maj e. m.		nr 87. 118 lördagen den 28 maj e. m.	2
data/1927/prot-1927--fk--037.xml	113	https://betalab.kb.se/prot-1927--fk--37/prot_1927__fk__37-113.jp2/_view	https://github.com/welfare-state-analytics/riksdagen-corpus/blob/main/corpus/protocols/1927/prot-1927--fk--37.xml#L10879	45	1	27	ken av Östergötlands län försäljas enligt gällande grunder för upplåtande av		ken av östergötlands län försäljas enligt gällande grunder för upplåtande av	0
data/1927/prot-1927--fk--037.xml	113	https://betalab.kb.se/prot-1927--fk--37/prot_1927__fk__37-113.jp2/_view	https://github.com/welfare-state-analytics/riksdagen-corpus/blob/main/corpus/protocols/1927/prot-1927--fk--37.xml#L10879	45	1	44	kungsgård nr 1 i Östra Husby socken av Östergötlands län försäljas enligt		kungsgård nr 1 i östra husby socken av östergötlands län försäljas enligt	0
data/1928/prot-1928--ak--035.xml	115	https://betalab.kb.se/prot-1928--ak--35/prot_1928__ak__35-115.jp2/_view	https://github.com/welfare-state-analytics/riksdagen-corpus/blob/main/corpus/protocols/1928/prot-1928--ak--35.xml#L10865	54	1	23	handenvarande omständingheterna oundgängligen päkallade. Det var hans ut-		rhandenvarande omständigheterna oundgängligen påkallade. det var hans utt	4
data/1928/prot-1928--ak--035.xml	115	https://betalab.kb.se/prot-1928--ak--35/prot_1928__ak__35-115.jp2/_view	https://github.com/welfare-state-analytics/riksdagen-corpus/blob/main/corpus/protocols/1928/prot-1928--ak--35.xml#L10865	54	1	47	kan framställas. Egendomarna äro på grund av donationsbrevet ställda under		kan framställas. egendomarna äro på grund av donationsbrevet ställda under	0
data/1928/prot-1928--ak--035.xml	115	https://betalab.kb.se/prot-1928--ak--35/prot_1928__ak__35-115.jp2/_view	https://github.com/welfare-state-analytics/riksdagen-corpus/blob/main/corpus/protocols/1928/prot-1928--ak--35.xml#L10865	54	1	53	ett uttalande att den anser lämpligt, att det göres så eller så. Men jag ifråga-		ett uttalande, att den anser lämpligt, att det göres så eller så. men jag ifråga	2
data/1928/prot-1928--ak--036.xml	13	https://betalab.kb.se/prot-1928--ak--36/prot_1928__ak__36-013.jp2/_view	https://github.com/welfare-state-analytics/riksdagen-corpus/blob/main/corpus/protocols/1928/prot-1928--ak--36.xml#L1297	54	1	9	av statslån, är en riktig princip, även om den givetvis bör tillämpas med viss		av statslån, är en riktig princip, även om den givetvis bör tillämpas med viss	0
data/1928/prot-1928--ak--036.xml	13	https://betalab.kb.se/prot-1928--ak--36/prot_1928__ak__36-013.jp2/_view	https://github.com/welfare-state-analytics/riksdagen-corpus/blob/main/corpus/protocols/1928/prot-1928--ak--36.xml#L1297	54	1	21	slutning till vad herr Kronlund uti en inom andra kammaren väckt och till dess		slutning till vad herr kronlund uti en inom andra kammaren väckt och till dess	0
data/1928/prot-1928--ak--036.xml	13	https://betalab.kb.se/prot-1928--ak--36/prot_1928__ak__36-013.jp2/_view	https://github.com/welfare-state-analytics/riksdagen-corpus/blob/main/corpus/protocols/1928/prot-1928--ak--36.xml#L1297	54	1	47	Jag ser vidare här utav ett protokoll, fört vid Sveriges indeltas soldatförbunds		jag ser vidare här utav ett protokoll, fört vid sveriges indeltas soldatförbunds	0
data/1929/prot-1929--ak--028.xml	68	https://betalab.kb.se/prot-1929--ak--28/prot_1929__ak__28-068.jp2/_view	https://github.com/welfare-state-analytics/riksdagen-corpus/blob/main/corpus/protocols/1929/prot-1929--ak--28.xml#L6345	55	1	1	Onsdagen den 17 april e. m. 69 Nr 28.		onsdagen den 17 april e. m. 69 nr 28.	0
data/1929/prot-1929--ak--028.xml	68	https://betalab.kb.se/prot-1929--ak--28/prot_1929__ak__28-068.jp2/_view	https://github.com/welfare-state-analytics/riksdagen-corpus/blob/main/corpus/protocols/1929/prot-1929--ak--28.xml#L6345	55	1	40	har personligen den uppfattningen, att utrikesledningen borde begagna varje		har personligen den uppfattningen, att utrikesledningen borde begagna varje	0
data/1929/prot-1929--ak--028.xml	68	https://betalab.kb.se/prot-1929--ak--28/prot_1929__ak__28-068.jp2/_view	https://github.com/welfare-state-analytics/riksdagen-corpus/blob/main/corpus/protocols/1929/prot-1929--ak--28.xml#L6345	55	1	46	gureras.		nr 28.	6
data/1929/prot-1929--ak--037.xml	40	https://betalab.kb.se/prot-1929--ak--37/prot_1929__ak__37-040.jp2/_view	https://github.com/welfare-state-analytics/riksdagen-corpus/blob/main/corpus/protocols/1929/prot-1929--ak--37.xml#L3651	51	1	12	sig realskola och treårigt gymnasium, skulle upprättas från och med den 1 juli		sig realskola och treårigt gymnasium, skulle upprättas från och med den 1 juli	0
data/1929/prot-1929--ak--037.xml	40	https://betalab.kb.se/prot-1929--ak--37/prot_1929__ak__37-040.jp2/_view	https://github.com/welfare-state-analytics/riksdagen-corpus/blob/main/corpus/protocols/1929/prot-1929--ak--37.xml#L3651	51	1	23	rare till det högre flickläroverket, därvid de grunder i avseende å avlöningsför-		rare till det högre flickläroverket, därvid de grunder i avseende å avlöningsförm	1
data/1929/prot-1929--ak--037.xml	40	https://betalab.kb.se/prot-1929--ak--37/prot_1929__ak__37-040.jp2/_view	https://github.com/welfare-state-analytics/riksdagen-corpus/blob/main/corpus/protocols/1929/prot-1929--ak--37.xml#L3651	51	1	49	nr 241 av herr Reuterskiöld;		nr 241 av herr reuterskiöld;	0
data/1929/prot-1929--ak--042.xml	55	https://betalab.kb.se/prot-1929--ak--42/prot_1929__ak__42-055.jp2/_view	https://github.com/welfare-state-analytics/riksdagen-corpus/blob/main/corpus/protocols/1929/prot-1929--ak--42.xml#L5173	44	1	21	nr 233, i anledning av Kungl. Maj:ts proposition angående gottgörelse med		nr 233, i anledning av kungl. maj:ts proposition angående gottgörelse med	0
data/1929/prot-1929--ak--042.xml	55	https://betalab.kb.se/prot-1929--ak--42/prot_1929__ak__42-055.jp2/_view	https://github.com/welfare-state-analytics/riksdagen-corpus/blob/main/corpus/protocols/1929/prot-1929--ak--42.xml#L5173	44	1	36	nr 239, i anledning av väckta motioner angående anslag till anordnande av		nr 239, i anledning av väckta motioner angående anslag till anordnande av	0
data/1929/prot-1929--ak--042.xml	55	https://betalab.kb.se/prot-1929--ak--42/prot_1929__ak__42-055.jp2/_view	https://github.com/welfare-state-analytics/riksdagen-corpus/blob/main/corpus/protocols/1929/prot-1929--ak--42.xml#L5173	44	1	40	nr 241, i anledning av dels Kungl. Maj:ts proposition angående ändrade		nr 241, i anledning av dels kungl. maj:ts proposition angående ändrade	0
data/1940/prot-1940--ak--026.xml	2	https://betalab.kb.se/prot-1940--ak--26/prot_1940__ak__26-002.jp2/_view	https://github.com/welfare-state-analytics/riksdagen-corpus/blob/main/corpus/protocols/1940/prot-1940--ak--26.xml#L224	46	1	19	då vill jag i de svenska arbetarkvinnornas namn förklara, att denna lag också		då vill jag i de svenska arbetarkvinnornas namn förklara, att denna lag också	0
data/1940/prot-1940--ak--026.xml	2	https://betalab.kb.se/prot-1940--ak--26/prot_1940__ak__26-002.jp2/_view	https://github.com/welfare-state-analytics/riksdagen-corpus/blob/main/corpus/protocols/1940/prot-1940--ak--26.xml#L224	46	1	35	Föredrogs, men bordlades åter andra kammarens femte tillfälliga utskotts		föredrogs, men bordlades åter andra kammarens femte tillfälliga utskotts	0
data/1940/prot-1940--ak--026.xml	2	https://betalab.kb.se/prot-1940--ak--26/prot_1940__ak__26-002.jp2/_view	https://github.com/welfare-state-analytics/riksdagen-corpus/blob/main/corpus/protocols/1940/prot-1940--ak--26.xml#L224	46	1	41	§ 10.		§ 13.	1
data/1940/prot-1940--fk--003.xml	96	https://betalab.kb.se/prot-1940--fk--3/prot_1940__fk__3-096.jp2/_view	https://github.com/welfare-state-analytics/riksdagen-corpus/blob/main/corpus/protocols/1940/prot-1940--fk--3.xml#L7828	54	1	16	hjälp. En internationell vädjan I denna riktning har under svensk medverkan		hjälp. en internationell vädjan i denna riktning har under svensk medverkan	0
data/1940/prot-1940--fk--003.xml	96	https://betalab.kb.se/prot-1940--fk--3/prot_1940__fk__3-096.jp2/_view	https://github.com/welfare-state-analytics/riksdagen-corpus/blob/main/corpus/protocols/1940/prot-1940--fk--3.xml#L7828	54	1	33	på ett något tidigare stadium. Vidare skulle jag vilja hemställa till vederbö- 		på ett något tidigare stadium. vidare skulle jag vilja hemställa till vederbör	1
data/1940/prot-1940--fk--003.xml	96	https://betalab.kb.se/prot-1940--fk--3/prot_1940__fk__3-096.jp2/_view	https://github.com/welfare-state-analytics/riksdagen-corpus/blob/main/corpus/protocols/1940/prot-1940--fk--3.xml#L7828	54	1	38	ställan, som jag naturlingtvis främst har anledning att rikta till mina kam-		mställan, som jag naturligtvis främst har anledning att rikta till mina kamm	3
data/1941/prot-1941--ak--007.xml	29	https://betalab.kb.se/prot-1941--ak--7/prot_1941__ak__7-029.jp2/_view	https://github.com/welfare-state-analytics/riksdagen-corpus/blob/main/corpus/protocols/1941/prot-1941--ak--7.xml#L2588	53	1	2	Förslag till lag om dyrtidstillägg å folkpensioner, invalidunderstöd och		förslag till lag om dyrtidstillägg å folkpensioner, invalidunderstöd och	0
data/1941/prot-1941--ak--007.xml	29	https://betalab.kb.se/prot-1941--ak--7/prot_1941__ak__7-029.jp2/_view	https://github.com/welfare-state-analytics/riksdagen-corpus/blob/main/corpus/protocols/1941/prot-1941--ak--7.xml#L2588	53	1	22	det andra anser jag, att förslag I anledning av sådan omprövning bör helt		det andra anser jag, att förslag i anledning av sådan omprövning bör helt	0
data/1941/prot-1941--ak--007.xml	29	https://betalab.kb.se/prot-1941--ak--7/prot_1941__ak__7-029.jp2/_view	https://github.com/welfare-state-analytics/riksdagen-corpus/blob/main/corpus/protocols/1941/prot-1941--ak--7.xml#L2588	53	1	43	föreliggande propositionen väckt en motion, vars yrkande går ut på att dyr-		föreliggande propositionen väckt en motion, vars yrkande går ut på att dyrt	1
data/1941/prot-1941--fk--029.xml	10	https://betalab.kb.se/prot-1941--fk--29/prot_1941__fk__29-010.jp2/_view	https://github.com/welfare-state-analytics/riksdagen-corpus/blob/main/corpus/protocols/1941/prot-1941--fk--29.xml#L945	53	1	14	så sent som den 17 januari i år beslutande, att den gjorde framställningen icke		 så sent som den 17 januari i år beslutade, att den gjorda framställningen icke	3
data/1941/prot-1941--fk--029.xml	10	https://betalab.kb.se/prot-1941--fk--29/prot_1941__fk__29-010.jp2/_view	https://github.com/welfare-state-analytics/riksdagen-corpus/blob/main/corpus/protocols/1941/prot-1941--fk--29.xml#L945	53	1	18	des på det sätt, som statsutskottet redan år 1936 skrev om. Men av handlingar-		des på det sätt, som statsutskottet redan år 1936 skrev om. men av handlingarn	1
data/1941/prot-1941--fk--029.xml	10	https://betalab.kb.se/prot-1941--fk--29/prot_1941__fk__29-010.jp2/_view	https://github.com/welfare-state-analytics/riksdagen-corpus/blob/main/corpus/protocols/1941/prot-1941--fk--29.xml#L945	53	1	37	närerna själva och reservanterna kunna medverka till — är att ortsintresset		närerna själva och reservanterna kunna medverka till - är att ortsintresset	0
data/1941/prot-1941--fk--041.xml	35	https://betalab.kb.se/prot-1941--fk--41/prot_1941__fk__41-035.jp2/_view	https://github.com/welfare-state-analytics/riksdagen-corpus/blob/main/corpus/protocols/1941/prot-1941--fk--41.xml#L3059	55	1	5	motvilja häremot. Men jag fäste mig också vid att herr Strand ansåg att		motvilja häremot. men jag fäste mig också vid att herr strand ansåg att	0
data/1941/prot-1941--fk--041.xml	35	https://betalab.kb.se/prot-1941--fk--41/prot_1941__fk__41-035.jp2/_view	https://github.com/welfare-state-analytics/riksdagen-corpus/blob/main/corpus/protocols/1941/prot-1941--fk--41.xml#L3059	55	1	10	än de, som de stora byggnadsfackförbunden hitintills visat tendenser att vilja		än de, som de stora byggnadsfackförbunden hitintills visat tendenser att vilja	0
data/1941/prot-1941--fk--041.xml	35	https://betalab.kb.se/prot-1941--fk--41/prot_1941__fk__41-035.jp2/_view	https://github.com/welfare-state-analytics/riksdagen-corpus/blob/main/corpus/protocols/1941/prot-1941--fk--41.xml#L3059	55	1	16	borde organiseras genom avtal mellan arbetsgivarförening och fackarbetare.		borde organiseras genom avtal mellan arbetsgivarförening och fackarbetare.	0
data/1942/prot-1942--ak--025.xml	146	https://betalab.kb.se/prot-1942--ak--25/prot_1942__ak__25-146.jp2/_view	https://github.com/welfare-state-analytics/riksdagen-corpus/blob/main/corpus/protocols/1942/prot-1942--ak--25.xml#L12739	54	1	1	Lördagen den 20 juni 1942. Nr 25. 147		lördagen den 20 juni 1942. nr 25. 147	0
data/1942/prot-1942--ak--025.xml	146	https://betalab.kb.se/prot-1942--ak--25/prot_1942__ak__25-146.jp2/_view	https://github.com/welfare-state-analytics/riksdagen-corpus/blob/main/corpus/protocols/1942/prot-1942--ak--25.xml#L12739	54	1	18	utskottet. Jag tolkar saken så, att då det finns ett sådant intresse I utskottet,		utskottet. jag tolkar saken så, att då det finns ett sådant intresse i utskottet,	0
data/1942/prot-1942--ak--025.xml	146	https://betalab.kb.se/prot-1942--ak--25/prot_1942__ak__25-146.jp2/_view	https://github.com/welfare-state-analytics/riksdagen-corpus/blob/main/corpus/protocols/1942/prot-1942--ak--25.xml#L12739	54	1	39	annat år eller snart nog skall kunna få till stånd sådana föbättringar med av-		annat år eller snart nog skall kunna få till stånd sådana förbättringar med av	2
data/1942/prot-1942--fk--008.xml	0	https://betalab.kb.se/prot-1942--fk--8/prot_1942__fk__8-000.jp2/_view	https://github.com/welfare-state-analytics/riksdagen-corpus/blob/main/corpus/protocols/1942/prot-1942--fk--8.xml#L69	37	1	7	ryckt bort ledamoten av denna kammare, representaten för Blekinge och Kri-		ryckt bort ledamoten av denna kammare, representanten för blekinge och kri	2
data/1942/prot-1942--fk--008.xml	0	https://betalab.kb.se/prot-1942--fk--8/prot_1942__fk__8-000.jp2/_view	https://github.com/welfare-state-analytics/riksdagen-corpus/blob/main/corpus/protocols/1942/prot-1942--fk--8.xml#L69	37	1	19	enligt min uppfattning, varit den nedan angivna.		enligt min uppfattning, varit den nedan angivna.	0
data/1942/prot-1942--fk--008.xml	0	https://betalab.kb.se/prot-1942--fk--8/prot_1942__fk__8-000.jp2/_view	https://github.com/welfare-state-analytics/riksdagen-corpus/blob/main/corpus/protocols/1942/prot-1942--fk--8.xml#L69	37	1	22	Länslasarettet, Karlskrona, den 16 februari 1942.		länslasarettet, karlskrona, den 16 februari 1942.	0
data/1943/prot-1943--fk--028.xml	13	https://betalab.kb.se/prot-1943-höst-fk--28/prot_1943_höst_fk__28-013.jp2/_view	https://github.com/welfare-state-analytics/riksdagen-corpus/blob/main/corpus/protocols/1943/prot-1943-höst-fk--28.xml#L1246	55	1	23	aktualiserat frågan, vilket omdelbart föranlett försvarsministern att meddela		aktualiserat frågan, vilket omedelbart föranlett försvarsministern att meddel	2
data/1943/prot-1943--fk--028.xml	13	https://betalab.kb.se/prot-1943-h√∂st-fk--28/prot_1943_h√∂st_fk__28-013.jp2/_view	https://github.com/welfare-state-analytics/riksdagen-corpus/blob/main/corpus/protocols/1943/prot-1943-h√∂st-fk--28.xml#L1246	55	1	2	Ang. utfärdade bestämmelser rörande behandlingen av olika länders flyg-		ang. utfärdade bestämmelser rörande behandlingen av olika länders flyg-	0
data/1943/prot-1943--fk--028.xml	13	https://betalab.kb.se/prot-1943-h√∂st-fk--28/prot_1943_h√∂st_fk__28-013.jp2/_view	https://github.com/welfare-state-analytics/riksdagen-corpus/blob/main/corpus/protocols/1943/prot-1943-h√∂st-fk--28.xml#L1246	55	1	44	omhändertagas. Visitationen av planet eller besättningen får ej ske förrän på		omhändertagas. visitationen av planet eller besättningen får ej ske förrän på	0
data/1944/prot-1944--ak--004.xml	2	https://betalab.kb.se/prot-1944--ak--4/prot_1944__ak__4-002.jp2/_view	https://github.com/welfare-state-analytics/riksdagen-corpus/blob/main/corpus/protocols/1944/prot-1944--ak--4.xml#L230	50	1	10	» Sundqvist och		gla, > sundqvist och	6
data/1944/prot-1944--ak--004.xml	2	https://betalab.kb.se/prot-1944--ak--4/prot_1944__ak__4-002.jp2/_view	https://github.com/welfare-state-analytics/riksdagen-corpus/blob/main/corpus/protocols/1944/prot-1944--ak--4.xml#L230	50	1	39	>> Severin i Gävle		k, » severin i gävle	4
data/1944/prot-1944--ak--004.xml	2	https://betalab.kb.se/prot-1944--ak--4/prot_1944__ak__4-002.jp2/_view	https://github.com/welfare-state-analytics/riksdagen-corpus/blob/main/corpus/protocols/1944/prot-1944--ak--4.xml#L230	50	1	41	» Engström,		> grym, >» engström,	9
data/1944/prot-1944--ak--007.xml	69	https://betalab.kb.se/prot-1944--ak--7/prot_1944__ak__7-069.jp2/_view	https://github.com/welfare-state-analytics/riksdagen-corpus/blob/main/corpus/protocols/1944/prot-1944--ak--7.xml#L6063	53	1	33	ga att gå med på smidiga överenskommelser, utan vi ha sagt parterna. När man		ga att gå med på smidiga överenskommelser, utan vi ha sagt parterna. när man	0
data/1944/prot-1944--ak--007.xml	69	https://betalab.kb.se/prot-1944--ak--7/prot_1944__ak__7-069.jp2/_view	https://github.com/welfare-state-analytics/riksdagen-corpus/blob/main/corpus/protocols/1944/prot-1944--ak--7.xml#L6063	53	1	35	säger parterna inkluderar man däri även arbetarna. Det är uppenbart att om		säger parterna inkluderar man däri även arbetarna. det är uppenbart att om	0
data/1944/prot-1944--ak--007.xml	69	https://betalab.kb.se/prot-1944--ak--7/prot_1944__ak__7-069.jp2/_view	https://github.com/welfare-state-analytics/riksdagen-corpus/blob/main/corpus/protocols/1944/prot-1944--ak--7.xml#L6063	53	1	39	Fröken Andersson: Herr talman! Den föregående ärade talarenfrämholl,		 fröken ebon andersson, som talade här för en stund sedan, framhöll 	36
data/1945/prot-1945--fk--031.xml	89	https://betalab.kb.se/prot-1945--fk--31/prot_1945__fk__31-089.jp2/_view	https://github.com/welfare-state-analytics/riksdagen-corpus/blob/main/corpus/protocols/1945/prot-1945--fk--31.xml#L7788	47	1	21	nr 259, i anledning av väckt motion angående fredsplanering för försvarets		nr 259, i anledning av väckt motion angående fredsplanering för försvarets	0
data/1945/prot-1945--fk--031.xml	89	https://betalab.kb.se/prot-1945--fk--31/prot_1945__fk__31-089.jp2/_view	https://github.com/welfare-state-analytics/riksdagen-corpus/blob/main/corpus/protocols/1945/prot-1945--fk--31.xml#L7788	47	1	38	tena för de högre kommunala skolorna, m. m.		tena för de högre kommunala skolorna, m. m.	0
data/1945/prot-1945--fk--031.xml	89	https://betalab.kb.se/prot-1945--fk--31/prot_1945__fk__31-089.jp2/_view	https://github.com/welfare-state-analytics/riksdagen-corpus/blob/main/corpus/protocols/1945/prot-1945--fk--31.xml#L7788	47	1	45	nr 263, angående statsregleringen för budgetåret 1945/46; samt		nr 263, angående statsregleringen för budgetåret 1945/46; samt	0
data/1946/prot-1946--ak--014.xml	5	https://betalab.kb.se/prot-1946--ak--14/prot_1946__ak__14-005.jp2/_view	https://github.com/welfare-state-analytics/riksdagen-corpus/blob/main/corpus/protocols/1946/prot-1946--ak--14.xml#L493	46	1	4	bör söka skapa hemmiljö för barnen på barnhemmen. Men vad vi nu diskutera		bör söka skapa hemmiljö för barnen på barnhemmen. men vad vi nu diskutera	0
data/1946/prot-1946--ak--014.xml	5	https://betalab.kb.se/prot-1946--ak--14/prot_1946__ak__14-005.jp2/_view	https://github.com/welfare-state-analytics/riksdagen-corpus/blob/main/corpus/protocols/1946/prot-1946--ak--14.xml#L493	46	1	23	närvarande räda. Det synes mig därför inte vara ur vägen, att man från stats-		närvarande råda. det synes mig därför inte vara ur vägen, att man från statsm	2
data/1946/prot-1946--ak--014.xml	5	https://betalab.kb.se/prot-1946--ak--14/prot_1946__ak__14-005.jp2/_view	https://github.com/welfare-state-analytics/riksdagen-corpus/blob/main/corpus/protocols/1946/prot-1946--ak--14.xml#L493	46	1	33	nr 215, angeånde bidrag till internationellt återuppbyggnadsarbete; och		nr 215, angeånde bidrag till internationellt återuppbyggnadsarbete; och	0
data/1946/prot-1946--ak--024.xml	18	https://betalab.kb.se/prot-1946--ak--24/prot_1946__ak__24-018.jp2/_view	https://github.com/welfare-state-analytics/riksdagen-corpus/blob/main/corpus/protocols/1946/prot-1946--ak--24.xml#L1637	55	1	3	bolag utom ett hade emellertid numera såsom försäkringsvillkor för lantgårdar		bolag utom ett hade emellertid numera såsom försäkringsvillkor för lantgårdar	0
data/1946/prot-1946--ak--024.xml	18	https://betalab.kb.se/prot-1946--ak--24/prot_1946__ak__24-018.jp2/_view	https://github.com/welfare-state-analytics/riksdagen-corpus/blob/main/corpus/protocols/1946/prot-1946--ak--24.xml#L1637	55	1	25	der inträffat i icke mindre än 8 fall, där orsaken varit att hänföra till halmstac-		der inträffat i icke mindre än 8 fall, där orsaken varit att hänföra till halmstack	1
data/1946/prot-1946--ak--024.xml	18	https://betalab.kb.se/prot-1946--ak--24/prot_1946__ak__24-018.jp2/_view	https://github.com/welfare-state-analytics/riksdagen-corpus/blob/main/corpus/protocols/1946/prot-1946--ak--24.xml#L1637	55	1	48	brutna brandens spridning till byggnaderna. Nu hade emellertid tillkommit		brutna brandens spridning till byggnaderna. nu hade emellertid tillkommit	0
data/1946/prot-1946--ak--031.xml	77	https://betalab.kb.se/prot-1946--ak--31/prot_1946__ak__31-077.jp2/_view	https://github.com/welfare-state-analytics/riksdagen-corpus/blob/main/corpus/protocols/1946/prot-1946--ak--31.xml#L6758	53	1	10	chefen för kommandoexpeditionen general Kellgren.		chefen för kommandoexpeditionen general kellgren.	0
data/1946/prot-1946--ak--031.xml	77	https://betalab.kb.se/prot-1946--ak--31/prot_1946__ak__31-077.jp2/_view	https://github.com/welfare-state-analytics/riksdagen-corpus/blob/main/corpus/protocols/1946/prot-1946--ak--31.xml#L6758	53	1	17	månader. Under samma tid dömdes svenska arbetare till tre års straffarbete för		månader. under samma tid dömdes svenska arbetare till tre års straffarbete för	0
data/1946/prot-1946--ak--031.xml	77	https://betalab.kb.se/prot-1946--ak--31/prot_1946__ak__31-077.jp2/_view	https://github.com/welfare-state-analytics/riksdagen-corpus/blob/main/corpus/protocols/1946/prot-1946--ak--31.xml#L6758	53	1	49	karna. Det måste väl ändå vara ganska klart, herr Johansson, att det vid den		karna. det måste väl ändå vara ganska klart, herr johansson, att det vid den	0
data/1946/prot-1946--fk--021.xml	23	https://betalab.kb.se/prot-1946--fk--21/prot_1946__fk__21-023.jp2/_view	https://github.com/welfare-state-analytics/riksdagen-corpus/blob/main/corpus/protocols/1946/prot-1946--fk--21.xml#L2097	51	1	3	torerna vid de högre allmäna läroverken, som är inplacerade i löneklass. På		torerna vid de högre allmänna läroverken, som äro inplacerade i löneklass. 	4
data/1946/prot-1946--fk--021.xml	23	https://betalab.kb.se/prot-1946--fk--21/prot_1946__fk__21-023.jp2/_view	https://github.com/welfare-state-analytics/riksdagen-corpus/blob/main/corpus/protocols/1946/prot-1946--fk--21.xml#L2097	51	1	30	Föredrogs ånyo statsutskottets utlåtande nr 151, i anledning av Kungl.		föredrogs ånyo statsutskottets utlåtande nr 151, i anledning av kungl.	0
data/1946/prot-1946--fk--021.xml	23	https://betalab.kb.se/prot-1946--fk--21/prot_1946__fk__21-023.jp2/_view	https://github.com/welfare-state-analytics/riksdagen-corpus/blob/main/corpus/protocols/1946/prot-1946--fk--21.xml#L2097	51	1	37	dels bemyndiga Kungl. Maj:t att I hubudsaklig överensstämmelse med av		dels bemyndiga kungl. maj:t att i huvudsaklig överensstämmelse med av	1
data/1946/prot-1946--fk--024.xml	53	https://betalab.kb.se/prot-1946--fk--24/prot_1946__fk__24-053.jp2/_view	https://github.com/welfare-state-analytics/riksdagen-corpus/blob/main/corpus/protocols/1946/prot-1946--fk--24.xml#L4718	48	1	6	nr 63, i anledning av väckta motioner om utredning angående statligt stöd		nr 63, 1 anledning av väckta motioner om utredning angående statligt stöd	1
data/1946/prot-1946--fk--024.xml	53	https://betalab.kb.se/prot-1946--fk--24/prot_1946__fk__24-053.jp2/_view	https://github.com/welfare-state-analytics/riksdagen-corpus/blob/main/corpus/protocols/1946/prot-1946--fk--24.xml#L4718	48	1	17	1) II: 114 av herr Jonsson I Haverö, däri hemställts, att riksdagen ville i		1) it: 114 av herr jonsson i haverö, däri hemställts, att riksdagen ville i	1
data/1946/prot-1946--fk--024.xml	53	https://betalab.kb.se/prot-1946--fk--24/prot_1946__fk__24-053.jp2/_view	https://github.com/welfare-state-analytics/riksdagen-corpus/blob/main/corpus/protocols/1946/prot-1946--fk--24.xml#L4718	48	1	22	som att Kungl. Maj:t ville, efter utredning av ordningen och sättet för en önsk-		som att kungl. maj:t ville, efter utredning av ordningen och sättet för en önskv	1
data/1946/prot-1946--fk--029.xml	28	https://betalab.kb.se/prot-1946--fk--29/prot_1946__fk__29-028.jp2/_view	https://github.com/welfare-state-analytics/riksdagen-corpus/blob/main/corpus/protocols/1946/prot-1946--fk--29.xml#L2482	53	1	1	Fredagen den 28 juni 1946 fm. Nr 29. 29		fredagen den 28 juni 1946 fm. nr 29. 29	0
data/1946/prot-1946--fk--029.xml	28	https://betalab.kb.se/prot-1946--fk--29/prot_1946__fk__29-028.jp2/_view	https://github.com/welfare-state-analytics/riksdagen-corpus/blob/main/corpus/protocols/1946/prot-1946--fk--29.xml#L2482	53	1	6	som har familj, utgår redan nu bidrag I form av hyreshjälp. Nu skulle man		som har familj, utgår redan nu bidrag i form av hyreshjälp. nu skulle man	0
data/1946/prot-1946--fk--029.xml	28	https://betalab.kb.se/prot-1946--fk--29/prot_1946__fk__29-028.jp2/_view	https://github.com/welfare-state-analytics/riksdagen-corpus/blob/main/corpus/protocols/1946/prot-1946--fk--29.xml#L2482	53	1	15	per månad. En beredskapsarbetare kan således komma upp till ett månatligt		per månad. en beredskapsarbetare kan således komma upp till ett månatligt	0
data/1946/prot-1946--fk--037.xml	7	https://betalab.kb.se/prot-1946-höst-fk--37/prot_1946_höst_fk__37-007.jp2/_view	https://github.com/welfare-state-analytics/riksdagen-corpus/blob/main/corpus/protocols/1946/prot-1946-höst-fk--37.xml#L581	55	1	19	inte göra några svårigheter när det gäller att i enlighet med livsmedelskom-		inte göra några svårigheter när det gäller att i enlighet med livsmedelskomm	1
data/1946/prot-1946--fk--037.xml	7	https://betalab.kb.se/prot-1946-höst-fk--37/prot_1946_höst_fk__37-007.jp2/_view	https://github.com/welfare-state-analytics/riksdagen-corpus/blob/main/corpus/protocols/1946/prot-1946-höst-fk--37.xml#L581	55	1	51	nehavare av ett yrkeshönseri har. Sådant tillskottsfoder än en in-		nnehavare av ett yrkeshönseri har. sådant tillskottsfoder, som stå	10
data/1946/prot-1946--fk--037.xml	7	https://betalab.kb.se/prot-1946-h√∂st-fk--37/prot_1946_h√∂st_fk__37-007.jp2/_view	https://github.com/welfare-state-analytics/riksdagen-corpus/blob/main/corpus/protocols/1946/prot-1946-h√∂st-fk--37.xml#L581	55	1	53	havare av ett yrkeshönseri har. Sådant tillskottsfoder, som står att anskafa		havare av ett yrkeshönseri har. sådant tillskottsfoder, som står att anskaff	1
data/1947/prot-1947--ak--010.xml	32	https://betalab.kb.se/prot-1947--ak--10/prot_1947__ak__10-032.jp2/_view	https://github.com/welfare-state-analytics/riksdagen-corpus/blob/main/corpus/protocols/1947/prot-1947--ak--10.xml#L2824	55	1	16	av den karaktär som vi sedmera fingo. Vidare är det tänkbart, säger ut-		av den karaktär som vi sedermera fingo. vidare är det tänkbart, säger u	4
data/1947/prot-1947--ak--010.xml	32	https://betalab.kb.se/prot-1947--ak--10/prot_1947__ak__10-032.jp2/_view	https://github.com/welfare-state-analytics/riksdagen-corpus/blob/main/corpus/protocols/1947/prot-1947--ak--10.xml#L2824	55	1	21	att köpa ammunition. Det är nämligen ammunitionsfrågan det här gäller. I		att köpa ammunition. det är nämligen ammunitionsfrågan det här gäller. i	0
data/1947/prot-1947--ak--010.xml	32	https://betalab.kb.se/prot-1947--ak--10/prot_1947__ak__10-032.jp2/_view	https://github.com/welfare-state-analytics/riksdagen-corpus/blob/main/corpus/protocols/1947/prot-1947--ak--10.xml#L2824	55	1	23	alla enskilda personers innehav av skjutvapen.		alla enskilda personers innehav av skjutvapen.	0
data/1947/prot-1947--ak--024.xml	126	https://betalab.kb.se/prot-1947--ak--24/prot_1947__ak__24-126.jp2/_view	https://github.com/welfare-state-analytics/riksdagen-corpus/blob/main/corpus/protocols/1947/prot-1947--ak--24.xml#L10797	45	1	2	Förordning rörande förkortning av utbildningstiden för vissa värnpliktiga		förordning rörande förkortning av utbildningstiden för vissa värnpliktiga	0
data/1947/prot-1947--ak--024.xml	126	https://betalab.kb.se/prot-1947--ak--24/prot_1947__ak__24-126.jp2/_view	https://github.com/welfare-state-analytics/riksdagen-corpus/blob/main/corpus/protocols/1947/prot-1947--ak--24.xml#L10797	45	1	4	lertid votering, I anledning varav efter given varsel följande voteringspropo-		lertid votering, i anledning varav efter given varsel följande voteringspropos	1
data/1947/prot-1947--ak--024.xml	126	https://betalab.kb.se/prot-1947--ak--24/prot_1947__ak__24-126.jp2/_view	https://github.com/welfare-state-analytics/riksdagen-corpus/blob/main/corpus/protocols/1947/prot-1947--ak--24.xml#L10797	45	1	45	getåret 1947/48 till riksräkenskapsverket.		getåret 1947/48 till riksräkenskapsverket.	0
data/1947/prot-1947--ak--035.xml	68	https://betalab.kb.se/prot-1947--ak--35/prot_1947__ak__35-068.jp2/_view	https://github.com/welfare-state-analytics/riksdagen-corpus/blob/main/corpus/protocols/1947/prot-1947--ak--35.xml#L5409	51	1	1	Måndagen den 14 juli 1947 fm.		måndagen den 14 juli 1947 fm.	0
data/1947/prot-1947--ak--035.xml	68	https://betalab.kb.se/prot-1947--ak--35/prot_1947__ak__35-068.jp2/_view	https://github.com/welfare-state-analytics/riksdagen-corpus/blob/main/corpus/protocols/1947/prot-1947--ak--35.xml#L5409	51	1	8	Herr Lövgren talade vidare här om den propaganda mot sparande som		herr lövgren talade vidare här om den propaganda mot sparande som	0
data/1947/prot-1947--ak--035.xml	68	https://betalab.kb.se/prot-1947--ak--35/prot_1947__ak__35-068.jp2/_view	https://github.com/welfare-state-analytics/riksdagen-corpus/blob/main/corpus/protocols/1947/prot-1947--ak--35.xml#L5409	51	1	17	Jämväl herr Lövgren erhöll på begäran ordet för kort genmäle och ytt-		jämväl herr lövgren erhöll på begäran ordet för kort genmäle och yttr	1
data/1947/prot-1947--ak--036.xml	62	https://betalab.kb.se/prot-1947--ak--36/prot_1947__ak__36-062.jp2/_view	https://github.com/welfare-state-analytics/riksdagen-corpus/blob/main/corpus/protocols/1947/prot-1947--ak--36.xml#L5287	44	1	6	§ 2.		§ 3.	1
data/1947/prot-1947--ak--036.xml	62	https://betalab.kb.se/prot-1947--ak--36/prot_1947__ak__36-062.jp2/_view	https://github.com/welfare-state-analytics/riksdagen-corpus/blob/main/corpus/protocols/1947/prot-1947--ak--36.xml#L5287	44	1	7	Herr talmannen lämnade på begäran ordet till		herr talmannen lämnade på begäran ordet till	0
data/1947/prot-1947--ak--036.xml	62	https://betalab.kb.se/prot-1947--ak--36/prot_1947__ak__36-062.jp2/_view	https://github.com/welfare-state-analytics/riksdagen-corpus/blob/main/corpus/protocols/1947/prot-1947--ak--36.xml#L5287	44	1	34	Även om lyckligtvis vårt land visat sig erbjuda en dålig jordmån för rashet-		även om lyckligtvis vårt land visat sig erbjuda en dålig jordmån för rashets	1
data/1947/prot-1947--fk--022.xml	51	https://betalab.kb.se/prot-1947--fk--22/prot_1947__fk__22-051.jp2/_view	https://github.com/welfare-state-analytics/riksdagen-corpus/blob/main/corpus/protocols/1947/prot-1947--fk--22.xml#L4483	19	1	2	nr 112, i anledning av väckta motioner om anslag till väg Tännäs kyrkby—		nr 112, i anledning av väckta motioner om anslag till väg tännäs kyrkby-	0
data/1947/prot-1947--fk--022.xml	51	https://betalab.kb.se/prot-1947--fk--22/prot_1947__fk__22-051.jp2/_view	https://github.com/welfare-state-analytics/riksdagen-corpus/blob/main/corpus/protocols/1947/prot-1947--fk--22.xml#L4483	19	1	4	nr 113, i anledning av väckt motion angående utökning i vissa falla av fri-		nr 113, i anledning av väckt motion angående utökning i vissa fall av frikr	3
data/1947/prot-1947--fk--022.xml	51	https://betalab.kb.se/prot-1947--fk--22/prot_1947__fk__22-051.jp2/_view	https://github.com/welfare-state-analytics/riksdagen-corpus/blob/main/corpus/protocols/1947/prot-1947--fk--22.xml#L4483	19	1	19	G. H. Berggren.		idem g. h. berggren.	5
data/1948/prot-1948--ak--013.xml	100	https://betalab.kb.se/prot-1948--ak--13/prot_1948__ak__13-100.jp2/_view	https://github.com/welfare-state-analytics/riksdagen-corpus/blob/main/corpus/protocols/1948/prot-1948--ak--13.xml#L9828	100	2	26	Jag vidhåller alltså mitt yrkande.		jag vidhåller alltså mitt yrkande.	0
data/1948/prot-1948--ak--013.xml	100	https://betalab.kb.se/prot-1948--ak--13/prot_1948__ak__13-100.jp2/_view	https://github.com/welfare-state-analytics/riksdagen-corpus/blob/main/corpus/protocols/1948/prot-1948--ak--13.xml#L9828	100	2	45	kummunallagstiftningskommittén kom-		kommunallagstiftningskommittén kom;	2
data/1948/prot-1948--ak--013.xml	100	https://betalab.kb.se/prot-1948--ak--13/prot_1948__ak__13-100.jp2/_view	https://github.com/welfare-state-analytics/riksdagen-corpus/blob/main/corpus/protocols/1948/prot-1948--ak--13.xml#L9828	100	2	53	mycken styrka — det vill jag gärna		mycken styrka - det vill jag gärna	0
data/1948/prot-1948--ak--013.xml	100	https://betalab.kb.se/prot-1948--ak--13/prot_1948__ak__13-100.jp2/_view	https://github.com/welfare-state-analytics/riksdagen-corpus/blob/main/corpus/protocols/1948/prot-1948--ak--13.xml#L9828	100	2	54	mycket styrka — det vill jag gärna		mycken styrka - det vill jag gärna	1
data/1948/prot-1948--ak--013.xml	100	https://betalab.kb.se/prot-1948--ak--13/prot_1948__ak__13-100.jp2/_view	https://github.com/welfare-state-analytics/riksdagen-corpus/blob/main/corpus/protocols/1948/prot-1948--ak--13.xml#L9828	100	2	62	meningen att man ska vara bunden		meningen att man skall vara bund	4
data/1948/prot-1948--ak--013.xml	100	https://betalab.kb.se/prot-1948--ak--13/prot_1948__ak__13-100.jp2/_view	https://github.com/welfare-state-analytics/riksdagen-corpus/blob/main/corpus/protocols/1948/prot-1948--ak--13.xml#L9828	100	2	73	dana tjänster. För att för hela riket		dana tjänster. för att ett för hela r	8
data/1948/prot-1948--ak--022.xml	49	https://betalab.kb.se/prot-1948--ak--22/prot_1948__ak__22-050.jp2/_view	https://github.com/welfare-state-analytics/riksdagen-corpus/blob/main/corpus/protocols/1948/prot-1948--ak--22.xml#L4747	102	2	18	rådande överskattning av våra ekono-		rådande överskattning av våra ekonom	1
data/1948/prot-1948--ak--022.xml	49	https://betalab.kb.se/prot-1948--ak--22/prot_1948__ak__22-050.jp2/_view	https://github.com/welfare-state-analytics/riksdagen-corpus/blob/main/corpus/protocols/1948/prot-1948--ak--22.xml#L4747	102	2	24	få till stånd en erforederlig uppmjukning		 få till stånd en erforderlig uppmjukning	2
data/1948/prot-1948--ak--022.xml	49	https://betalab.kb.se/prot-1948--ak--22/prot_1948__ak__22-050.jp2/_view	https://github.com/welfare-state-analytics/riksdagen-corpus/blob/main/corpus/protocols/1948/prot-1948--ak--22.xml#L4747	102	2	32	Nu kan man visserligen säga, såsom		nu kan man visserligen säga, såsom	0
data/1948/prot-1948--ak--022.xml	49	https://betalab.kb.se/prot-1948--ak--22/prot_1948__ak__22-050.jp2/_view	https://github.com/welfare-state-analytics/riksdagen-corpus/blob/main/corpus/protocols/1948/prot-1948--ak--22.xml#L4747	102	2	35	också påpekats i motionen, att det		också påpekats i motionen, att det	0
data/1948/prot-1948--ak--022.xml	49	https://betalab.kb.se/prot-1948--ak--22/prot_1948__ak__22-050.jp2/_view	https://github.com/welfare-state-analytics/riksdagen-corpus/blob/main/corpus/protocols/1948/prot-1948--ak--22.xml#L4747	102	2	67	telser.		medel.	4
data/1948/prot-1948--ak--022.xml	49	https://betalab.kb.se/prot-1948--ak--22/prot_1948__ak__22-050.jp2/_view	https://github.com/welfare-state-analytics/riksdagen-corpus/blob/main/corpus/protocols/1948/prot-1948--ak--22.xml#L4747	102	2	93	återbetalningar av de krediter som re-		återbetalningar av de krediter som red	1
data/1948/prot-1948--fk--017.xml	4	https://betalab.kb.se/prot-1948--fk--17/prot_1948__fk__17-004.jp2/_view	https://github.com/welfare-state-analytics/riksdagen-corpus/blob/main/corpus/protocols/1948/prot-1948--fk--17.xml#L446	104	2	2	tionen borde stå öppen även för psyko-		tionen borde stå öppen även för psykop	1
data/1948/prot-1948--fk--017.xml	4	https://betalab.kb.se/prot-1948--fk--17/prot_1948__fk__17-004.jp2/_view	https://github.com/welfare-state-analytics/riksdagen-corpus/blob/main/corpus/protocols/1948/prot-1948--fk--17.xml#L446	104	2	26	punkter i alla avseenden tillfredsstäl-		punkter i alla avseenden tillfredsställ	1
data/1948/prot-1948--fk--017.xml	4	https://betalab.kb.se/prot-1948--fk--17/prot_1948__fk__17-004.jp2/_view	https://github.com/welfare-state-analytics/riksdagen-corpus/blob/main/corpus/protocols/1948/prot-1948--fk--17.xml#L446	104	2	39	bemästra, och jag har inte någon som		bemästra, och jag har inte någon som	0
data/1948/prot-1948--fk--017.xml	4	https://betalab.kb.se/prot-1948--fk--17/prot_1948__fk__17-004.jp2/_view	https://github.com/welfare-state-analytics/riksdagen-corpus/blob/main/corpus/protocols/1948/prot-1948--fk--17.xml#L446	104	2	67	tik, som riktades mot lagen på den ti-		tik, som riktades mot lagen på den tid	1
data/1948/prot-1948--fk--017.xml	4	https://betalab.kb.se/prot-1948--fk--17/prot_1948__fk__17-004.jp2/_view	https://github.com/welfare-state-analytics/riksdagen-corpus/blob/main/corpus/protocols/1948/prot-1948--fk--17.xml#L446	104	2	69	tik, som riktades mot lagen på den ti		tik, som riktades mot lagen på den ti	0
data/1948/prot-1948--fk--017.xml	4	https://betalab.kb.se/prot-1948--fk--17/prot_1948__fk__17-004.jp2/_view	https://github.com/welfare-state-analytics/riksdagen-corpus/blob/main/corpus/protocols/1948/prot-1948--fk--17.xml#L446	104	2	87	uttalande i interpellationen. Herr Schly-		uttalande i interpellationen. herr schlyt	1
data/1948/prot-1948--fk--019.xml	38	https://betalab.kb.se/prot-1948--fk--19/prot_1948__fk__19-039.jp2/_view	https://github.com/welfare-state-analytics/riksdagen-corpus/blob/main/corpus/protocols/1948/prot-1948--fk--19.xml#L3940	102	2	4	vudsakling eller väsentlig inkomstkälla,		uvudsaklig eller väsentlig inkomstkälla,	2
data/1948/prot-1948--fk--019.xml	38	https://betalab.kb.se/prot-1948--fk--19/prot_1948__fk__19-039.jp2/_view	https://github.com/welfare-state-analytics/riksdagen-corpus/blob/main/corpus/protocols/1948/prot-1948--fk--19.xml#L3940	102	2	12	Kungl. Maj:ts tillstånd att såsom aukto-		kungl. maj:ts tillstånd att såsom auktor	1
data/1948/prot-1948--fk--019.xml	38	https://betalab.kb.se/prot-1948--fk--19/prot_1948__fk__19-039.jp2/_view	https://github.com/welfare-state-analytics/riksdagen-corpus/blob/main/corpus/protocols/1948/prot-1948--fk--19.xml#L3940	102	2	18	tillstånd, benämnes i det följande han-		tillstånd, benämnes i det följande hand	1
data/1948/prot-1948--fk--019.xml	38	https://betalab.kb.se/prot-1948--fk--19/prot_1948__fk__19-039.jp2/_view	https://github.com/welfare-state-analytics/riksdagen-corpus/blob/main/corpus/protocols/1948/prot-1948--fk--19.xml#L3940	102	2	26	skottets utlåtande måtte erhålla den änd-		skottets utlåtande måtte erhålla den ändr	1
data/1948/prot-1948--fk--019.xml	38	https://betalab.kb.se/prot-1948--fk--19/prot_1948__fk__19-039.jp2/_view	https://github.com/welfare-state-analytics/riksdagen-corpus/blob/main/corpus/protocols/1948/prot-1948--fk--19.xml#L3940	102	2	47	å 500 000 kronor under Fonden för lå-		å 500 000 kronor under fonden för lån	1
data/1948/prot-1948--fk--019.xml	38	https://betalab.kb.se/prot-1948--fk--19/prot_1948__fk__19-039.jp2/_view	https://github.com/welfare-state-analytics/riksdagen-corpus/blob/main/corpus/protocols/1948/prot-1948--fk--19.xml#L3940	102	2	78	går närmare in på den saken, vill jag		går närmare in på den saken, vill jag	0
data/1949/prot-1949--ak--002.xml	65	https://betalab.kb.se/prot-1949--ak--2/prot_1949__ak__2-065.jp2/_view	https://github.com/welfare-state-analytics/riksdagen-corpus/blob/main/corpus/protocols/1949/prot-1949--ak--2.xml#L5548	101	2	14	lika regelbundet absorberats av sam-		lika regelbundet absorberats av samh	1
data/1949/prot-1949--ak--002.xml	65	https://betalab.kb.se/prot-1949--ak--2/prot_1949__ak__2-065.jp2/_view	https://github.com/welfare-state-analytics/riksdagen-corpus/blob/main/corpus/protocols/1949/prot-1949--ak--2.xml#L5548	101	2	32	område. Orkester- och konserthusför-		a område. orkesteroch konserthusföre	5
data/1949/prot-1949--ak--002.xml	65	https://betalab.kb.se/prot-1949--ak--2/prot_1949__ak__2-065.jp2/_view	https://github.com/welfare-state-analytics/riksdagen-corpus/blob/main/corpus/protocols/1949/prot-1949--ak--2.xml#L5548	101	2	41	godo, nämligen Svenska kantorförbun-		godo, nämligen svenska kantorförbund	1
data/1949/prot-1949--ak--002.xml	65	https://betalab.kb.se/prot-1949--ak--2/prot_1949__ak__2-065.jp2/_view	https://github.com/welfare-state-analytics/riksdagen-corpus/blob/main/corpus/protocols/1949/prot-1949--ak--2.xml#L5548	101	2	47	när det gäller såväl materiellt som kul-		när det gäller såväl materiellt som kult	1
data/1949/prot-1949--ak--002.xml	65	https://betalab.kb.se/prot-1949--ak--2/prot_1949__ak__2-065.jp2/_view	https://github.com/welfare-state-analytics/riksdagen-corpus/blob/main/corpus/protocols/1949/prot-1949--ak--2.xml#L5548	101	2	69	olika delar av världen, som syssla med		olika delar av världen, som syssla med	0
data/1949/prot-1949--ak--002.xml	65	https://betalab.kb.se/prot-1949--ak--2/prot_1949__ak__2-065.jp2/_view	https://github.com/welfare-state-analytics/riksdagen-corpus/blob/main/corpus/protocols/1949/prot-1949--ak--2.xml#L5548	101	2	101	ningsministern tillkännagav vid flera		ningsministern tillkännagav vid flera	0
data/1949/prot-1949--ak--023.xml	126	https://betalab.kb.se/prot-1949--ak--23/prot_1949__ak__23-126.jp2/_view	https://github.com/welfare-state-analytics/riksdagen-corpus/blob/main/corpus/protocols/1949/prot-1949--ak--23.xml#L12101	99	2	6	ringsmöjligheterna.		eringsmöjligheterna.	1
data/1949/prot-1949--ak--023.xml	126	https://betalab.kb.se/prot-1949--ak--23/prot_1949__ak__23-126.jp2/_view	https://github.com/welfare-state-analytics/riksdagen-corpus/blob/main/corpus/protocols/1949/prot-1949--ak--23.xml#L12101	99	2	62	tiet och högerpartiet närmare än social-		tiet och högerpartiet närmare än sociald	1
data/1949/prot-1949--ak--023.xml	126	https://betalab.kb.se/prot-1949--ak--23/prot_1949__ak__23-126.jp2/_view	https://github.com/welfare-state-analytics/riksdagen-corpus/blob/main/corpus/protocols/1949/prot-1949--ak--23.xml#L12101	99	2	65	na, som hittills huvudsakligen rekryte-		na, som hittills huvudsakligen rekryter	1
data/1949/prot-1949--ak--023.xml	126	https://betalab.kb.se/prot-1949--ak--23/prot_1949__ak__23-126.jp2/_view	https://github.com/welfare-state-analytics/riksdagen-corpus/blob/main/corpus/protocols/1949/prot-1949--ak--23.xml#L12101	99	2	75	dan inom denna krets och inom offi-		dan inom denna krets och inom offic	1
data/1949/prot-1949--ak--023.xml	126	https://betalab.kb.se/prot-1949--ak--23/prot_1949__ak__23-126.jp2/_view	https://github.com/welfare-state-analytics/riksdagen-corpus/blob/main/corpus/protocols/1949/prot-1949--ak--23.xml#L12101	99	2	80	skall jag gärna diskutera dessa frågor		skall jag gärna diskutera dessa frågor	0
data/1949/prot-1949--ak--023.xml	126	https://betalab.kb.se/prot-1949--ak--23/prot_1949__ak__23-126.jp2/_view	https://github.com/welfare-state-analytics/riksdagen-corpus/blob/main/corpus/protocols/1949/prot-1949--ak--23.xml#L12101	99	2	88	gjort för de organisatoriska förbättring-		gjort för de organisatoriska förbättringa	1
data/1949/prot-1949--fk--011.xml	61	https://betalab.kb.se/prot-1949--fk--11/prot_1949__fk__11-061.jp2/_view	https://github.com/welfare-state-analytics/riksdagen-corpus/blob/main/corpus/protocols/1949/prot-1949--fk--11.xml#L6469	103	2	11	ken och att vi därför inte hade anledning		ken och att vi därför inte hade anledning	0
data/1949/prot-1949--fk--011.xml	61	https://betalab.kb.se/prot-1949--fk--11/prot_1949__fk__11-061.jp2/_view	https://github.com/welfare-state-analytics/riksdagen-corpus/blob/main/corpus/protocols/1949/prot-1949--fk--11.xml#L6469	103	2	45	varit med att besluta i den här saken		varit med att besluta i den här saken	0
data/1949/prot-1949--fk--011.xml	61	https://betalab.kb.se/prot-1949--fk--11/prot_1949__fk__11-061.jp2/_view	https://github.com/welfare-state-analytics/riksdagen-corpus/blob/main/corpus/protocols/1949/prot-1949--fk--11.xml#L6469	103	2	47	I själva verket äro. Då jag strukit under		i själva verket äro. då jag strukit under	0
data/1949/prot-1949--fk--011.xml	61	https://betalab.kb.se/prot-1949--fk--11/prot_1949__fk__11-061.jp2/_view	https://github.com/welfare-state-analytics/riksdagen-corpus/blob/main/corpus/protocols/1949/prot-1949--fk--11.xml#L6469	103	2	52	ligt och utförligt redogjort för utskottets		ligt och utförligt redogjort för utskottets	0
data/1949/prot-1949--fk--011.xml	61	https://betalab.kb.se/prot-1949--fk--11/prot_1949__fk__11-061.jp2/_view	https://github.com/welfare-state-analytics/riksdagen-corpus/blob/main/corpus/protocols/1949/prot-1949--fk--11.xml#L6469	103	2	68	underhuset, som ju är en förebildlig in-		underhuset, som ju är en förebildlig ins	1
data/1949/prot-1949--fk--011.xml	61	https://betalab.kb.se/prot-1949--fk--11/prot_1949__fk__11-061.jp2/_view	https://github.com/welfare-state-analytics/riksdagen-corpus/blob/main/corpus/protocols/1949/prot-1949--fk--11.xml#L6469	103	2	89	dagsarvodet upphörde att utgå den 1 juni		dagsarvodet upphörde att utgå den 1 juni	0
data/1930/prot-1930--ak--018.xml	42	https://betalab.kb.se/prot-1930--ak--18/prot_1930__ak__18-042.jp2/_view	https://github.com/welfare-state-analytics/riksdagen-corpus/blob/main/corpus/protocols/1930/prot-1930--ak--18.xml#L3966	50	1	16	Vad av länet tillkommande skattemedel ej åtgår till beviljade bidrag skall		vad av länet tillkommande skattemedel ej åtgår till beviljade bidrag skall	0
data/1930/prot-1930--ak--018.xml	42	https://betalab.kb.se/prot-1930--ak--18/prot_1930__ak__18-042.jp2/_view	https://github.com/welfare-state-analytics/riksdagen-corpus/blob/main/corpus/protocols/1930/prot-1930--ak--18.xml#L3966	50	1	29	Punkten föredrogs. Därvid yttrade:		punkten föredrogs. därvid yttrade:	0
data/1930/prot-1930--ak--018.xml	42	https://betalab.kb.se/prot-1930--ak--18/prot_1930__ak__18-042.jp2/_view	https://github.com/welfare-state-analytics/riksdagen-corpus/blob/main/corpus/protocols/1930/prot-1930--ak--18.xml#L3966	50	1	50	rör inte heller på något sätt städerna, då städernas andelar icke alls skulle		rör inte heller på något sätt städerna, då städernas andelar icke alls skulle	0
data/1930/prot-1930--ak--004.xml	22	https://betalab.kb.se/prot-1930--ak--4/prot_1930__ak__4-022.jp2/_view	https://github.com/welfare-state-analytics/riksdagen-corpus/blob/main/corpus/protocols/1930/prot-1930--ak--4.xml#L1923	55	1	15	avgivit ett uttalande i tidningspressen, vari han förklarar följande: »Från många		avgivit ett uttalande i tidningspressen, vari han förklarar följande: »från många	0
data/1930/prot-1930--ak--004.xml	22	https://betalab.kb.se/prot-1930--ak--4/prot_1930__ak__4-022.jp2/_view	https://github.com/welfare-state-analytics/riksdagen-corpus/blob/main/corpus/protocols/1930/prot-1930--ak--4.xml#L1923	55	1	28	skingra. Vad svarar nu herr statsrådet? Jo, han menar, att allt detta skall		skingra. vad svarar nu herr statsrådet? jo, han menar, att allt detta skall	0
data/1930/prot-1930--ak--004.xml	22	https://betalab.kb.se/prot-1930--ak--4/prot_1930__ak__4-022.jp2/_view	https://github.com/welfare-state-analytics/riksdagen-corpus/blob/main/corpus/protocols/1930/prot-1930--ak--4.xml#L1923	55	1	45	det gäller katekesen, har man där att göra med stycken och minnesord dels av		det gäller katekesen, har man där att göra med stycken och minnesord dels av	0
data/1931/prot-1931--ak--016.xml	97	https://betalab.kb.se/prot-1931--ak--16/prot_1931__ak__16-097.jp2/_view	https://github.com/welfare-state-analytics/riksdagen-corpus/blob/main/corpus/protocols/1931/prot-1931--ak--16.xml#L8728	54	1	27	tare arbetstid och då böra även landstingens sjukvårdsanstalter gå fram på		tare arbetstid och då böra även landstingens sjukvårdsanstalter gå fram på	0
data/1931/prot-1931--ak--016.xml	97	https://betalab.kb.se/prot-1931--ak--16/prot_1931__ak__16-097.jp2/_view	https://github.com/welfare-state-analytics/riksdagen-corpus/blob/main/corpus/protocols/1931/prot-1931--ak--16.xml#L8728	54	1	42	fallet, blir följden givetvis en automatisk skattestegnring i landstingen. Den-		 fallet, blir följden givetvis en automatisk skattestegring i landstingen. denn	3
data/1931/prot-1931--ak--016.xml	97	https://betalab.kb.se/prot-1931--ak--16/prot_1931__ak__16-097.jp2/_view	https://github.com/welfare-state-analytics/riksdagen-corpus/blob/main/corpus/protocols/1931/prot-1931--ak--16.xml#L8728	54	1	46	inte skatteunderlaget ökas, undgå en fortsatt skatteökning. Det är då ganska		inte skatteunderlaget ökas, undgå en fortsatt skatteökning. det är då ganska	0
data/1931/prot-1931--ak--027.xml	68	https://betalab.kb.se/prot-1931--ak--27/prot_1931__ak__27-068.jp2/_view	https://github.com/welfare-state-analytics/riksdagen-corpus/blob/main/corpus/protocols/1931/prot-1931--ak--27.xml#L6518	53	1	4	bruksändamål. Att en sådan uppdelning varit synnerligen väl motiverad,		bruksändamål. att en sådan uppdelning varit synnerligen väl motiverad,	0
data/1931/prot-1931--ak--027.xml	68	https://betalab.kb.se/prot-1931--ak--27/prot_1931__ak__27-068.jp2/_view	https://github.com/welfare-state-analytics/riksdagen-corpus/blob/main/corpus/protocols/1931/prot-1931--ak--27.xml#L6518	53	1	25	Att elektrifieringen inom distributionsföreningarna så småningom kommit att		att elektrifieringen inom distributionsföreningarna så småningom kommit att	0
data/1931/prot-1931--ak--027.xml	68	https://betalab.kb.se/prot-1931--ak--27/prot_1931__ak__27-068.jp2/_view	https://github.com/welfare-state-analytics/riksdagen-corpus/blob/main/corpus/protocols/1931/prot-1931--ak--27.xml#L6518	53	1	39	böra således bibehållas under sådan rubrik, att av denna framgår, att de		böra således bibehållas under sådan rubrik, att av denna framgår, att de	0
data/1931/prot-1931--ak--036.xml	117	https://betalab.kb.se/prot-1931--ak--36/prot_1931__ak__36-117.jp2/_view	https://github.com/welfare-state-analytics/riksdagen-corpus/blob/main/corpus/protocols/1931/prot-1931--ak--36.xml#L10836	54	1	1	Nr 36. 118 Onsdagen den 13 maj e. m.		118 onsdagen den 13 maj e. m.	7
data/1931/prot-1931--ak--036.xml	117	https://betalab.kb.se/prot-1931--ak--36/prot_1931__ak__36-117.jp2/_view	https://github.com/welfare-state-analytics/riksdagen-corpus/blob/main/corpus/protocols/1931/prot-1931--ak--36.xml#L10836	54	1	38	slagets användning utöver en viss nödvändig marginal. Jag har tillåtit mig		slagets användning utöver en viss nödvändig marginal. jag har tillåtit mig	0
data/1931/prot-1931--ak--036.xml	117	https://betalab.kb.se/prot-1931--ak--36/prot_1931__ak__36-117.jp2/_view	https://github.com/welfare-state-analytics/riksdagen-corpus/blob/main/corpus/protocols/1931/prot-1931--ak--36.xml#L10836	54	1	40	begränsade till en enda man, ty uppenbart måste förhållandena, sådana de		begränsade till en enda man, ty uppenbart måste förhållandena, sådana de	0
data/1931/prot-1931--fk--038.xml	15	https://betalab.kb.se/prot-1931--fk--38/prot_1931__fk__38-015.jp2/_view	https://github.com/welfare-state-analytics/riksdagen-corpus/blob/main/corpus/protocols/1931/prot-1931--fk--38.xml#L1393	55	1	2	kande, som kunde ha vunnit pluralitet. Men de föreslagna organisatoriska		kande, som kunde ha vunnit pluralitet. men de föreslagna organisatoriska	0
data/1931/prot-1931--fk--038.xml	15	https://betalab.kb.se/prot-1931--fk--38/prot_1931__fk__38-015.jp2/_view	https://github.com/welfare-state-analytics/riksdagen-corpus/blob/main/corpus/protocols/1931/prot-1931--fk--38.xml#L1393	55	1	38	Vi skulle emellertid ha 700 sådana nämnder i landet. Men 700 nämnder		vi skulle emellertid ha 700 sådana nämnder i landet. men 700 nämnder	0
data/1931/prot-1931--fk--038.xml	15	https://betalab.kb.se/prot-1931--fk--38/prot_1931__fk__38-015.jp2/_view	https://github.com/welfare-state-analytics/riksdagen-corpus/blob/main/corpus/protocols/1931/prot-1931--fk--38.xml#L1393	55	1	53	På samma sätt vill jag säga, att det är med skyddskollegierna. Att inrätta		på samma sätt vill jag säga, att det är med skyddskollegierna. att inrätta	0
data/1932/prot-1932--ak--042.xml	84	https://betalab.kb.se/prot-1932--ak--42/prot_1932__ak__42-084.jp2/_view	https://github.com/welfare-state-analytics/riksdagen-corpus/blob/main/corpus/protocols/1932/prot-1932--ak--42.xml#L7450	55	1	2	Man anmärker på att denna kredit beviljades, trots att koncernen beslutat		man anmärker på att denna kredit beviljades, trots att koncernen beslutat	0
data/1932/prot-1932--ak--042.xml	84	https://betalab.kb.se/prot-1932--ak--42/prot_1932__ak__42-084.jp2/_view	https://github.com/welfare-state-analytics/riksdagen-corpus/blob/main/corpus/protocols/1932/prot-1932--ak--42.xml#L7450	55	1	7	att herr Lindman är främmande för en sådan företeelse inom affärsverksam-		att herr lindman är främmande för en sådan företeelse inom affärsverksamh	1
data/1932/prot-1932--ak--042.xml	84	https://betalab.kb.se/prot-1932--ak--42/prot_1932__ak__42-084.jp2/_view	https://github.com/welfare-state-analytics/riksdagen-corpus/blob/main/corpus/protocols/1932/prot-1932--ak--42.xml#L7450	55	1	31	de krediter som lämnas till bankerna, ske på bankmässiga grunderoch att		de krediter, som lämnas till bankerna, ske på bankmässiga grunder, och 	6
data/1933/prot-1933--ak--014.xml	17	https://betalab.kb.se/prot-1933--ak--14/prot_1933__ak__14-017.jp2/_view	https://github.com/welfare-state-analytics/riksdagen-corpus/blob/main/corpus/protocols/1933/prot-1933--ak--14.xml#L1432	55	1	45	mot klingande valuta. Detta var uppenbarligen en sida av jordbruksproblemet,		mot klingande valuta. detta var uppenbarligen en sida av jordbruksproblemet,	0
data/1933/prot-1933--ak--014.xml	17	https://betalab.kb.se/prot-1933--ak--14/prot_1933__ak__14-017.jp2/_view	https://github.com/welfare-state-analytics/riksdagen-corpus/blob/main/corpus/protocols/1933/prot-1933--ak--14.xml#L1432	55	1	48	kan knappast värja sig för tanken, att så delvis är förhållandet, när man ser		kan knappast värja sig för tanken, att så delvis är förhållandet, när man ser	0
data/1933/prot-1933--ak--014.xml	17	https://betalab.kb.se/prot-1933--ak--14/prot_1933__ak__14-017.jp2/_view	https://github.com/welfare-state-analytics/riksdagen-corpus/blob/main/corpus/protocols/1933/prot-1933--ak--14.xml#L1432	55	1	53	För särskilt Ölands vidkommande hade det varit synnerligen önskvärt, att		för särskilt ölands vidkommande hade det varit synnerligen önskvärt, att	0
data/1933/prot-1933--ak--049.xml	11	https://betalab.kb.se/prot-1933--ak--49/prot_1933__ak__49-011.jp2/_view	https://github.com/welfare-state-analytics/riksdagen-corpus/blob/main/corpus/protocols/1933/prot-1933--ak--49.xml#L1083	55	1	8	Jag kan icke underlätte att fästa uppmärksamheten på att man har vid för-		jag kan icke underlåta att fästa uppmärksamheten på att man har vid förha	5
data/1933/prot-1933--ak--049.xml	28	https://betalab.kb.se/prot-1933--ak--49/prot_1933__ak__49-028.jp2/_view	https://github.com/welfare-state-analytics/riksdagen-corpus/blob/main/corpus/protocols/1933/prot-1933--ak--49.xml#L2393	55	1	28	förstod, att det var någonting i görningen. Så smångingom fick man ju klart		 förstod, att det var någonting i görningen. så småningom fick man ju klart	2
data/1933/prot-1933--ak--049.xml	11	https://betalab.kb.se/prot-1933--ak--49/prot_1933__ak__49-011.jp2/_view	https://github.com/welfare-state-analytics/riksdagen-corpus/blob/main/corpus/protocols/1933/prot-1933--ak--49.xml#L1083	55	1	31	arbetslönen, som varit avgörande vid den allmänna lönesättningen, och att		arbetarlönen, som varit avgörande vid den allmänna lönesättningen, och at	3
data/1933/prot-1933--ak--049.xml	11	https://betalab.kb.se/prot-1933--ak--49/prot_1933__ak__49-011.jp2/_view	https://github.com/welfare-state-analytics/riksdagen-corpus/blob/main/corpus/protocols/1933/prot-1933--ak--49.xml#L1083	55	1	41	gör, helt enkelt äro konstruerade.		gör, helt enkelt äro konstruerade.	0
data/1933/prot-1933--ak--049.xml	28	https://betalab.kb.se/prot-1933--ak--49/prot_1933__ak__49-028.jp2/_view	https://github.com/welfare-state-analytics/riksdagen-corpus/blob/main/corpus/protocols/1933/prot-1933--ak--49.xml#L2393	55	1	47	lan kl. 3 och 1/2 4 på e. m. Så krävdes det svar kl. 7 samma eftermiddag men		lan kl. 3 och !/,4 på e. m. så krävdes det svar kl. 7 samma eftermiddag, men	4
data/1933/prot-1933--ak--049.xml	28	https://betalab.kb.se/prot-1933--ak--49/prot_1933__ak__49-028.jp2/_view	https://github.com/welfare-state-analytics/riksdagen-corpus/blob/main/corpus/protocols/1933/prot-1933--ak--49.xml#L2393	55	1	52	och ett byte. Man har velat köpa bondeförbundets represen-		och ett byte. man har velat köpa bondeförbundets medverkan	7
data/1934/prot-1934--fk--037.xml	35	https://betalab.kb.se/prot-1934--fk--37/prot_1934__fk__37-035.jp2/_view	https://github.com/welfare-state-analytics/riksdagen-corpus/blob/main/corpus/protocols/1934/prot-1934--fk--37.xml#L2887	53	1	18	naturligtvis krävt riksdagens godkännande av ett sådant förslag. Då, menar		naturligtvis krävt riksdagens godkännande av ett sådant förslag. då, menar	0
data/1934/prot-1934--fk--037.xml	35	https://betalab.kb.se/prot-1934--fk--37/prot_1934__fk__37-035.jp2/_view	https://github.com/welfare-state-analytics/riksdagen-corpus/blob/main/corpus/protocols/1934/prot-1934--fk--37.xml#L2887	53	1	32	stort hopp till detta förslag?		stort hopp till detta förslag?	0
data/1934/prot-1934--fk--037.xml	35	https://betalab.kb.se/prot-1934--fk--37/prot_1934__fk__37-035.jp2/_view	https://github.com/welfare-state-analytics/riksdagen-corpus/blob/main/corpus/protocols/1934/prot-1934--fk--37.xml#L2887	53	1	33	I detta anförande instämde herr Carlsson, Carl och herr Johansson, August.		i detta anförande instämde herr carlsson, carl, och herr johansson, august	2
data/1935/prot-1935--ak--032.xml	1	https://betalab.kb.se/prot-1935--ak--32/prot_1935__ak__32-001.jp2/_view	https://github.com/welfare-state-analytics/riksdagen-corpus/blob/main/corpus/protocols/1935/prot-1935--ak--32.xml#L155	52	1	40	dustri å ett dylikt plan av viss Junkertyp, varå priset vid samtidig be-		dustri å ett dylikt plan av viss junkertyp, varå priset vid samtidig bes	1
data/1935/prot-1935--ak--032.xml	1	https://betalab.kb.se/prot-1935--ak--32/prot_1935__ak__32-001.jp2/_view	https://github.com/welfare-state-analytics/riksdagen-corpus/blob/main/corpus/protocols/1935/prot-1935--ak--32.xml#L155	52	1	43	flygstyrelsens förfogande för inköp av två torped- och fjärrspaningsflygplan,		l flygstyrelsens förfogande för inköp av två torpedoch fjärrspaningsflygplan,	4
data/1935/prot-1935--ak--032.xml	1	https://betalab.kb.se/prot-1935--ak--32/prot_1935__ak__32-001.jp2/_view	https://github.com/welfare-state-analytics/riksdagen-corpus/blob/main/corpus/protocols/1935/prot-1935--ak--32.xml#L155	52	1	44	och sedan flygstyrelsens militärbyrå uttalat, att av de inkomna anbuden en-		och sedan flygstyrelsens militärbyrå uttalat, att av de inkomna anbuden end	1
data/1935/prot-1935--ak--042.xml	41	https://betalab.kb.se/prot-1935--ak--42/prot_1935__ak__42-041.jp2/_view	https://github.com/welfare-state-analytics/riksdagen-corpus/blob/main/corpus/protocols/1935/prot-1935--ak--42.xml#L3523	53	1	4	stiftning, som är ganska omständlig och besvärlig med sina tvingande före-		stiftning, som är ganska omständlig och besvärlig med sina tvingande föres	1
data/1935/prot-1935--ak--042.xml	41	https://betalab.kb.se/prot-1935--ak--42/prot_1935__ak__42-041.jp2/_view	https://github.com/welfare-state-analytics/riksdagen-corpus/blob/main/corpus/protocols/1935/prot-1935--ak--42.xml#L3523	53	1	45	talesman, herr Sandstöm, har fattat sig tämligen kort beträffande den före-		talesman, herr sandström, har fattat sig tämligen kort beträffande den före	2
data/1935/prot-1935--ak--042.xml	41	https://betalab.kb.se/prot-1935--ak--42/prot_1935__ak__42-041.jp2/_view	https://github.com/welfare-state-analytics/riksdagen-corpus/blob/main/corpus/protocols/1935/prot-1935--ak--42.xml#L3523	53	1	53	själv inmätte det virke, som han köpte, har virkesmätningen i allra största		själv inmätte det virke, som han köpte, har virkesmätningen i allra största	0
data/1935/prot-1935--fk--024.xml	53	https://betalab.kb.se/prot-1935--fk--24/prot_1935__fk__24-053.jp2/_view	https://github.com/welfare-state-analytics/riksdagen-corpus/blob/main/corpus/protocols/1935/prot-1935--fk--24.xml#L4513	46	1	17	gren och Aronson ansett, att utskottets yttrande bort hava den lydelse, som		gren och aronson ansett, att utskottets yttrande bort hava den lydelse, som	0
data/1935/prot-1935--fk--024.xml	53	https://betalab.kb.se/prot-1935--fk--24/prot_1935__fk__24-053.jp2/_view	https://github.com/welfare-state-analytics/riksdagen-corpus/blob/main/corpus/protocols/1935/prot-1935--fk--24.xml#L4513	46	1	28	punkten hemställt samt vidare på antagande av det förslag, som innefattades		punkten hemställt samt vidare på antagande av det förslag, som innefattades	0
data/1935/prot-1935--fk--024.xml	53	https://betalab.kb.se/prot-1935--fk--24/prot_1935__fk__24-053.jp2/_view	https://github.com/welfare-state-analytics/riksdagen-corpus/blob/main/corpus/protocols/1935/prot-1935--fk--24.xml#L4513	46	1	40	avslag å herr J. B. Johanssons m. fl. och herr Lindmans m. fl. motioner (I: 5		avslag å herr j. b. johanssons m. fl. och herr lindmans m. fl. motioner (i: 5	0
data/1935/prot-1935--fk--042.xml	14	https://betalab.kb.se/prot-1935--fk--42/prot_1935__fk__42-014.jp2/_view	https://github.com/welfare-state-analytics/riksdagen-corpus/blob/main/corpus/protocols/1935/prot-1935--fk--42.xml#L1139	49	1	22	År 1934 kom Lettlands utrikesminister på eget initiativ till Stockholm på		år 1934 kom lettlands utrikesminister på eget initiativ till stockholm på	0
data/1935/prot-1935--fk--042.xml	14	https://betalab.kb.se/prot-1935--fk--42/prot_1935__fk__42-014.jp2/_view	https://github.com/welfare-state-analytics/riksdagen-corpus/blob/main/corpus/protocols/1935/prot-1935--fk--42.xml#L1139	49	1	26	Litauen har hällits något på sidan. Landet var ej tidigare förenat med		litauen har hållits något på sidan. zlandet var ej tidigare förenat me	3
data/1935/prot-1935--fk--042.xml	14	https://betalab.kb.se/prot-1935--fk--42/prot_1935__fk__42-014.jp2/_view	https://github.com/welfare-state-analytics/riksdagen-corpus/blob/main/corpus/protocols/1935/prot-1935--fk--42.xml#L1139	49	1	27	Den som vill att kammaren bifaller socialförsäkringsutskottets hemställan		st, herr talman, att å kammarens vägnar uttala i vänskap vår tillit till 	53
data/1936/prot-1936--ak--013.xml	1	https://betalab.kb.se/prot-1936--ak--13/prot_1936__ak__13-001.jp2/_view	https://github.com/welfare-state-analytics/riksdagen-corpus/blob/main/corpus/protocols/1936/prot-1936--ak--13.xml#L151	52	1	9	gande intresse.		r stigande intresse.	5
data/1936/prot-1936--ak--013.xml	1	https://betalab.kb.se/prot-1936--ak--13/prot_1936__ak__13-001.jp2/_view	https://github.com/welfare-state-analytics/riksdagen-corpus/blob/main/corpus/protocols/1936/prot-1936--ak--13.xml#L151	52	1	12	rande i vårt land av bedövningstvång vid slakt av husdjur ävensom för riks-		rande i vårt land av bedövningstvång vid slakt av husdjur ävensom för riksd	1
data/1936/prot-1936--ak--013.xml	1	https://betalab.kb.se/prot-1936--ak--13/prot_1936__ak__13-001.jp2/_view	https://github.com/welfare-state-analytics/riksdagen-corpus/blob/main/corpus/protocols/1936/prot-1936--ak--13.xml#L151	52	1	35	Då slagtlagsfrågans uppskjutande numera synes alldeles omotiverat och		då slaktlagsfrågans uppskjutande numera synes alldeles omotiverat och	1
data/1936/prot-1936--ak--021.xml	94	https://betalab.kb.se/prot-1936--ak--21/prot_1936__ak__21-094.jp2/_view	https://github.com/welfare-state-analytics/riksdagen-corpus/blob/main/corpus/protocols/1936/prot-1936--ak--21.xml#L7774	54	1	5	komst ha — låt vara i begränsad omfattning — 2 kronor i timmen. Jag tror		komst ha - låt vara i begränsad omfattning - 2 kronor i timmen. jag tror	0
data/1936/prot-1936--ak--021.xml	94	https://betalab.kb.se/prot-1936--ak--21/prot_1936__ak__21-094.jp2/_view	https://github.com/welfare-state-analytics/riksdagen-corpus/blob/main/corpus/protocols/1936/prot-1936--ak--21.xml#L7774	54	1	42	kände den värdering av undervisningen, som man förut hade gett.		kände den värdering av undervisningen, som man förut hade gett.	0
data/1936/prot-1936--ak--021.xml	94	https://betalab.kb.se/prot-1936--ak--21/prot_1936__ak__21-094.jp2/_view	https://github.com/welfare-state-analytics/riksdagen-corpus/blob/main/corpus/protocols/1936/prot-1936--ak--21.xml#L7774	54	1	51	lig överraskning jag hörde det sätt, varpå han sökte lägga upp denna fråga.		lig överraskning jag hörde det sätt, varpå han sökte lägga upp denna fråga.	0
data/1936/prot-1936--ak--043.xml	109	https://betalab.kb.se/prot-1936--ak--43/prot_1936__ak__43-109.jp2/_view	https://github.com/welfare-state-analytics/riksdagen-corpus/blob/main/corpus/protocols/1936/prot-1936--ak--43.xml#L8960	49	1	11	att man hade beräknat så låga anskaffningskostnader, att det icke gick		att man hade beräknat så låga anskaffningskostnader, att det icke gick	0
data/1936/prot-1936--ak--043.xml	109	https://betalab.kb.se/prot-1936--ak--43/prot_1936__ak__43-109.jp2/_view	https://github.com/welfare-state-analytics/riksdagen-corpus/blob/main/corpus/protocols/1936/prot-1936--ak--43.xml#L8960	49	1	35	Nej;		undet;	3
data/1936/prot-1936--ak--043.xml	109	https://betalab.kb.se/prot-1936--ak--43/prot_1936__ak__43-109.jp2/_view	https://github.com/welfare-state-analytics/riksdagen-corpus/blob/main/corpus/protocols/1936/prot-1936--ak--43.xml#L8960	49	1	39	Sedan kammarens ledamoter härefter intagit sina pltser och voteringspro-		sedan kammarens ledamöter härefter intagit sina platser och voteringspro	3
data/1936/prot-1936--ak--047.xml	24	https://betalab.kb.se/prot-1936--ak--47/prot_1936__ak__47-024.jp2/_view	https://github.com/welfare-state-analytics/riksdagen-corpus/blob/main/corpus/protocols/1936/prot-1936--ak--47.xml#L1998	54	1	22	det vill jag understryka — i ganska stor utsträckning bilägarnas berättigade 		det vill jag understryka - i ganska stor utsträckning bilägarnas berättigade	0
data/1936/prot-1936--ak--047.xml	24	https://betalab.kb.se/prot-1936--ak--47/prot_1936__ak__47-024.jp2/_view	https://github.com/welfare-state-analytics/riksdagen-corpus/blob/main/corpus/protocols/1936/prot-1936--ak--47.xml#L1998	54	1	37	myndigheten. Denna myndighet skulle komma att utöva en så stor makt att		myndigheten. denna myndighet skulle komma att utöva en så stor makt, at	2
data/1936/prot-1936--ak--047.xml	24	https://betalab.kb.se/prot-1936--ak--47/prot_1936__ak__47-024.jp2/_view	https://github.com/welfare-state-analytics/riksdagen-corpus/blob/main/corpus/protocols/1936/prot-1936--ak--47.xml#L1998	54	1	49	ningen av förhandlingarna, instämde herr Holmström.		ningen av förhandlingarna, instämde herr holmström.	0
data/1936/prot-1936--fk--028.xml	2	https://betalab.kb.se/prot-1936--fk--28/prot_1936__fk__28-002.jp2/_view	https://github.com/welfare-state-analytics/riksdagen-corpus/blob/main/corpus/protocols/1936/prot-1936--fk--28.xml#L233	47	1	1	Osdagen den 29 april. Nr 28. 3		nsdagen den 29 april. nr 28. 3	1
data/1936/prot-1936--fk--028.xml	2	https://betalab.kb.se/prot-1936--fk--28/prot_1936__fk__28-002.jp2/_view	https://github.com/welfare-state-analytics/riksdagen-corpus/blob/main/corpus/protocols/1936/prot-1936--fk--28.xml#L233	47	1	24	att tillämpas tills vidare från och med budgetåret 1936/37;		att tillämpas tills vidare från och med budgetåret 1936/193	3
data/1936/prot-1936--fk--028.xml	2	https://betalab.kb.se/prot-1936--fk--28/prot_1936__fk__28-002.jp2/_view	https://github.com/welfare-state-analytics/riksdagen-corpus/blob/main/corpus/protocols/1936/prot-1936--fk--28.xml#L233	47	1	35	1937 övertaga öasarettets drift ävensom, under förutsättning härav, att från		1937 övertaga lasarettets drift ävensom, under förutsättning härav, att från	1
data/1936/prot-1936--fk--045.xml	69	https://betalab.kb.se/prot-1936--fk--45/prot_1936__fk__45-069.jp2/_view	https://github.com/welfare-state-analytics/riksdagen-corpus/blob/main/corpus/protocols/1936/prot-1936--fk--45.xml#L6034	32	1	10	det inre Asien åren 1927—1934.		det inre asien åren 1927-1934.	0
data/1936/prot-1936--fk--045.xml	69	https://betalab.kb.se/prot-1936--fk--45/prot_1936__fk__45-069.jp2/_view	https://github.com/welfare-state-analytics/riksdagen-corpus/blob/main/corpus/protocols/1936/prot-1936--fk--45.xml#L6034	32	1	14	och nr 227 med förslag till lag om tillägg till lagen den 9 april 1926 (nr 66)		och nr 227 med förslag till lag om tillägg till lagen den 9 april 1926 (nr 66)	0
data/1936/prot-1936--fk--045.xml	69	https://betalab.kb.se/prot-1936--fk--45/prot_1936__fk__45-069.jp2/_view	https://github.com/welfare-state-analytics/riksdagen-corpus/blob/main/corpus/protocols/1936/prot-1936--fk--45.xml#L6034	32	1	16	tygsuttagningslagen), ävensom i anledning av de inom riksdagens kamrar		tygsuttagningslagen), ävensom i anledning av de inom riksdagens kamrar	0
data/1936/prot-1936--fk--046.xml	11	https://betalab.kb.se/prot-1936--fk--46/prot_1936__fk__46-011.jp2/_view	https://github.com/welfare-state-analytics/riksdagen-corpus/blob/main/corpus/protocols/1936/prot-1936--fk--46.xml#L958	55	1	8	jordbrukarna, i allmänhet icke är den mest tyngande, utan kommunal-		jordbrukarna, i allmänhet icke är den mest tyngande, utan att kommu	8
data/1936/prot-1936--fk--046.xml	11	https://betalab.kb.se/prot-1936--fk--46/prot_1936__fk__46-011.jp2/_view	https://github.com/welfare-state-analytics/riksdagen-corpus/blob/main/corpus/protocols/1936/prot-1936--fk--46.xml#L958	55	1	35	inkomst utgjort i runt tal 60 00 kronor,. Med dylika och liknande fall för		inkomst utgjort i runt tal 60,000 kronor. med dylika och liknande fall för	3
data/1936/prot-1936--fk--046.xml	11	https://betalab.kb.se/prot-1936--fk--46/prot_1936__fk__46-011.jp2/_view	https://github.com/welfare-state-analytics/riksdagen-corpus/blob/main/corpus/protocols/1936/prot-1936--fk--46.xml#L958	55	1	40	derligt material rörande verkningarna av de olika förslagen, innan utskottet		derligt material rörande verkningarna av de olika förslagen, innan utskottet	0
data/1937/prot-1937--ak--021.xml	24	https://betalab.kb.se/prot-1937--ak--21/prot_1937__ak__21-024.jp2/_view	https://github.com/welfare-state-analytics/riksdagen-corpus/blob/main/corpus/protocols/1937/prot-1937--ak--21.xml#L2197	52	1	12	Chefen för jordbruksdepartementet, herr statsrådet Pehrsson-Bramstorp:		chefen för jordbruksdepartementet, herr statsrådet pehrsson-bramstorp:	0
data/1937/prot-1937--ak--021.xml	24	https://betalab.kb.se/prot-1937--ak--21/prot_1937__ak__21-024.jp2/_view	https://github.com/welfare-state-analytics/riksdagen-corpus/blob/main/corpus/protocols/1937/prot-1937--ak--21.xml#L2197	52	1	27	de ledande inom mejeriorganisationerna inte gärna kunna vara benägna att		de ledande inom mejeriorganisationerna inte gärna kunna vara benägna att	0
data/1937/prot-1937--ak--021.xml	24	https://betalab.kb.se/prot-1937--ak--21/prot_1937__ak__21-024.jp2/_view	https://github.com/welfare-state-analytics/riksdagen-corpus/blob/main/corpus/protocols/1937/prot-1937--ak--21.xml#L2197	52	1	34	Härmed var överläggning slutad. Herr talmannen gav propositioner dels		härmed var överläggningen slutad. herr talmannen gav propositioner de	4
data/1937/prot-1937--fk--013.xml	6	https://betalab.kb.se/prot-1937--fk--13/prot_1937__fk__13-006.jp2/_view	https://github.com/welfare-state-analytics/riksdagen-corpus/blob/main/corpus/protocols/1937/prot-1937--fk--13.xml#L571	54	1	23	dagens militieombudsman; och befunnos efter valförättningens slut rösterna		dagens militieombudsman; och befunnos efter valförrättningens slut röstern	2
data/1937/prot-1937--fk--013.xml	6	https://betalab.kb.se/prot-1937--fk--13/prot_1937__fk__13-006.jp2/_view	https://github.com/welfare-state-analytics/riksdagen-corpus/blob/main/corpus/protocols/1937/prot-1937--fk--13.xml#L571	54	1	30	avgå, samt utöva ämbetet under dem tid, militieombudsmannen kan vara av		avgå, samt utöva ämbetet under den tid, militieombudsmannen kan vara av	1
data/1937/prot-1937--fk--013.xml	6	https://betalab.kb.se/prot-1937--fk--13/prot_1937__fk__13-006.jp2/_view	https://github.com/welfare-state-analytics/riksdagen-corpus/blob/main/corpus/protocols/1937/prot-1937--fk--13.xml#L571	54	1	42	Carl Gustaf Ingemar Hellquist.......... samtliga angivna eller 45 röster		carl gustaf ingemar hellquist ............ samtliga avgivna eller 45 rös	7
data/1937/prot-1937--fk--031.xml	23	https://betalab.kb.se/prot-1937--fk--31/prot_1937__fk__31-023.jp2/_view	https://github.com/welfare-state-analytics/riksdagen-corpus/blob/main/corpus/protocols/1937/prot-1937--fk--31.xml#L2003	54	1	6	sin tacksamhet genom att fresta riksdagen att till dess dotterbolag anslå 1/2		sin tacksamhet genom att fresta riksdagen att till dess dotterbolag anslå ”/,	2
data/1937/prot-1937--fk--031.xml	23	https://betalab.kb.se/prot-1937--fk--31/prot_1937__fk__31-023.jp2/_view	https://github.com/welfare-state-analytics/riksdagen-corpus/blob/main/corpus/protocols/1937/prot-1937--fk--31.xml#L2003	54	1	17	de resandes behov genom enskild företagsamhet utan någon statsutgift.		de resandes behov genom enskild företagsamhet utan någon statsutgift.	0
data/1937/prot-1937--fk--031.xml	23	https://betalab.kb.se/prot-1937--fk--31/prot_1937__fk__31-023.jp2/_view	https://github.com/welfare-state-analytics/riksdagen-corpus/blob/main/corpus/protocols/1937/prot-1937--fk--31.xml#L2003	54	1	22	kring tiden för Marie bebådelsedag och vid påsktiden, summa tre veckor, som		kring tiden för marie bebådelsedag och vid påsktiden, summa tre veckor, som	0
data/1938/prot-1938--ak--036.xml	60	https://betalab.kb.se/prot-1938--ak--36/prot_1938__ak__36-060.jp2/_view	https://github.com/welfare-state-analytics/riksdagen-corpus/blob/main/corpus/protocols/1938/prot-1938--ak--36.xml#L5170	53	1	4	möjligheter. Samtidigt härmed visade emellertid fru Nordgren, att våra lant-		möjligheter. samtidigt härmed visade emellertid fru nordgren, att våra lanth	1
data/1938/prot-1938--ak--036.xml	60	https://betalab.kb.se/prot-1938--ak--36/prot_1938__ak__36-060.jp2/_view	https://github.com/welfare-state-analytics/riksdagen-corpus/blob/main/corpus/protocols/1938/prot-1938--ak--36.xml#L5170	53	1	15	vändig, då får väl de allmänna här som på andra områden verkligen taga hän-		vändig, då får väl det allmänna här som på andra områden verkligen taga hän	2
data/1938/prot-1938--ak--036.xml	60	https://betalab.kb.se/prot-1938--ak--36/prot_1938__ak__36-060.jp2/_view	https://github.com/welfare-state-analytics/riksdagen-corpus/blob/main/corpus/protocols/1938/prot-1938--ak--36.xml#L5170	53	1	50	Herr andre vice talmannen lämnade, likaledes för kort genmäle, ånyo or-		herr andre vice talmannen lämnade, likaledes för kort genmäle, ånyo ord	1
data/1938/prot-1938--ak--037.xml	129	https://betalab.kb.se/prot-1938--ak--37/prot_1938__ak__37-129.jp2/_view	https://github.com/welfare-state-analytics/riksdagen-corpus/blob/main/corpus/protocols/1938/prot-1938--ak--37.xml#L11107	54	1	6	jag kom att bli förste talare i denna debatt. Det är annars mycket ovanligt,		jag kom att bli förste talare i denna debatt. det är annars mycket ovanligt,	0
data/1938/prot-1938--ak--037.xml	129	https://betalab.kb.se/prot-1938--ak--37/prot_1938__ak__37-129.jp2/_view	https://github.com/welfare-state-analytics/riksdagen-corpus/blob/main/corpus/protocols/1938/prot-1938--ak--37.xml#L11107	54	1	7	att den som talar för utskottet börjar en debatt. Jag har nu ansett nödvändigt		att den som talar för utskottet börjar en debatt. jag har nu ansett nödvändigt	0
data/1938/prot-1938--ak--037.xml	129	https://betalab.kb.se/prot-1938--ak--37/prot_1938__ak__37-129.jp2/_view	https://github.com/welfare-state-analytics/riksdagen-corpus/blob/main/corpus/protocols/1938/prot-1938--ak--37.xml#L11107	54	1	44	man finna samma synpunkter anförda jämväl i en reservation, avgiven av		man finna samma synpunkter anförda jämväl i en reservation, avgiven av	0
data/1939/prot-1939--ak--033.xml	28	https://betalab.kb.se/prot-1939--ak--33/prot_1939__ak__33-028.jp2/_view	https://github.com/welfare-state-analytics/riksdagen-corpus/blob/main/corpus/protocols/1939/prot-1939--ak--33.xml#L2477	54	1	7	betänkande rörande utredning om förhandlingsrätt för kommunala tjänstemän		betänkande rörande utredning om förhandlingsrätt för kommunala tjänstemän	0
data/1939/prot-1939--ak--033.xml	28	https://betalab.kb.se/prot-1939--ak--33/prot_1939__ak__33-028.jp2/_view	https://github.com/welfare-state-analytics/riksdagen-corpus/blob/main/corpus/protocols/1939/prot-1939--ak--33.xml#L2477	54	1	34	yttranden, som gå i en för herr Arnemark gynnsam riktning, då är han ganska		yttranden, som gå i en för herr arnemark gynnsam riktning, då är han ganska	0
data/1939/prot-1939--ak--033.xml	28	https://betalab.kb.se/prot-1939--ak--33/prot_1939__ak__33-028.jp2/_view	https://github.com/welfare-state-analytics/riksdagen-corpus/blob/main/corpus/protocols/1939/prot-1939--ak--33.xml#L2477	54	1	42	det fackförbund, som representerar tjänstemän I betydande grad och som till-		det fackförbund, som representerar tjänstemän 1 betydande grad och som tills	2
data/1939/prot-1939--ak--004.xml	72	https://betalab.kb.se/prot-1939--ak--4/prot_1939__ak__4-072.jp2/_view	https://github.com/welfare-state-analytics/riksdagen-corpus/blob/main/corpus/protocols/1939/prot-1939--ak--4.xml#L5810	54	1	26	alldeles ostridigt är till finnandes bland representaterna både för den privata		alldeles ostridigt är till finnandes bland representanterna både för den privat	2
data/1939/prot-1939--ak--004.xml	72	https://betalab.kb.se/prot-1939--ak--4/prot_1939__ak__4-072.jp2/_view	https://github.com/welfare-state-analytics/riksdagen-corpus/blob/main/corpus/protocols/1939/prot-1939--ak--4.xml#L5810	54	1	44	sig uppe utan att öka sin skuldsättning undan för undan. Och det kan ju icke		sig uppe utan att öka sin skuldsättning undan för undan. och det kan ju icke	0
data/1939/prot-1939--ak--004.xml	72	https://betalab.kb.se/prot-1939--ak--4/prot_1939__ak__4-072.jp2/_view	https://github.com/welfare-state-analytics/riksdagen-corpus/blob/main/corpus/protocols/1939/prot-1939--ak--4.xml#L5810	54	1	48	Man stöder t. ex spannmålsodlarna genom prisreglering på spannmål och im-		man stöder t. ex. spannmålsodlarna genom prisreglering på spannmål och im	2
data/1939/prot-1939--fk--023.xml	6	https://betalab.kb.se/prot-1939--fk--23/prot_1939__fk__23-006.jp2/_view	https://github.com/welfare-state-analytics/riksdagen-corpus/blob/main/corpus/protocols/1939/prot-1939--fk--23.xml#L566	53	1	9	vapnet; dessa äro ju de enda utbildade flyglärare vi ha. Vid skolan måste		vapnet; dessa äro ju de enda utbildade flyglärare vi ha. vid skolan måste	0
data/1939/prot-1939--fk--023.xml	6	https://betalab.kb.se/prot-1939--fk--23/prot_1939__fk__23-006.jp2/_view	https://github.com/welfare-state-analytics/riksdagen-corpus/blob/main/corpus/protocols/1939/prot-1939--fk--23.xml#L566	53	1	12	emellertid under de närmaste två åren knapast avstå personal till lärare vid en		emellertid under de närmaste två åren knappast avstå personal till lärare vid e	2
data/1939/prot-1939--fk--023.xml	6	https://betalab.kb.se/prot-1939--fk--23/prot_1939__fk__23-006.jp2/_view	https://github.com/welfare-state-analytics/riksdagen-corpus/blob/main/corpus/protocols/1939/prot-1939--fk--23.xml#L566	53	1	53	inom de frivilliga flygorganisationerna, och den kvalificerade militära flyg-		inom de frivilliga flygorganisationerna, och den kvalificerade militära flyg-	0
data/1950/prot-1950--ak--014.xml	107	https://betalab.kb.se/prot-1950--ak--14/prot_1950__ak__14-107.jp2/_view	https://github.com/welfare-state-analytics/riksdagen-corpus/blob/main/corpus/protocols/1950/prot-1950--ak--14.xml#L10655	99	2	6	guld.		lag	4
data/1950/prot-1950--ak--014.xml	107	https://betalab.kb.se/prot-1950--ak--14/prot_1950__ak__14-107.jp2/_view	https://github.com/welfare-state-analytics/riksdagen-corpus/blob/main/corpus/protocols/1950/prot-1950--ak--14.xml#L10655	99	2	21	gasatt, att dessa inköp på något sätt ifrå-		valutor, och det är inte på något sätt ifrå	16
data/1950/prot-1950--ak--014.xml	107	https://betalab.kb.se/prot-1950--ak--14/prot_1950__ak__14-107.jp2/_view	https://github.com/welfare-state-analytics/riksdagen-corpus/blob/main/corpus/protocols/1950/prot-1950--ak--14.xml#L10655	99	2	28	joner US-dollars eller enligt nuvarande		joner us-dollars eller enligt nuvarande	0
data/1950/prot-1950--ak--014.xml	107	https://betalab.kb.se/prot-1950--ak--14/prot_1950__ak__14-107.jp2/_view	https://github.com/welfare-state-analytics/riksdagen-corpus/blob/main/corpus/protocols/1950/prot-1950--ak--14.xml#L10655	99	2	60	vesteringar, såsom framgår av vad  som		vesteringar, såsom framgår av vad som	0
data/1950/prot-1950--ak--014.xml	107	https://betalab.kb.se/prot-1950--ak--14/prot_1950__ak__14-107.jp2/_view	https://github.com/welfare-state-analytics/riksdagen-corpus/blob/main/corpus/protocols/1950/prot-1950--ak--14.xml#L10655	99	2	90	ha haft föredragningar och ha vid olika		ha haft föredragningar och ha vid olika	0
data/1950/prot-1950--ak--014.xml	107	https://betalab.kb.se/prot-1950--ak--14/prot_1950__ak__14-107.jp2/_view	https://github.com/welfare-state-analytics/riksdagen-corpus/blob/main/corpus/protocols/1950/prot-1950--ak--14.xml#L10655	99	2	93	skottet en rätt stor tveksamhet, åt-		skottet en rätt stor tveksamhet, åtm	1
data/1950/prot-1950--fk--011.xml	1	https://betalab.kb.se/prot-1950--fk--11/prot_1950__fk__11-001.jp2/_view	https://github.com/welfare-state-analytics/riksdagen-corpus/blob/main/corpus/protocols/1950/prot-1950--fk--11.xml#L130	42	1	21	-nr 46, ang. pensionering genom statens pensionsanstalt av bi-		- nr 46, ang. pensionering genom statens pensionsanstalt av bi	2
data/1950/prot-1950--fk--011.xml	1	https://betalab.kb.se/prot-1950--fk--11/prot_1950__fk__11-001.jp2/_view	https://github.com/welfare-state-analytics/riksdagen-corpus/blob/main/corpus/protocols/1950/prot-1950--fk--11.xml#L130	42	1	28	— nr 28, ang. Rätt för jordbrukare att vid inkomsttaxering åtnjuta		- nr 28, ang. rätt för jordbrukare att vid inkomsttaxering åtnjuta	0
data/1950/prot-1950--fk--011.xml	1	https://betalab.kb.se/prot-1950--fk--11/prot_1950__fk__11-001.jp2/_view	https://github.com/welfare-state-analytics/riksdagen-corpus/blob/main/corpus/protocols/1950/prot-1950--fk--11.xml#L130	42	1	40	Första kammarens allmänna beredningsutskotts utlåtande nr 11,		första kammarens allmänna beredningsutskotts utlåtande nr 11,	0
data/1951/prot-1951--ak--002.xml	220	https://betalab.kb.se/prot-1951--ak--2/prot_1951__ak__2-220.jp2/_view	https://github.com/welfare-state-analytics/riksdagen-corpus/blob/main/corpus/protocols/1951/prot-1951--ak--2.xml#L19224	96	2	1	Lördagen den 20 januari 1951 em. Nr 2. 221		lördagen den 20 januari 1951 em. nr 2.	4
data/1951/prot-1951--ak--002.xml	220	https://betalab.kb.se/prot-1951--ak--2/prot_1951__ak__2-220.jp2/_view	https://github.com/welfare-state-analytics/riksdagen-corpus/blob/main/corpus/protocols/1951/prot-1951--ak--2.xml#L19224	96	2	11	moraliskt förfömande av vad som skett,		moraliskt fördömande av vad som skett,	1
data/1951/prot-1951--ak--002.xml	220	https://betalab.kb.se/prot-1951--ak--2/prot_1951__ak__2-220.jp2/_view	https://github.com/welfare-state-analytics/riksdagen-corpus/blob/main/corpus/protocols/1951/prot-1951--ak--2.xml#L19224	96	2	12	moraliskt fördömande av vad som skett,		moraliskt fördömande av vad som skett,	0
data/1951/prot-1951--ak--002.xml	220	https://betalab.kb.se/prot-1951--ak--2/prot_1951__ak__2-220.jp2/_view	https://github.com/welfare-state-analytics/riksdagen-corpus/blob/main/corpus/protocols/1951/prot-1951--ak--2.xml#L19224	96	2	17	utgöra en inledning till sådana, utan att		utgöra en inledning till sådana, utan att	0
data/1951/prot-1951--ak--002.xml	220	https://betalab.kb.se/prot-1951--ak--2/prot_1951__ak__2-220.jp2/_view	https://github.com/welfare-state-analytics/riksdagen-corpus/blob/main/corpus/protocols/1951/prot-1951--ak--2.xml#L19224	96	2	85	Herr HEDLUND i Rådom: Herr tal-		herr hedlund i rådom (kort genm	9
data/1951/prot-1951--ak--002.xml	220	https://betalab.kb.se/prot-1951--ak--2/prot_1951__ak__2-220.jp2/_view	https://github.com/welfare-state-analytics/riksdagen-corpus/blob/main/corpus/protocols/1951/prot-1951--ak--2.xml#L19224	96	2	87	selsätta statsmakterna i skilda länder i		selsätta statsmakterna i skilda länder i	0
data/1951/prot-1951--ak--003.xml	10	https://betalab.kb.se/prot-1951--ak--3/prot_1951__ak__3-010.jp2/_view	https://github.com/welfare-state-analytics/riksdagen-corpus/blob/main/corpus/protocols/1951/prot-1951--ak--3.xml#L1059	104	2	23	sendets organisation m. m.;		sendets organisation m. m.;	0
data/1951/prot-1951--ak--003.xml	10	https://betalab.kb.se/prot-1951--ak--3/prot_1951__ak__3-010.jp2/_view	https://github.com/welfare-state-analytics/riksdagen-corpus/blob/main/corpus/protocols/1951/prot-1951--ak--3.xml#L1059	104	2	55	A. Isaksson;		oren e. a. isaksson;	8
data/1951/prot-1951--ak--003.xml	10	https://betalab.kb.se/prot-1951--ak--3/prot_1951__ak__3-010.jp2/_view	https://github.com/welfare-state-analytics/riksdagen-corpus/blob/main/corpus/protocols/1951/prot-1951--ak--3.xml#L1059	104	2	69	nr 117, av herr Swedberg m. fl., om		nr 117, av herr swedberg m. fl., om	0
data/1951/prot-1951--ak--003.xml	10	https://betalab.kb.se/prot-1951--ak--3/prot_1951__ak__3-010.jp2/_view	https://github.com/welfare-state-analytics/riksdagen-corpus/blob/main/corpus/protocols/1951/prot-1951--ak--3.xml#L1059	104	2	75	jordbruksfastighet enligt bokförings-		jordbruksfastighet enligt bokföringsm	1
data/1951/prot-1951--ak--003.xml	10	https://betalab.kb.se/prot-1951--ak--3/prot_1951__ak__3-010.jp2/_view	https://github.com/welfare-state-analytics/riksdagen-corpus/blob/main/corpus/protocols/1951/prot-1951--ak--3.xml#L1059	104	2	76	nr 119, av herr Nilsson I Bästekille,		nr 119, av herr nilsson i bästekille,	0
data/1951/prot-1951--ak--003.xml	10	https://betalab.kb.se/prot-1951--ak--3/prot_1951__ak__3-010.jp2/_view	https://github.com/welfare-state-analytics/riksdagen-corpus/blob/main/corpus/protocols/1951/prot-1951--ak--3.xml#L1059	104	2	90	svenska fruktodlingen m. m.;		svenska fruktodlingen m. m.;	0
data/1951/prot-1951--fk--013.xml	4	https://betalab.kb.se/prot-1951--fk--13/prot_1951__fk__13-004.jp2/_view	https://github.com/welfare-state-analytics/riksdagen-corpus/blob/main/corpus/protocols/1951/prot-1951--fk--13.xml#L461	107	2	21	riksskattenämnden, dels ock anslag un-		riksskattenämnden, dels ock anslag und	1
data/1951/prot-1951--fk--013.xml	4	https://betalab.kb.se/prot-1951--fk--13/prot_1951__fk__13-004.jp2/_view	https://github.com/welfare-state-analytics/riksdagen-corpus/blob/main/corpus/protocols/1951/prot-1951--fk--13.xml#L461	107	2	37	nr 19, i anledning av Kungl. Maj:ts		nr 19, i anledning av kungl. maj:ts	0
data/1951/prot-1951--fk--013.xml	4	https://betalab.kb.se/prot-1951--fk--13/prot_1951__fk__13-004.jp2/_view	https://github.com/welfare-state-analytics/riksdagen-corpus/blob/main/corpus/protocols/1951/prot-1951--fk--13.xml#L461	107	2	39	om ändring i taxeringsförordningen den		om ändring i taxeringsförordningen den	0
data/1951/prot-1951--fk--013.xml	4	https://betalab.kb.se/prot-1951--fk--13/prot_1951__fk__13-004.jp2/_view	https://github.com/welfare-state-analytics/riksdagen-corpus/blob/main/corpus/protocols/1951/prot-1951--fk--13.xml#L461	107	2	55	ombefrielse från skyldigheten att utgöra		om befrielse från skyldigheten att utgör	2
data/1951/prot-1951--fk--013.xml	4	https://betalab.kb.se/prot-1951--fk--13/prot_1951__fk__13-004.jp2/_view	https://github.com/welfare-state-analytics/riksdagen-corpus/blob/main/corpus/protocols/1951/prot-1951--fk--13.xml#L461	107	2	62	om statlig inkomstskatt-		om statlig inkomstskatt;	1
data/1951/prot-1951--fk--013.xml	4	https://betalab.kb.se/prot-1951--fk--13/prot_1951__fk__13-004.jp2/_view	https://github.com/welfare-state-analytics/riksdagen-corpus/blob/main/corpus/protocols/1951/prot-1951--fk--13.xml#L461	107	2	77	beträffande placering av omyndigas pen-		beträffande placering av omyndigas penn	1
data/1952/prot-1952--ak--011.xml	17	https://betalab.kb.se/prot-1952--ak--11/prot_1952__ak__11-017.jp2/_view	https://github.com/welfare-state-analytics/riksdagen-corpus/blob/main/corpus/protocols/1952/prot-1952--ak--11.xml#L1873	100	2	9	kammarrätten, men när nu svårigheter-		kammarrätten, men när nu svårighetern	1
data/1952/prot-1952--ak--011.xml	17	https://betalab.kb.se/prot-1952--ak--11/prot_1952__ak__11-017.jp2/_view	https://github.com/welfare-state-analytics/riksdagen-corpus/blob/main/corpus/protocols/1952/prot-1952--ak--11.xml#L1873	100	2	13	blem har emellertid inte kommit till 		blem har emellertid inte kommit till	0
data/1952/prot-1952--ak--011.xml	17	https://betalab.kb.se/prot-1952--ak--11/prot_1952__ak__11-017.jp2/_view	https://github.com/welfare-state-analytics/riksdagen-corpus/blob/main/corpus/protocols/1952/prot-1952--ak--11.xml#L1873	100	2	43	Jag tror att den förnämlige represen-		jag tror att den förnämlige represent	1
data/1952/prot-1952--ak--011.xml	17	https://betalab.kb.se/prot-1952--ak--11/prot_1952__ak__11-017.jp2/_view	https://github.com/welfare-state-analytics/riksdagen-corpus/blob/main/corpus/protocols/1952/prot-1952--ak--11.xml#L1873	100	2	55	praxis , så att folk vet vad de kan göra		 praxis, så att folk vet vad de kan göra	2
data/1952/prot-1952--ak--011.xml	17	https://betalab.kb.se/prot-1952--ak--11/prot_1952__ak__11-017.jp2/_view	https://github.com/welfare-state-analytics/riksdagen-corpus/blob/main/corpus/protocols/1952/prot-1952--ak--11.xml#L1873	100	2	76	Det förhåller sig också så, att skatte-		det förhåller sig också så, att skattem	1
data/1952/prot-1952--ak--011.xml	17	https://betalab.kb.se/prot-1952--ak--11/prot_1952__ak__11-017.jp2/_view	https://github.com/welfare-state-analytics/riksdagen-corpus/blob/main/corpus/protocols/1952/prot-1952--ak--11.xml#L1873	100	2	84	tid, efter sex eller sju år, få igen de fel-		tid, efter sex eller sju år, få igen de fela	1
data/1952/prot-1952--fk--015.xml	30	https://betalab.kb.se/prot-1952--fk--15/prot_1952__fk__15-030.jp2/_view	https://github.com/welfare-state-analytics/riksdagen-corpus/blob/main/corpus/protocols/1952/prot-1952--fk--15.xml#L3022	105	2	28	na inte under sådana omständigheter kan		na inte under sådana omständigheter kan	0
data/1952/prot-1952--fk--015.xml	30	https://betalab.kb.se/prot-1952--fk--15/prot_1952__fk__15-030.jp2/_view	https://github.com/welfare-state-analytics/riksdagen-corpus/blob/main/corpus/protocols/1952/prot-1952--fk--15.xml#L3022	105	2	42	ning om bestridande av vissa utgifter för		ning om bestridande av vissa utgifter för	0
data/1952/prot-1952--fk--015.xml	30	https://betalab.kb.se/prot-1952--fk--15/prot_1952__fk__15-030.jp2/_view	https://github.com/welfare-state-analytics/riksdagen-corpus/blob/main/corpus/protocols/1952/prot-1952--fk--15.xml#L3022	105	2	67	lugn verksamhet.		ivt lugn verksamhet.	4
data/1952/prot-1952--fk--015.xml	30	https://betalab.kb.se/prot-1952--fk--15/prot_1952__fk__15-030.jp2/_view	https://github.com/welfare-state-analytics/riksdagen-corpus/blob/main/corpus/protocols/1952/prot-1952--fk--15.xml#L3022	105	2	76	i stil med vad utskottet skrivit		i stil med vad utskottet skrivit	0
data/1952/prot-1952--fk--015.xml	30	https://betalab.kb.se/prot-1952--fk--15/prot_1952__fk__15-030.jp2/_view	https://github.com/welfare-state-analytics/riksdagen-corpus/blob/main/corpus/protocols/1952/prot-1952--fk--15.xml#L3022	105	2	77	uttala min tillfredställelse över att herr		uttala min tillfredsställelse över att her	2
data/1952/prot-1952--fk--015.xml	30	https://betalab.kb.se/prot-1952--fk--15/prot_1952__fk__15-030.jp2/_view	https://github.com/welfare-state-analytics/riksdagen-corpus/blob/main/corpus/protocols/1952/prot-1952--fk--15.xml#L3022	105	2	93	jag hjälps åt i statsutskottet för att få		jag hjälpts åt i statsutskottet för att f	2
data/1953/prot-1953--fk--015.xml	68	https://betalab.kb.se/prot-1953--fk--15/prot_1953__fk__15-069.jp2/_view	https://github.com/welfare-state-analytics/riksdagen-corpus/blob/main/corpus/protocols/1953/prot-1953--fk--15.xml#L6999	102	2	6	skall svara för alla kostnader för vägvä-		skall svara för alla kostnader för vägväs	1
data/1953/prot-1953--fk--015.xml	68	https://betalab.kb.se/prot-1953--fk--15/prot_1953__fk__15-069.jp2/_view	https://github.com/welfare-state-analytics/riksdagen-corpus/blob/main/corpus/protocols/1953/prot-1953--fk--15.xml#L6999	102	2	15	het. Höjningen skall, enligt reservatio-		het. höjningen skall, enligt reservation	1
data/1953/prot-1953--fk--015.xml	68	https://betalab.kb.se/prot-1953--fk--15/prot_1953__fk__15-069.jp2/_view	https://github.com/welfare-state-analytics/riksdagen-corpus/blob/main/corpus/protocols/1953/prot-1953--fk--15.xml#L6999	102	2	25	kommande budgetår. Det har synts mig		kommande budgetår. det har synts mig	0
data/1953/prot-1953--fk--015.xml	68	https://betalab.kb.se/prot-1953--fk--15/prot_1953__fk__15-069.jp2/_view	https://github.com/welfare-state-analytics/riksdagen-corpus/blob/main/corpus/protocols/1953/prot-1953--fk--15.xml#L6999	102	2	46	gjorde till bevillningsutskottets betän-		gjorde till bevillningsutskottets betänk	1
data/1953/prot-1953--fk--015.xml	68	https://betalab.kb.se/prot-1953--fk--15/prot_1953__fk__15-069.jp2/_view	https://github.com/welfare-state-analytics/riksdagen-corpus/blob/main/corpus/protocols/1953/prot-1953--fk--15.xml#L6999	102	2	57	för Kungl. Maj:t att använda detta be-		för kurgl. maj:t att använda detta bem	2
data/1953/prot-1953--fk--015.xml	68	https://betalab.kb.se/prot-1953--fk--15/prot_1953__fk__15-069.jp2/_view	https://github.com/welfare-state-analytics/riksdagen-corpus/blob/main/corpus/protocols/1953/prot-1953--fk--15.xml#L6999	102	2	102	Herr talman! Jag vill blott säga, att det		herr talman! jag vill blott säga, att det	0
data/1954/prot-1954--ak--013.xml	24	https://betalab.kb.se/prot-1954--ak--13/prot_1954__ak__13-024.jp2/_view	https://github.com/welfare-state-analytics/riksdagen-corpus/blob/main/corpus/protocols/1954/prot-1954--ak--13.xml#L2740	94	2	10	kommit in i en återvändsgränd. Det är		kommit in i en återvändsgränd. det är	0
data/1954/prot-1954--ak--013.xml	24	https://betalab.kb.se/prot-1954--ak--13/prot_1954__ak__13-024.jp2/_view	https://github.com/welfare-state-analytics/riksdagen-corpus/blob/main/corpus/protocols/1954/prot-1954--ak--13.xml#L2740	94	2	21	som ursprungligen är avsett. Å andra		som ursprungligen är avsett. å andra	0
data/1954/prot-1954--ak--013.xml	24	https://betalab.kb.se/prot-1954--ak--13/prot_1954__ak__13-024.jp2/_view	https://github.com/welfare-state-analytics/riksdagen-corpus/blob/main/corpus/protocols/1954/prot-1954--ak--13.xml#L2740	94	2	42	säkert att mycket ingående prövas vid		säkert att mycket ingående prövas vid	0
data/1954/prot-1954--ak--013.xml	24	https://betalab.kb.se/prot-1954--ak--13/prot_1954__ak__13-024.jp2/_view	https://github.com/welfare-state-analytics/riksdagen-corpus/blob/main/corpus/protocols/1954/prot-1954--ak--13.xml#L2740	94	2	47	att höra att statsrådet inte anser att den-		att höra att statsrådet inte anser att denn	1
data/1954/prot-1954--ak--013.xml	24	https://betalab.kb.se/prot-1954--ak--13/prot_1954__ak__13-024.jp2/_view	https://github.com/welfare-state-analytics/riksdagen-corpus/blob/main/corpus/protocols/1954/prot-1954--ak--13.xml#L2740	94	2	56	Vad utskottet hemställt bifölls.		vad utskottet hemställt bifölls.	0
data/1954/prot-1954--ak--013.xml	24	https://betalab.kb.se/prot-1954--ak--13/prot_1954__ak__13-024.jp2/_view	https://github.com/welfare-state-analytics/riksdagen-corpus/blob/main/corpus/protocols/1954/prot-1954--ak--13.xml#L2740	94	2	79	givits av herr Ohlon, fröken Anders-		givits av herr ohlon, fröken anderss	1
data/1954/prot-1954--ak--014.xml	8	https://betalab.kb.se/prot-1954--ak--14/prot_1954__ak__14-008.jp2/_view	https://github.com/welfare-state-analytics/riksdagen-corpus/blob/main/corpus/protocols/1954/prot-1954--ak--14.xml#L753	99	2	6	undvikas och tillgängliga resurser säl-		undvikas och tillgängliga resurser sätt	2
data/1954/prot-1954--ak--014.xml	8	https://betalab.kb.se/prot-1954--ak--14/prot_1954__ak__14-008.jp2/_view	https://github.com/welfare-state-analytics/riksdagen-corpus/blob/main/corpus/protocols/1954/prot-1954--ak--14.xml#L753	99	2	19	icke förorda en ordning som innebär		icke förorda en ordning, som innebä	2
data/1954/prot-1954--ak--014.xml	8	https://betalab.kb.se/prot-1954--ak--14/prot_1954__ak__14-008.jp2/_view	https://github.com/welfare-state-analytics/riksdagen-corpus/blob/main/corpus/protocols/1954/prot-1954--ak--14.xml#L753	99	2	31	den för byggnadsforskning		den för byggnadsforskning	0
data/1954/prot-1954--ak--014.xml	8	https://betalab.kb.se/prot-1954--ak--14/prot_1954__ak__14-008.jp2/_view	https://github.com/welfare-state-analytics/riksdagen-corpus/blob/main/corpus/protocols/1954/prot-1954--ak--14.xml#L753	99	2	41	lunda självklart att samarbete och sam		lunda självklart att samarbete och sam	0
data/1954/prot-1954--ak--014.xml	8	https://betalab.kb.se/prot-1954--ak--14/prot_1954__ak__14-008.jp2/_view	https://github.com/welfare-state-analytics/riksdagen-corpus/blob/main/corpus/protocols/1954/prot-1954--ak--14.xml#L753	99	2	80	Byggenskapen inom jordbruket är		byggenskapen inom jordbruket är	0
data/1954/prot-1954--ak--014.xml	8	https://betalab.kb.se/prot-1954--ak--14/prot_1954__ak__14-008.jp2/_view	https://github.com/welfare-state-analytics/riksdagen-corpus/blob/main/corpus/protocols/1954/prot-1954--ak--14.xml#L753	99	2	87	sultat än som blivit fallet. Här har vi		kommitté, som blivit tillsatt för att l	20
data/1955/prot-1955--fk--012.xml	30	https://betalab.kb.se/prot-1955--fk--12/prot_1955__fk__12-030.jp2/_view	https://github.com/welfare-state-analytics/riksdagen-corpus/blob/main/corpus/protocols/1955/prot-1955--fk--12.xml#L3000	98	2	7	andra lagutskottets utlåtande nr 19 an-		andra lagutskottets utlåtande nr 19 ant	1
data/1955/prot-1955--fk--012.xml	30	https://betalab.kb.se/prot-1955--fk--12/prot_1955__fk__12-030.jp2/_view	https://github.com/welfare-state-analytics/riksdagen-corpus/blob/main/corpus/protocols/1955/prot-1955--fk--12.xml#L3000	98	2	15	Nej;		nej;	0
data/1955/prot-1955--fk--012.xml	30	https://betalab.kb.se/prot-1955--fk--12/prot_1955__fk__12-030.jp2/_view	https://github.com/welfare-state-analytics/riksdagen-corpus/blob/main/corpus/protocols/1955/prot-1955--fk--12.xml#L3000	98	2	60	ställt.		ät	5
data/1955/prot-1955--fk--012.xml	30	https://betalab.kb.se/prot-1955--fk--12/prot_1955__fk__12-030.jp2/_view	https://github.com/welfare-state-analytics/riksdagen-corpus/blob/main/corpus/protocols/1955/prot-1955--fk--12.xml#L3000	98	2	66	för budgetåret 1955/56 under tionde hu-		för budgetåret 1955/56 under tionde huv	1
data/1955/prot-1955--fk--012.xml	30	https://betalab.kb.se/prot-1955--fk--12/prot_1955__fk__12-030.jp2/_view	https://github.com/welfare-state-analytics/riksdagen-corpus/blob/main/corpus/protocols/1955/prot-1955--fk--12.xml#L3000	98	2	73	Anslag till ombudsmannaämbetet för nä-		anslag till ombudsmannaämbetet för när	1
data/1955/prot-1955--fk--012.xml	30	https://betalab.kb.se/prot-1955--fk--12/prot_1955__fk__12-030.jp2/_view	https://github.com/welfare-state-analytics/riksdagen-corpus/blob/main/corpus/protocols/1955/prot-1955--fk--12.xml#L3000	98	2	74	Kungl. Maj:t hade föreslagit riksdagen		kungl. maj:t hade föreslagit riksdagen	0
data/1955/prot-1955--ak--032.xml	52	https://betalab.kb.se/prot-1955-höst-ak--32/prot_1955_höst_ak__32-052.jp2/_view	https://github.com/welfare-state-analytics/riksdagen-corpus/blob/main/corpus/protocols/1955/prot-1955-höst-ak--32.xml#L4976	100	2	17	ledning av utredningen eller inte.		ledning av utredningen eller inte.	0
data/1955/prot-1955--ak--032.xml	52	https://betalab.kb.se/prot-1955-höst-ak--32/prot_1955_höst_ak__32-052.jp2/_view	https://github.com/welfare-state-analytics/riksdagen-corpus/blob/main/corpus/protocols/1955/prot-1955-höst-ak--32.xml#L4976	100	2	64	diskrediteras?		rligt diskrediteras?	6
data/1955/prot-1955--ak--032.xml	52	https://betalab.kb.se/prot-1955-höst-ak--32/prot_1955_höst_ak__32-052.jp2/_view	https://github.com/welfare-state-analytics/riksdagen-corpus/blob/main/corpus/protocols/1955/prot-1955-höst-ak--32.xml#L4976	100	2	67	erhållit under senare är genom out-		erhållit under senare år genom outt	2
data/1955/prot-1955--ak--032.xml	52	https://betalab.kb.se/prot-1955-höst-ak--32/prot_1955_höst_ak__32-052.jp2/_view	https://github.com/welfare-state-analytics/riksdagen-corpus/blob/main/corpus/protocols/1955/prot-1955-höst-ak--32.xml#L4976	100	2	98	liga räntebärande obligationer främst		liga räntebärande obligationer främst	0
data/1955/prot-1955--ak--032.xml	52	https://betalab.kb.se/prot-1955-h√∂st-ak--32/prot_1955_h√∂st_ak__32-052.jp2/_view	https://github.com/welfare-state-analytics/riksdagen-corpus/blob/main/corpus/protocols/1955/prot-1955-h√∂st-ak--32.xml#L4976	100	2	3	ning på statens premierobligationer		kning på statens premieobligationer	2
data/1955/prot-1955--ak--032.xml	52	https://betalab.kb.se/prot-1955-h√∂st-ak--32/prot_1955_h√∂st_ak__32-052.jp2/_view	https://github.com/welfare-state-analytics/riksdagen-corpus/blob/main/corpus/protocols/1955/prot-1955-h√∂st-ak--32.xml#L4976	100	2	5	tas I fara. Det vore för övrigt motiverat,		tas i fara. det vore för övrigt motiverat,	0
data/1956/prot-1956--ak--013.xml	81	https://betalab.kb.se/prot-1956--ak--13/prot_1956__ak__13-081.jp2/_view	https://github.com/welfare-state-analytics/riksdagen-corpus/blob/main/corpus/protocols/1956/prot-1956--ak--13.xml#L7956	100	2	42	re sikt, som ju är mycket viktig för att		re sikt, som ju är mycket viktig för att	0
data/1956/prot-1956--ak--013.xml	81	https://betalab.kb.se/prot-1956--ak--13/prot_1956__ak__13-081.jp2/_view	https://github.com/welfare-state-analytics/riksdagen-corpus/blob/main/corpus/protocols/1956/prot-1956--ak--13.xml#L7956	100	2	46	Jag framför en vädjan till socialminis-		jag framför en vädjan till socialminist	1
data/1956/prot-1956--ak--013.xml	81	https://betalab.kb.se/prot-1956--ak--13/prot_1956__ak__13-081.jp2/_view	https://github.com/welfare-state-analytics/riksdagen-corpus/blob/main/corpus/protocols/1956/prot-1956--ak--13.xml#L7956	100	2	53	makterna skall vara beredda att göra		makterna skall vara beredda att göra	0
data/1956/prot-1956--ak--013.xml	81	https://betalab.kb.se/prot-1956--ak--13/prot_1956__ak__13-081.jp2/_view	https://github.com/welfare-state-analytics/riksdagen-corpus/blob/main/corpus/protocols/1956/prot-1956--ak--13.xml#L7956	100	2	91	är att ekonomiska resurser står till för-		är att ekonomiska resurser står till förf	1
data/1956/prot-1956--ak--013.xml	81	https://betalab.kb.se/prot-1956--ak--13/prot_1956__ak__13-081.jp2/_view	https://github.com/welfare-state-analytics/riksdagen-corpus/blob/main/corpus/protocols/1956/prot-1956--ak--13.xml#L7956	100	2	98	>>därest omständingheterna därtill föran-		r »därest omständigheterna därtill föranl	5
data/1956/prot-1956--ak--013.xml	81	https://betalab.kb.se/prot-1956--ak--13/prot_1956__ak__13-081.jp2/_view	https://github.com/welfare-state-analytics/riksdagen-corpus/blob/main/corpus/protocols/1956/prot-1956--ak--13.xml#L7956	100	2	100	der för att riksdagen skall kunna ef-		der för att riksdagen skall kunna ef-	0
data/1956/prot-1956--ak--019.xml	25	https://betalab.kb.se/prot-1956--ak--19/prot_1956__ak__19-025.jp2/_view	https://github.com/welfare-state-analytics/riksdagen-corpus/blob/main/corpus/protocols/1956/prot-1956--ak--19.xml#L2236	107	2	17	gen. Då kom besparingskungörelsen be-		gen. då kom besparingskungörelsen bet	1
data/1956/prot-1956--ak--019.xml	25	https://betalab.kb.se/prot-1956--ak--19/prot_1956__ak__19-025.jp2/_view	https://github.com/welfare-state-analytics/riksdagen-corpus/blob/main/corpus/protocols/1956/prot-1956--ak--19.xml#L2236	107	2	22	sakliga eller konstitutionella invänd-		sakliga eller konstitutionella invändn	1
data/1956/prot-1956--ak--019.xml	25	https://betalab.kb.se/prot-1956--ak--19/prot_1956__ak__19-025.jp2/_view	https://github.com/welfare-state-analytics/riksdagen-corpus/blob/main/corpus/protocols/1956/prot-1956--ak--19.xml#L2236	107	2	24	och därför önskvärt, varför man fann		och därför önskvärt, varför man fann	0
data/1956/prot-1956--ak--019.xml	25	https://betalab.kb.se/prot-1956--ak--19/prot_1956__ak__19-025.jp2/_view	https://github.com/welfare-state-analytics/riksdagen-corpus/blob/main/corpus/protocols/1956/prot-1956--ak--19.xml#L2236	107	2	37	fråga. Jag skal inte här tvista med frö-		fråga. jag skall inte här tvista med frö	2
data/1956/prot-1956--ak--019.xml	25	https://betalab.kb.se/prot-1956--ak--19/prot_1956__ak__19-025.jp2/_view	https://github.com/welfare-state-analytics/riksdagen-corpus/blob/main/corpus/protocols/1956/prot-1956--ak--19.xml#L2236	107	2	43	begärt att få några ytterligare uppgifter		begärt att få några ytterligare uppgifter	0
data/1956/prot-1956--ak--019.xml	25	https://betalab.kb.se/prot-1956--ak--19/prot_1956__ak__19-025.jp2/_view	https://github.com/welfare-state-analytics/riksdagen-corpus/blob/main/corpus/protocols/1956/prot-1956--ak--19.xml#L2236	107	2	104	Nej;		nej;	0
data/1956/prot-1956--ak--009.xml	98	https://betalab.kb.se/prot-1956--ak--9/prot_1956__ak__9-098.jp2/_view	https://github.com/welfare-state-analytics/riksdagen-corpus/blob/main/corpus/protocols/1956/prot-1956--ak--9.xml#L9288	98	2	27	ror. Det rör sig emellertid inte om så		ror. det rör sig emellertid inte om så	0
data/1956/prot-1956--ak--009.xml	98	https://betalab.kb.se/prot-1956--ak--9/prot_1956__ak__9-098.jp2/_view	https://github.com/welfare-state-analytics/riksdagen-corpus/blob/main/corpus/protocols/1956/prot-1956--ak--9.xml#L9288	98	2	40	slöjan och tala om, huruvida man inte		slöjan och tala om, huruvida man inte	0
data/1956/prot-1956--ak--009.xml	98	https://betalab.kb.se/prot-1956--ak--9/prot_1956__ak__9-098.jp2/_view	https://github.com/welfare-state-analytics/riksdagen-corpus/blob/main/corpus/protocols/1956/prot-1956--ak--9.xml#L9288	98	2	46	Herr talman! Det framgår tämligen		herr talman! det framgår ju tämli	6
data/1956/prot-1956--ak--009.xml	98	https://betalab.kb.se/prot-1956--ak--9/prot_1956__ak__9-098.jp2/_view	https://github.com/welfare-state-analytics/riksdagen-corpus/blob/main/corpus/protocols/1956/prot-1956--ak--9.xml#L9288	98	2	47	Herr talman! Det framgår ju tämligen		herr talman! det framgår ju tämligen	0
data/1956/prot-1956--ak--009.xml	98	https://betalab.kb.se/prot-1956--ak--9/prot_1956__ak__9-098.jp2/_view	https://github.com/welfare-state-analytics/riksdagen-corpus/blob/main/corpus/protocols/1956/prot-1956--ak--9.xml#L9288	98	2	69	nisk natur — för att realisera just den		nisk natur - för att realisera just den	0
data/1956/prot-1956--ak--009.xml	98	https://betalab.kb.se/prot-1956--ak--9/prot_1956__ak__9-098.jp2/_view	https://github.com/welfare-state-analytics/riksdagen-corpus/blob/main/corpus/protocols/1956/prot-1956--ak--9.xml#L9288	98	2	97	högtalare eller inte, betalar man i		högtalare eller inte, betalar man i	0
data/1956/prot-1956--fk--011.xml	74	https://betalab.kb.se/prot-1956--fk--11/prot_1956__fk__11-074.jp2/_view	https://github.com/welfare-state-analytics/riksdagen-corpus/blob/main/corpus/protocols/1956/prot-1956--fk--11.xml#L7589	106	2	18	industri och företagsverksamhet att sätta		industri och företagsverksamhet att sätta	0
data/1956/prot-1956--fk--011.xml	74	https://betalab.kb.se/prot-1956--fk--11/prot_1956__fk__11-074.jp2/_view	https://github.com/welfare-state-analytics/riksdagen-corpus/blob/main/corpus/protocols/1956/prot-1956--fk--11.xml#L7589	106	2	20	i gång med stora investeringar. Detta		i gång med stora investeringar. detta	0
data/1956/prot-1956--fk--011.xml	74	https://betalab.kb.se/prot-1956--fk--11/prot_1956__fk__11-074.jp2/_view	https://github.com/welfare-state-analytics/riksdagen-corpus/blob/main/corpus/protocols/1956/prot-1956--fk--11.xml#L7589	106	2	25	gen inte över en natt men dock så, att		gen inte över en natt men dock så, att	0
data/1956/prot-1956--fk--011.xml	74	https://betalab.kb.se/prot-1956--fk--11/prot_1956__fk__11-074.jp2/_view	https://github.com/welfare-state-analytics/riksdagen-corpus/blob/main/corpus/protocols/1956/prot-1956--fk--11.xml#L7589	106	2	30	Jag menar att detta är ett typiskt exem-		jag menar att detta är ett typiskt exemp	1
data/1956/prot-1956--fk--011.xml	74	https://betalab.kb.se/prot-1956--fk--11/prot_1956__fk__11-074.jp2/_view	https://github.com/welfare-state-analytics/riksdagen-corpus/blob/main/corpus/protocols/1956/prot-1956--fk--11.xml#L7589	106	2	37	står ju av människor, och de begår miss-		står ju av människor, och de begår misst	1
data/1956/prot-1956--fk--011.xml	74	https://betalab.kb.se/prot-1956--fk--11/prot_1956__fk__11-074.jp2/_view	https://github.com/welfare-state-analytics/riksdagen-corpus/blob/main/corpus/protocols/1956/prot-1956--fk--11.xml#L7589	106	2	81	för någon annan mening än som här fö-		för någon annan mening än som här för	1
data/1956/prot-1956--fk--017.xml	101	https://betalab.kb.se/prot-1956--fk--17/prot_1956__fk__17-101.jp2/_view	https://github.com/welfare-state-analytics/riksdagen-corpus/blob/main/corpus/protocols/1956/prot-1956--fk--17.xml#L10267	104	2	41	föra, har icke gjort framställning om		föra, har icke gjort framställning om	0
data/1956/prot-1956--fk--017.xml	101	https://betalab.kb.se/prot-1956--fk--17/prot_1956__fk__17-101.jp2/_view	https://github.com/welfare-state-analytics/riksdagen-corpus/blob/main/corpus/protocols/1956/prot-1956--fk--17.xml#L10267	104	2	42	ändring och skall väl därför inte heller		ändring och skall väl därför inte heller	0
data/1956/prot-1956--fk--017.xml	101	https://betalab.kb.se/prot-1956--fk--17/prot_1956__fk__17-101.jp2/_view	https://github.com/welfare-state-analytics/riksdagen-corpus/blob/main/corpus/protocols/1956/prot-1956--fk--17.xml#L10267	104	2	55	som utskottet i detta fall är inne på.		vad utskottet i den nu förevarande pun	17
data/1956/prot-1956--fk--017.xml	101	https://betalab.kb.se/prot-1956--fk--17/prot_1956__fk__17-101.jp2/_view	https://github.com/welfare-state-analytics/riksdagen-corpus/blob/main/corpus/protocols/1956/prot-1956--fk--17.xml#L10267	104	2	57	utskottets anseende,  har jag ingen an-		utskottets anseende, har jag ingen anl	1
data/1956/prot-1956--fk--017.xml	101	https://betalab.kb.se/prot-1956--fk--17/prot_1956__fk__17-101.jp2/_view	https://github.com/welfare-state-analytics/riksdagen-corpus/blob/main/corpus/protocols/1956/prot-1956--fk--17.xml#L10267	104	2	68	andra ärenden, t. ex. lagfrågor, så skul-.		andra ärenden, t. ex. lagfrågor, så skulle	2
data/1956/prot-1956--fk--017.xml	101	https://betalab.kb.se/prot-1956--fk--17/prot_1956__fk__17-101.jp2/_view	https://github.com/welfare-state-analytics/riksdagen-corpus/blob/main/corpus/protocols/1956/prot-1956--fk--17.xml#L10267	104	2	84	kan eller avslag.		tyrkan eller avslag.	3
data/1956/prot-1956--ak--031.xml	74	https://betalab.kb.se/prot-1956-höst-ak--31/prot_1956_höst_ak__31-074.jp2/_view	https://github.com/welfare-state-analytics/riksdagen-corpus/blob/main/corpus/protocols/1956/prot-1956-höst-ak--31.xml#L6969	98	2	19	liv. Den ger, som det med rätta har		liv. den ger, som det med rätta har	0
data/1956/prot-1956--ak--031.xml	74	https://betalab.kb.se/prot-1956-höst-ak--31/prot_1956_höst_ak__31-074.jp2/_view	https://github.com/welfare-state-analytics/riksdagen-corpus/blob/main/corpus/protocols/1956/prot-1956-höst-ak--31.xml#L6969	98	2	26	Naturligtvis kan kyrkan fylla dessa		naturligtvis kan kyrkan fylla dessa	0
data/1956/prot-1956--ak--031.xml	74	https://betalab.kb.se/prot-1956-höst-ak--31/prot_1956_höst_ak__31-074.jp2/_view	https://github.com/welfare-state-analytics/riksdagen-corpus/blob/main/corpus/protocols/1956/prot-1956-höst-ak--31.xml#L6969	98	2	45	större intresse av att polemisera i denna		större intresse av att polemisera i denna	0
data/1956/prot-1956--ak--031.xml	74	https://betalab.kb.se/prot-1956-höst-ak--31/prot_1956_höst_ak__31-074.jp2/_view	https://github.com/welfare-state-analytics/riksdagen-corpus/blob/main/corpus/protocols/1956/prot-1956-höst-ak--31.xml#L6969	98	2	92	Ljungskile verkligen hade velat tänka		ljungskile verkligen hade velat tänka	0
data/1956/prot-1956--fk--029.xml	47	https://betalab.kb.se/prot-1956-höst-fk--29/prot_1956_höst_fk__29-047.jp2/_view	https://github.com/welfare-state-analytics/riksdagen-corpus/blob/main/corpus/protocols/1956/prot-1956-höst-fk--29.xml#L4975	105	2	11	trakterna skulle träförädlingsindustrier		trakterna skulle träförädlingsindustrier	0
data/1956/prot-1956--fk--029.xml	47	https://betalab.kb.se/prot-1956-höst-fk--29/prot_1956_höst_fk__29-047.jp2/_view	https://github.com/welfare-state-analytics/riksdagen-corpus/blob/main/corpus/protocols/1956/prot-1956-höst-fk--29.xml#L4975	105	2	91	sysselsättningen. När nu problemet om		sysselsättningen. när nu problemet om	0
data/1956/prot-1956--fk--029.xml	47	https://betalab.kb.se/prot-1956-höst-fk--29/prot_1956_höst_fk__29-047.jp2/_view	https://github.com/welfare-state-analytics/riksdagen-corpus/blob/main/corpus/protocols/1956/prot-1956-höst-fk--29.xml#L4975	105	2	93	länen, varför då inte företag en gemen-		länen, varför då inte företaga en gemen	2
data/1956/prot-1956--ak--031.xml	74	https://betalab.kb.se/prot-1956-h√∂st-ak--31/prot_1956_h√∂st_ak__31-074.jp2/_view	https://github.com/welfare-state-analytics/riksdagen-corpus/blob/main/corpus/protocols/1956/prot-1956-h√∂st-ak--31.xml#L6969	98	2	40	få förena mig med herr Håstad I det av		få förena mig med herr håstad i det av	0
data/1956/prot-1956--ak--031.xml	74	https://betalab.kb.se/prot-1956-h√∂st-ak--31/prot_1956_h√∂st_ak__31-074.jp2/_view	https://github.com/welfare-state-analytics/riksdagen-corpus/blob/main/corpus/protocols/1956/prot-1956-h√∂st-ak--31.xml#L6969	98	2	74	eller radikalism, men jag trodde i alla		eller radikalism, men jag trodde i alla	0
data/1956/prot-1956--fk--029.xml	47	https://betalab.kb.se/prot-1956-h√∂st-fk--29/prot_1956_h√∂st_fk__29-047.jp2/_view	https://github.com/welfare-state-analytics/riksdagen-corpus/blob/main/corpus/protocols/1956/prot-1956-h√∂st-fk--29.xml#L4975	105	2	24	hålla den fulla sysselsättningen.		hålla den fulla sysselsättningen.	0
data/1956/prot-1956--fk--029.xml	47	https://betalab.kb.se/prot-1956-h√∂st-fk--29/prot_1956_h√∂st_fk__29-047.jp2/_view	https://github.com/welfare-state-analytics/riksdagen-corpus/blob/main/corpus/protocols/1956/prot-1956-h√∂st-fk--29.xml#L4975	105	2	49	en utredning och en överskyn borde ske.		 en utredning och en översyn borde ske.	2
data/1956/prot-1956--fk--029.xml	47	https://betalab.kb.se/prot-1956-h√∂st-fk--29/prot_1956_h√∂st_fk__29-047.jp2/_view	https://github.com/welfare-state-analytics/riksdagen-corpus/blob/main/corpus/protocols/1956/prot-1956-h√∂st-fk--29.xml#L4975	105	2	58	ordas där vissa lättnader på det ekono-		ordas där vissa lättnader på det ekonom	1
data/1957/prot-1957--ak--015.xml	109	https://betalab.kb.se/prot-1957--ak--15/prot_1957__ak__15-109.jp2/_view	https://github.com/welfare-state-analytics/riksdagen-corpus/blob/main/corpus/protocols/1957/prot-1957--ak--15.xml#L10816	101	2	9	inte kunnat täcka alla kostnader för ny-		inte kunnat täcka alla kostnader för nyb	1
data/1957/prot-1957--ak--015.xml	109	https://betalab.kb.se/prot-1957--ak--15/prot_1957__ak__15-109.jp2/_view	https://github.com/welfare-state-analytics/riksdagen-corpus/blob/main/corpus/protocols/1957/prot-1957--ak--15.xml#L10816	101	2	15	dräför 1 400 000 kronor nu skall tagas		 därför 1400 000 kronor nu skall tagas	4
data/1957/prot-1957--ak--015.xml	109	https://betalab.kb.se/prot-1957--ak--15/prot_1957__ak__15-109.jp2/_view	https://github.com/welfare-state-analytics/riksdagen-corpus/blob/main/corpus/protocols/1957/prot-1957--ak--15.xml#L10816	101	2	18	platser skall skjutas ytterliggare på fram-		splatser skall skjutas ytterligare på framt	3
data/1957/prot-1957--ak--015.xml	109	https://betalab.kb.se/prot-1957--ak--15/prot_1957__ak__15-109.jp2/_view	https://github.com/welfare-state-analytics/riksdagen-corpus/blob/main/corpus/protocols/1957/prot-1957--ak--15.xml#L10816	101	2	57	platsbyggen i landsorten får stå till-		platsbyggen i landsorten får stå tillb	1
data/1957/prot-1957--ak--015.xml	109	https://betalab.kb.se/prot-1957--ak--15/prot_1957__ak__15-109.jp2/_view	https://github.com/welfare-state-analytics/riksdagen-corpus/blob/main/corpus/protocols/1957/prot-1957--ak--15.xml#L10816	101	2	62	tion nr 42 i andra kammaren. Det inne-		tion nr 42 i andra kammaren. det inneb	1
data/1957/prot-1957--ak--015.xml	109	https://betalab.kb.se/prot-1957--ak--15/prot_1957__ak__15-109.jp2/_view	https://github.com/welfare-state-analytics/riksdagen-corpus/blob/main/corpus/protocols/1957/prot-1957--ak--15.xml#L10816	101	2	68	för.		herr	3
data/1957/prot-1957--ak--004.xml	3	https://betalab.kb.se/prot-1957--ak--4/prot_1957__ak__4-003.jp2/_view	https://github.com/welfare-state-analytics/riksdagen-corpus/blob/main/corpus/protocols/1957/prot-1957--ak--4.xml#L351	98	2	26	Herr talman! I en med andra kam-		herr talman! i en med andra kamm	1
data/1957/prot-1957--ak--004.xml	3	https://betalab.kb.se/prot-1957--ak--4/prot_1957__ak__4-003.jp2/_view	https://github.com/welfare-state-analytics/riksdagen-corpus/blob/main/corpus/protocols/1957/prot-1957--ak--4.xml#L351	98	2	29	git upp fråga angående beskattning av		git upp fråga angående beskattning av	0
data/1957/prot-1957--ak--004.xml	3	https://betalab.kb.se/prot-1957--ak--4/prot_1957__ak__4-003.jp2/_view	https://github.com/welfare-state-analytics/riksdagen-corpus/blob/main/corpus/protocols/1957/prot-1957--ak--4.xml#L351	98	2	43	skattiningen av ersättningar för rökgas-		eskattningen av ersättningar för rökgass	3
data/1957/prot-1957--ak--004.xml	3	https://betalab.kb.se/prot-1957--ak--4/prot_1957__ak__4-003.jp2/_view	https://github.com/welfare-state-analytics/riksdagen-corpus/blob/main/corpus/protocols/1957/prot-1957--ak--4.xml#L351	98	2	53	komst ger möjlighet för fysiska perso-		komst ger möjlighet för fysiska person	1
data/1957/prot-1957--ak--004.xml	3	https://betalab.kb.se/prot-1957--ak--4/prot_1957__ak__4-003.jp2/_view	https://github.com/welfare-state-analytics/riksdagen-corpus/blob/main/corpus/protocols/1957/prot-1957--ak--4.xml#L351	98	2	64	för att möjliggöra skattelindring i så-		för att möjliggöra skattelindring i såd	1
data/1957/prot-1957--ak--004.xml	3	https://betalab.kb.se/prot-1957--ak--4/prot_1957__ak__4-003.jp2/_view	https://github.com/welfare-state-analytics/riksdagen-corpus/blob/main/corpus/protocols/1957/prot-1957--ak--4.xml#L351	98	2	88	ett samlat övervägande upptar frågan		ett samlat övervägande upptar frågan	0
data/1957/prot-1957--ak--006.xml	147	https://betalab.kb.se/prot-1957--ak--6/prot_1957__ak__6-148.jp2/_view	https://github.com/welfare-state-analytics/riksdagen-corpus/blob/main/corpus/protocols/1957/prot-1957--ak--6.xml#L14500	100	2	12	Alla i lantbruksnämnden var inte eniga.		alla i lantbruksnämnden var inte eniga.	0
data/1957/prot-1957--ak--006.xml	147	https://betalab.kb.se/prot-1957--ak--6/prot_1957__ak__6-148.jp2/_view	https://github.com/welfare-state-analytics/riksdagen-corpus/blob/main/corpus/protocols/1957/prot-1957--ak--6.xml#L14500	100	2	18	liten jordbrukare velat köpa tio tunn-		liten jordbrukare velat köpa tio tunnl	1
data/1957/prot-1957--ak--006.xml	147	https://betalab.kb.se/prot-1957--ak--6/prot_1957__ak__6-148.jp2/_view	https://github.com/welfare-state-analytics/riksdagen-corpus/blob/main/corpus/protocols/1957/prot-1957--ak--6.xml#L14500	100	2	62	har antytts.		som här har antytts.	8
data/1957/prot-1957--ak--006.xml	147	https://betalab.kb.se/prot-1957--ak--6/prot_1957__ak__6-148.jp2/_view	https://github.com/welfare-state-analytics/riksdagen-corpus/blob/main/corpus/protocols/1957/prot-1957--ak--6.xml#L14500	100	2	77	affärer är oriktiga och onyttiga. Det är		affärer är oriktiga och onyttiga. det är	0
data/1957/prot-1957--ak--006.xml	147	https://betalab.kb.se/prot-1957--ak--6/prot_1957__ak__6-148.jp2/_view	https://github.com/welfare-state-analytics/riksdagen-corpus/blob/main/corpus/protocols/1957/prot-1957--ak--6.xml#L14500	100	2	80	sig om vettigt folk, fastän den ene kö-		sig om vettigt folk, fastän den ene köp	1
data/1957/prot-1957--ak--006.xml	147	https://betalab.kb.se/prot-1957--ak--6/prot_1957__ak__6-148.jp2/_view	https://github.com/welfare-state-analytics/riksdagen-corpus/blob/main/corpus/protocols/1957/prot-1957--ak--6.xml#L14500	100	2	93	betala allt kan resultatet inte bli annat		betala allt kan resultatet inte bli annat	0
data/1957/prot-1957--fk--016.xml	46	https://betalab.kb.se/prot-1957--fk--16/prot_1957__fk__16-046.jp2/_view	https://github.com/welfare-state-analytics/riksdagen-corpus/blob/main/corpus/protocols/1957/prot-1957--fk--16.xml#L4673	95	2	9	nr 234, i anledning av Kungl. Maj:ts		nr 234, i anledning av kungl. maj:ts	0
data/1957/prot-1957--fk--016.xml	46	https://betalab.kb.se/prot-1957--fk--16/prot_1957__fk__16-046.jp2/_view	https://github.com/welfare-state-analytics/riksdagen-corpus/blob/main/corpus/protocols/1957/prot-1957--fk--16.xml#L4673	95	2	10	propositionen angående anordnande av en		s proposition angående anordnande av en	4
data/1957/prot-1957--fk--016.xml	46	https://betalab.kb.se/prot-1957--fk--16/prot_1957__fk__16-046.jp2/_view	https://github.com/welfare-state-analytics/riksdagen-corpus/blob/main/corpus/protocols/1957/prot-1957--fk--16.xml#L4673	95	2	13	nr 235, i anledning av Kungl. Maj:ts		nr 235, i anledning av kungl. maj:ts	0
data/1957/prot-1957--fk--016.xml	46	https://betalab.kb.se/prot-1957--fk--16/prot_1957__fk__16-046.jp2/_view	https://github.com/welfare-state-analytics/riksdagen-corpus/blob/main/corpus/protocols/1957/prot-1957--fk--16.xml#L4673	95	2	30	enklad statsbidragsgivning, avseende		enklad statsbidragsgivning, avseende	0
data/1957/prot-1957--fk--016.xml	46	https://betalab.kb.se/prot-1957--fk--16/prot_1957__fk__16-046.jp2/_view	https://github.com/welfare-state-analytics/riksdagen-corpus/blob/main/corpus/protocols/1957/prot-1957--fk--16.xml#L4673	95	2	34	statsutskottets utlåtande:		statsutskottets utlåtanden	1
data/1957/prot-1957--fk--016.xml	46	https://betalab.kb.se/prot-1957--fk--16/prot_1957__fk__16-046.jp2/_view	https://github.com/welfare-state-analytics/riksdagen-corpus/blob/main/corpus/protocols/1957/prot-1957--fk--16.xml#L4673	95	2	90	väckta motioner.		net väckta motioner.	4
data/1957/prot-1957--fk--025.xml	11	https://betalab.kb.se/prot-1957-höst-fk--25/prot_1957_höst_fk__25-011.jp2/_view	https://github.com/welfare-state-analytics/riksdagen-corpus/blob/main/corpus/protocols/1957/prot-1957-höst-fk--25.xml#L1014	100	2	6	fallas.		ja;	6
data/1957/prot-1957--fk--025.xml	11	https://betalab.kb.se/prot-1957-höst-fk--25/prot_1957_höst_fk__25-011.jp2/_view	https://github.com/welfare-state-analytics/riksdagen-corpus/blob/main/corpus/protocols/1957/prot-1957-höst-fk--25.xml#L1014	100	2	33	B. att riksdagen måtte, med bifall till		b. att riksdagen måtte, med bifall till	0
data/1957/prot-1957--fk--025.xml	11	https://betalab.kb.se/prot-1957-höst-fk--25/prot_1957_höst_fk__25-011.jp2/_view	https://github.com/welfare-state-analytics/riksdagen-corpus/blob/main/corpus/protocols/1957/prot-1957-höst-fk--25.xml#L1014	100	2	44	lydelse.		nej;	7
data/1957/prot-1957--fk--025.xml	11	https://betalab.kb.se/prot-1957-höst-fk--25/prot_1957_höst_fk__25-011.jp2/_view	https://github.com/welfare-state-analytics/riksdagen-corpus/blob/main/corpus/protocols/1957/prot-1957-höst-fk--25.xml#L1014	100	2	69	Denna förordning träder i kraft dagen		denna förordning träder i kraft dagen	0
data/1957/prot-1957--fk--025.xml	11	https://betalab.kb.se/prot-1957-h√∂st-fk--25/prot_1957_h√∂st_fk__25-011.jp2/_view	https://github.com/welfare-state-analytics/riksdagen-corpus/blob/main/corpus/protocols/1957/prot-1957-h√∂st-fk--25.xml#L1014	100	2	12	den lydelse, reservationen visade, samt		den lydelse, reservationen visade, samt	0
data/1957/prot-1957--fk--025.xml	11	https://betalab.kb.se/prot-1957-h√∂st-fk--25/prot_1957_h√∂st_fk__25-011.jp2/_view	https://github.com/welfare-state-analytics/riksdagen-corpus/blob/main/corpus/protocols/1957/prot-1957-h√∂st-fk--25.xml#L1014	100	2	20	ordninge, icke måtte föranleda någon		ordningen, icke måtte föranleda någo	2
data/1958/prot-1958-a-ak--017-01.xml	206	https://betalab.kb.se/prot-1958-a-ak--17-01/prot_1958_a_ak__17_01-206.jp2/_view	https://github.com/welfare-state-analytics/riksdagen-corpus/blob/main/corpus/protocols/1958/prot-1958-a-ak--17-01.xml#L19017	102	2	3	om värdefasta obligationer m.m. Det		om värdefasta obligationer ra. m,. 	7
data/1958/prot-1958-a-ak--017-01.xml	206	https://betalab.kb.se/prot-1958-a-ak--17-01/prot_1958_a_ak__17_01-206.jp2/_view	https://github.com/welfare-state-analytics/riksdagen-corpus/blob/main/corpus/protocols/1958/prot-1958-a-ak--17-01.xml#L19017	102	2	29	tiet att göra denna uppvärdering. Skulle		tiet att göra denna uppvärdering. skulle	0
data/1958/prot-1958-a-ak--017-01.xml	206	https://betalab.kb.se/prot-1958-a-ak--17-01/prot_1958_a_ak__17_01-206.jp2/_view	https://github.com/welfare-state-analytics/riksdagen-corpus/blob/main/corpus/protocols/1958/prot-1958-a-ak--17-01.xml#L19017	102	2	34	gång, kanske folkpartiet blir intresserat		gång, kanske folkpartiet blir intresserat	0
data/1958/prot-1958-a-ak--017-01.xml	206	https://betalab.kb.se/prot-1958-a-ak--17-01/prot_1958_a_ak__17_01-206.jp2/_view	https://github.com/welfare-state-analytics/riksdagen-corpus/blob/main/corpus/protocols/1958/prot-1958-a-ak--17-01.xml#L19017	102	2	36	är räntan i varje fall beräknad till 3,5		är räntan i varje fall beräknad till 3,5	0
data/1958/prot-1958-a-ak--017-01.xml	206	https://betalab.kb.se/prot-1958-a-ak--17-01/prot_1958_a_ak__17_01-206.jp2/_view	https://github.com/welfare-state-analytics/riksdagen-corpus/blob/main/corpus/protocols/1958/prot-1958-a-ak--17-01.xml#L19017	102	2	66	procent, och investmentbolagen här i		procent, och investmentbolagen här i	0
data/1958/prot-1958-a-ak--017-01.xml	206	https://betalab.kb.se/prot-1958-a-ak--17-01/prot_1958_a_ak__17_01-206.jp2/_view	https://github.com/welfare-state-analytics/riksdagen-corpus/blob/main/corpus/protocols/1958/prot-1958-a-ak--17-01.xml#L19017	102	2	68	ha riktigt värdefasta placeringar, får		ha riktigt värdefasta placeringar, får	0
data/1958/prot-1958-b-ak--013.xml	141	https://betalab.kb.se/prot-1958-b-ak--13/prot_1958_b_ak__13-141.jp2/_view	https://github.com/welfare-state-analytics/riksdagen-corpus/blob/main/corpus/protocols/1958/prot-1958-b-ak--13.xml#L13482	100	2	3	linjerna förlorar sitt underlag. Det blir		linjerna förlorar sitt underlag. det blir	0
data/1958/prot-1958-b-ak--013.xml	141	https://betalab.kb.se/prot-1958-b-ak--13/prot_1958_b_ak__13-141.jp2/_view	https://github.com/welfare-state-analytics/riksdagen-corpus/blob/main/corpus/protocols/1958/prot-1958-b-ak--13.xml#L13482	100	2	12	vi här skall få möjligheter att rationellt		vi här skall få möjligheter att rationellt	0
data/1958/prot-1958-b-ak--013.xml	97	https://betalab.kb.se/prot-1958-b-ak--13/prot_1958_b_ak__13-097.jp2/_view	https://github.com/welfare-state-analytics/riksdagen-corpus/blob/main/corpus/protocols/1958/prot-1958-b-ak--13.xml#L9252	103	2	58	nytt förordnande. Statsrådet Sträng		nytt förordnande. statsrådet sträng	0
data/1958/prot-1958-b-ak--013.xml	141	https://betalab.kb.se/prot-1958-b-ak--13/prot_1958_b_ak__13-141.jp2/_view	https://github.com/welfare-state-analytics/riksdagen-corpus/blob/main/corpus/protocols/1958/prot-1958-b-ak--13.xml#L13482	100	2	68	åtgärder som medfört ett försämrat		åtgärder som medfört ett försämrat	0
data/1958/prot-1958-b-ak--013.xml	141	https://betalab.kb.se/prot-1958-b-ak--13/prot_1958_b_ak__13-141.jp2/_view	https://github.com/welfare-state-analytics/riksdagen-corpus/blob/main/corpus/protocols/1958/prot-1958-b-ak--13.xml#L13482	100	2	70	I mitt första anförande berörde jag		i mitt första anförande berörde jag	0
data/1958/prot-1958-b-ak--013.xml	97	https://betalab.kb.se/prot-1958-b-ak--13/prot_1958_b_ak__13-097.jp2/_view	https://github.com/welfare-state-analytics/riksdagen-corpus/blob/main/corpus/protocols/1958/prot-1958-b-ak--13.xml#L9252	103	2	79	vudsak följande. Strax efter det att den		vudsak följande. strax efter det att den	0
data/1958/prot-1958-b-ak--013.xml	141	https://betalab.kb.se/prot-1958-b-ak--13/prot_1958_b_ak__13-141.jp2/_view	https://github.com/welfare-state-analytics/riksdagen-corpus/blob/main/corpus/protocols/1958/prot-1958-b-ak--13.xml#L13482	100	2	81	vill då säga att anledningen är att man		vill då säga att anledningen är att man	0
data/1958/prot-1958-b-ak--013.xml	141	https://betalab.kb.se/prot-1958-b-ak--13/prot_1958_b_ak__13-141.jp2/_view	https://github.com/welfare-state-analytics/riksdagen-corpus/blob/main/corpus/protocols/1958/prot-1958-b-ak--13.xml#L13482	100	2	84	taget efter det andra har fått i gång		taget efter det andra har fått i gång	0
data/1958/prot-1958-b-ak--013.xml	97	https://betalab.kb.se/prot-1958-b-ak--13/prot_1958_b_ak__13-097.jp2/_view	https://github.com/welfare-state-analytics/riksdagen-corpus/blob/main/corpus/protocols/1958/prot-1958-b-ak--13.xml#L9252	103	2	91	het i saken, ett preliminärt anmärk-		het i saken, ett preliminärt anmärkn	1
data/1958/prot-1958-b-ak--013.xml	97	https://betalab.kb.se/prot-1958-b-ak--13/prot_1958_b_ak__13-097.jp2/_view	https://github.com/welfare-state-analytics/riksdagen-corpus/blob/main/corpus/protocols/1958/prot-1958-b-ak--13.xml#L9252	103	2	94	Först sedan ett sådant yrkade ställts,		först sedan ett sådant yrkande ställts	2
data/1958/prot-1958-b-ak--013.xml	97	https://betalab.kb.se/prot-1958-b-ak--13/prot_1958_b_ak__13-097.jp2/_view	https://github.com/welfare-state-analytics/riksdagen-corpus/blob/main/corpus/protocols/1958/prot-1958-b-ak--13.xml#L9252	103	2	99	utskottsledamöter begärde också att JO		utskottsledamöter begärde också att jo	0
data/1958/prot-1958-b-ak--013.xml	97	https://betalab.kb.se/prot-1958-b-ak--13/prot_1958_b_ak__13-097.jp2/_view	https://github.com/welfare-state-analytics/riksdagen-corpus/blob/main/corpus/protocols/1958/prot-1958-b-ak--13.xml#L9252	103	2	102	lan avslogs dock av majoriteten.		lan avslogs dock av majoriteten.	0
data/1959/prot-1959--ak--004.xml	10	https://betalab.kb.se/prot-1959--ak--4/prot_1959__ak__4-010.jp2/_view	https://github.com/welfare-state-analytics/riksdagen-corpus/blob/main/corpus/protocols/1959/prot-1959--ak--4.xml#L1005	98	2	37	rar betingelserna för deras näring. Så		rar betingelserna för deras näring. så	0
data/1959/prot-1959--ak--004.xml	10	https://betalab.kb.se/prot-1959--ak--4/prot_1959__ak__4-010.jp2/_view	https://github.com/welfare-state-analytics/riksdagen-corpus/blob/main/corpus/protocols/1959/prot-1959--ak--4.xml#L1005	98	2	39	skatt av 20 öre per kg som riksdagen		skatt av 20 öre per kg som riksdagen	0
data/1959/prot-1959--ak--004.xml	10	https://betalab.kb.se/prot-1959--ak--4/prot_1959__ak__4-010.jp2/_view	https://github.com/welfare-state-analytics/riksdagen-corpus/blob/main/corpus/protocols/1959/prot-1959--ak--4.xml#L1005	98	2	48	»Härvid har utskottet uppmärksam-		»härvid har utskottet uppmärksamm	1
data/1959/prot-1959--ak--004.xml	10	https://betalab.kb.se/prot-1959--ak--4/prot_1959__ak__4-010.jp2/_view	https://github.com/welfare-state-analytics/riksdagen-corpus/blob/main/corpus/protocols/1959/prot-1959--ak--4.xml#L1005	98	2	80	jämförliga länder vidtaga åtgärder för		jämförliga länder vidtaga åtgärder för	0
data/1959/prot-1959--ak--004.xml	10	https://betalab.kb.se/prot-1959--ak--4/prot_1959__ak__4-010.jp2/_view	https://github.com/welfare-state-analytics/riksdagen-corpus/blob/main/corpus/protocols/1959/prot-1959--ak--4.xml#L1005	98	2	93	lever är föräldrarnas svårigheter att i		lever är föräldrarnas svårigheter att i	0
data/1959/prot-1959--ak--004.xml	10	https://betalab.kb.se/prot-1959--ak--4/prot_1959__ak__4-010.jp2/_view	https://github.com/welfare-state-analytics/riksdagen-corpus/blob/main/corpus/protocols/1959/prot-1959--ak--4.xml#L1005	98	2	96	ler uppfostran. Den som själv varje dag		ler uppfostran. den som själv varje dag	0
data/1959/prot-1959--fk--011.xml	22	https://betalab.kb.se/prot-1959--fk--11/prot_1959__fk__11-022.jp2/_view	https://github.com/welfare-state-analytics/riksdagen-corpus/blob/main/corpus/protocols/1959/prot-1959--fk--11.xml#L2255	101	2	35	Den, som bifaller vad jordbruksutskot-		den, som bifaller vad jordbruksutskot-	0
data/1959/prot-1959--fk--011.xml	22	https://betalab.kb.se/prot-1959--fk--11/prot_1959__fk__11-022.jp2/_view	https://github.com/welfare-state-analytics/riksdagen-corpus/blob/main/corpus/protocols/1959/prot-1959--fk--11.xml#L2255	101	2	38	Den, det ej vill, röstar		den, det ej vill, röstar	0
data/1959/prot-1959--fk--011.xml	22	https://betalab.kb.se/prot-1959--fk--11/prot_1959__fk__11-022.jp2/_view	https://github.com/welfare-state-analytics/riksdagen-corpus/blob/main/corpus/protocols/1959/prot-1959--fk--11.xml#L2255	101	2	70	tets hemställan, sig anse denna proposi-		tets hemställan, sig anse denna proposit	1
data/1959/prot-1959--fk--011.xml	22	https://betalab.kb.se/prot-1959--fk--11/prot_1959__fk__11-022.jp2/_view	https://github.com/welfare-state-analytics/riksdagen-corpus/blob/main/corpus/protocols/1959/prot-1959--fk--11.xml#L2255	101	2	71	tion vara med övervägande ja besvarad.		tion vara med övervägande ja besvarad.	0
data/1959/prot-1959--fk--011.xml	22	https://betalab.kb.se/prot-1959--fk--11/prot_1959__fk__11-022.jp2/_view	https://github.com/welfare-state-analytics/riksdagen-corpus/blob/main/corpus/protocols/1959/prot-1959--fk--11.xml#L2255	101	2	96	befunnos vid omröstningens slut röster-		befunnos vid omröstningens slut röstern	1
data/1959/prot-1959--fk--011.xml	22	https://betalab.kb.se/prot-1959--fk--11/prot_1959__fk__11-022.jp2/_view	https://github.com/welfare-state-analytics/riksdagen-corpus/blob/main/corpus/protocols/1959/prot-1959--fk--11.xml#L2255	101	2	101	vit, att han avstode från att rösta 		vit, att han avstode från att rösta	0
data/1959/prot-1959--fk--016.xml	207	https://betalab.kb.se/prot-1959--fk--16/prot_1959__fk__16-208.jp2/_view	https://github.com/welfare-state-analytics/riksdagen-corpus/blob/main/corpus/protocols/1959/prot-1959--fk--16.xml#L20870	107	2	28	miljoner kronor kommer att användas.		miljoner kronor kommer att användas.	0
data/1959/prot-1959--fk--016.xml	207	https://betalab.kb.se/prot-1959--fk--16/prot_1959__fk__16-208.jp2/_view	https://github.com/welfare-state-analytics/riksdagen-corpus/blob/main/corpus/protocols/1959/prot-1959--fk--16.xml#L20870	107	2	53	vi hade ett finansinstitut här i Sverige,		vi hade ett finansinstitut här i sverige,	0
data/1959/prot-1959--fk--016.xml	207	https://betalab.kb.se/prot-1959--fk--16/prot_1959__fk__16-208.jp2/_view	https://github.com/welfare-state-analytics/riksdagen-corpus/blob/main/corpus/protocols/1959/prot-1959--fk--16.xml#L20870	107	2	59	riktigt bra, ty den råkade ut för ett		riktigt bra, ty den råkade ut för ctt	1
data/1959/prot-1959--fk--016.xml	207	https://betalab.kb.se/prot-1959--fk--16/prot_1959__fk__16-208.jp2/_view	https://github.com/welfare-state-analytics/riksdagen-corpus/blob/main/corpus/protocols/1959/prot-1959--fk--16.xml#L20870	107	2	65	men vi vet ingenting. Under sådana		men vi vet ingenting. under sådana	0
data/1959/prot-1959--fk--016.xml	207	https://betalab.kb.se/prot-1959--fk--16/prot_1959__fk__16-208.jp2/_view	https://github.com/welfare-state-analytics/riksdagen-corpus/blob/main/corpus/protocols/1959/prot-1959--fk--16.xml#L20870	107	2	88	517 miljoner kronor. Det är inte risk		å 517 miljoner kronor. det är en risk	5
data/1959/prot-1959--fk--016.xml	207	https://betalab.kb.se/prot-1959--fk--16/prot_1959__fk__16-208.jp2/_view	https://github.com/welfare-state-analytics/riksdagen-corpus/blob/main/corpus/protocols/1959/prot-1959--fk--16.xml#L20870	107	2	92	kan bedöma vårt eget läge, är det då		kan bedöma vårt eget läge, är det då	0
data/1960/prot-1960--ak--014.xml	5	https://betalab.kb.se/prot-1960--ak--14/prot_1960__ak__14-005.jp2/_view	https://github.com/welfare-state-analytics/riksdagen-corpus/blob/main/corpus/protocols/1960/prot-1960--ak--14.xml#L507	103	2	13	råd med den lokala fackorganisationen,		råd med den lokala fackorganisationen,	0
data/1960/prot-1960--ak--014.xml	5	https://betalab.kb.se/prot-1960--ak--14/prot_1960__ak__14-005.jp2/_view	https://github.com/welfare-state-analytics/riksdagen-corpus/blob/main/corpus/protocols/1960/prot-1960--ak--14.xml#L507	103	2	47	kunde få samförstånd mellan företags-		kunde få samförstånd mellan företagsl	1
data/1960/prot-1960--ak--014.xml	5	https://betalab.kb.se/prot-1960--ak--14/prot_1960__ak__14-005.jp2/_view	https://github.com/welfare-state-analytics/riksdagen-corpus/blob/main/corpus/protocols/1960/prot-1960--ak--14.xml#L507	103	2	50	medling vid återanställning efter drift-		medling vid återanställning efter drifti	1
data/1960/prot-1960--ak--014.xml	5	https://betalab.kb.se/prot-1960--ak--14/prot_1960__ak__14-005.jp2/_view	https://github.com/welfare-state-analytics/riksdagen-corpus/blob/main/corpus/protocols/1960/prot-1960--ak--14.xml#L507	103	2	55	socialministern för svaret på min inter-		socialministern för svaret på min interp	1
data/1960/prot-1960--ak--014.xml	5	https://betalab.kb.se/prot-1960--ak--14/prot_1960__ak__14-005.jp2/_view	https://github.com/welfare-state-analytics/riksdagen-corpus/blob/main/corpus/protocols/1960/prot-1960--ak--14.xml#L507	103	2	71	att få kvarstå i ett arbete, som ger dem		att få kvarstå i ett arbete, som ger dem	0
data/1960/prot-1960--ak--014.xml	5	https://betalab.kb.se/prot-1960--ak--14/prot_1960__ak__14-005.jp2/_view	https://github.com/welfare-state-analytics/riksdagen-corpus/blob/main/corpus/protocols/1960/prot-1960--ak--14.xml#L507	103	2	102	på socialministerns beskrivning I detta		på socialministerns beskrivning i detta	0
data/1960/prot-1960--fk--012.xml	56	https://betalab.kb.se/prot-1960--fk--12/prot_1960__fk__12-056.jp2/_view	https://github.com/welfare-state-analytics/riksdagen-corpus/blob/main/corpus/protocols/1960/prot-1960--fk--12.xml#L5693	102	2	11	nagivit, att de avstode från att rösta.		nagivit, att de avstode från att rösta.	0
data/1960/prot-1960--fk--012.xml	56	https://betalab.kb.se/prot-1960--fk--12/prot_1960__fk__12-056.jp2/_view	https://github.com/welfare-state-analytics/riksdagen-corpus/blob/main/corpus/protocols/1960/prot-1960--fk--12.xml#L5693	102	2	23	Herr Jacobsson begärde votering, i		herr jacobsson begärde votering, i	0
data/1960/prot-1960--fk--012.xml	56	https://betalab.kb.se/prot-1960--fk--12/prot_1960__fk__12-056.jp2/_view	https://github.com/welfare-state-analytics/riksdagen-corpus/blob/main/corpus/protocols/1960/prot-1960--fk--12.xml#L5693	102	2	24	svarad.		ja;	6
data/1960/prot-1960--fk--012.xml	56	https://betalab.kb.se/prot-1960--fk--12/prot_1960__fk__12-056.jp2/_view	https://github.com/welfare-state-analytics/riksdagen-corpus/blob/main/corpus/protocols/1960/prot-1960--fk--12.xml#L5693	102	2	35	Vinner Nej, antages det förslag, som		vinner nej, antages det förslag, som	0
data/1960/prot-1960--fk--012.xml	56	https://betalab.kb.se/prot-1960--fk--12/prot_1960__fk__12-056.jp2/_view	https://github.com/welfare-state-analytics/riksdagen-corpus/blob/main/corpus/protocols/1960/prot-1960--fk--12.xml#L5693	102	2	64	Sedermera gjorde herr talmannen pro-		sedermera gjorde herr talmannen prop	1
data/1960/prot-1960--fk--012.xml	56	https://betalab.kb.se/prot-1960--fk--12/prot_1960__fk__12-056.jp2/_view	https://github.com/welfare-state-analytics/riksdagen-corpus/blob/main/corpus/protocols/1960/prot-1960--fk--12.xml#L5693	102	2	89	mannen förklarade, att enligt hans upp-		mannen förklarade, att enligt hans uppf	1
data/1961/prot-1961--ak--009.xml	19	https://betalab.kb.se/prot-1961--ak--9/prot_1961__ak__9-019.jp2/_view	https://github.com/welfare-state-analytics/riksdagen-corpus/blob/main/corpus/protocols/1961/prot-1961--ak--9.xml#L1991	97	2	25	Sundbyberg till Östgöta luftvärnsrege-		sundbyberg till östgöta luftvärnsregem	1
data/1961/prot-1961--ak--009.xml	19	https://betalab.kb.se/prot-1961--ak--9/prot_1961__ak__9-019.jp2/_view	https://github.com/welfare-state-analytics/riksdagen-corpus/blob/main/corpus/protocols/1961/prot-1961--ak--9.xml#L1991	97	2	43	jande. Vidare avser jag att uppdraga åt		jande, vidare avser jag att uppdraga åt	1
data/1961/prot-1961--ak--009.xml	19	https://betalab.kb.se/prot-1961--ak--9/prot_1961__ak__9-019.jp2/_view	https://github.com/welfare-state-analytics/riksdagen-corpus/blob/main/corpus/protocols/1961/prot-1961--ak--9.xml#L1991	97	2	63	också min förhoppning att det förslag		också min förhoppning att det förslag	0
data/1961/prot-1961--ak--009.xml	19	https://betalab.kb.se/prot-1961--ak--9/prot_1961__ak__9-019.jp2/_view	https://github.com/welfare-state-analytics/riksdagen-corpus/blob/main/corpus/protocols/1961/prot-1961--ak--9.xml#L1991	97	2	79	och Sollentuna, som nu har stora obe-		och sollentuna, som nu har stora obeh	1
data/1961/prot-1961--ak--009.xml	19	https://betalab.kb.se/prot-1961--ak--9/prot_1961__ak__9-019.jp2/_view	https://github.com/welfare-state-analytics/riksdagen-corpus/blob/main/corpus/protocols/1961/prot-1961--ak--9.xml#L1991	97	2	81	hag av flygningarna. en sådan omlägg-		hag av flygningarna. en sådan omläggn	1
data/1961/prot-1961--ak--009.xml	19	https://betalab.kb.se/prot-1961--ak--9/prot_1961__ak__9-019.jp2/_view	https://github.com/welfare-state-analytics/riksdagen-corpus/blob/main/corpus/protocols/1961/prot-1961--ak--9.xml#L1991	97	2	86	försvarsministern i interpellationssva-		försvarsministern i interpellationssvar	1
data/1961/prot-1961--fk--021.xml	33	https://betalab.kb.se/prot-1961--fk--21/prot_1961__fk__21-033.jp2/_view	https://github.com/welfare-state-analytics/riksdagen-corpus/blob/main/corpus/protocols/1961/prot-1961--fk--21.xml#L3341	105	2	20	för en del av deras försörjning på ålder-		för en del av deras försörjning på ålderd	1
data/1961/prot-1961--fk--021.xml	33	https://betalab.kb.se/prot-1961--fk--21/prot_1961__fk__21-033.jp2/_view	https://github.com/welfare-state-analytics/riksdagen-corpus/blob/main/corpus/protocols/1961/prot-1961--fk--21.xml#L3341	105	2	30	II: 740 granskas och yrkas avslag på den		ii: 740 granskas och yrkas avslag på den	0
data/1961/prot-1961--fk--021.xml	33	https://betalab.kb.se/prot-1961--fk--21/prot_1961__fk__21-033.jp2/_view	https://github.com/welfare-state-analytics/riksdagen-corpus/blob/main/corpus/protocols/1961/prot-1961--fk--21.xml#L3341	105	2	33	veckling av de privata socialförsäkrings-		veckling av de privata socialförsäkringsb	1
data/1961/prot-1961--fk--021.xml	33	https://betalab.kb.se/prot-1961--fk--21/prot_1961__fk__21-033.jp2/_view	https://github.com/welfare-state-analytics/riksdagen-corpus/blob/main/corpus/protocols/1961/prot-1961--fk--21.xml#L3341	105	2	52	den allmänna sjukförsäkringen, uttala-		den allmänna sjukförsäkringen, uttalad	1
data/1961/prot-1961--fk--021.xml	33	https://betalab.kb.se/prot-1961--fk--21/prot_1961__fk__21-033.jp2/_view	https://github.com/welfare-state-analytics/riksdagen-corpus/blob/main/corpus/protocols/1961/prot-1961--fk--21.xml#L3341	105	2	67	att kräva beslut om en avveckling av so-		att kräva beslut om en avveckling av soc	1
data/1961/prot-1961--fk--021.xml	33	https://betalab.kb.se/prot-1961--fk--21/prot_1961__fk__21-033.jp2/_view	https://github.com/welfare-state-analytics/riksdagen-corpus/blob/main/corpus/protocols/1961/prot-1961--fk--21.xml#L3341	105	2	74	Vad som är mera egendomligt är att		vad som är mera egendomligt är att	0
data/1961/prot-1961--ak--028.xml	6	https://betalab.kb.se/prot-1961-höst-ak--28/prot_1961_höst_ak__28-006.jp2/_view	https://github.com/welfare-state-analytics/riksdagen-corpus/blob/main/corpus/protocols/1961/prot-1961-höst-ak--28.xml#L598	98	2	24	och stängfång minst 1,000 Tunnland		och stängfång minst 1,000 tunnland	0
data/1961/prot-1961--ak--028.xml	6	https://betalab.kb.se/prot-1961-höst-ak--28/prot_1961_höst_ak__28-006.jp2/_view	https://github.com/welfare-state-analytics/riksdagen-corpus/blob/main/corpus/protocols/1961/prot-1961-höst-ak--28.xml#L598	98	2	27	skogar och att då ändamålet helt och		skogar och att då ändamålet helt och	0
data/1961/prot-1961--ak--028.xml	6	https://betalab.kb.se/prot-1961-höst-ak--28/prot_1961_höst_ak__28-006.jp2/_view	https://github.com/welfare-state-analytics/riksdagen-corpus/blob/main/corpus/protocols/1961/prot-1961-höst-ak--28.xml#L598	98	2	37	bestämdes att utgå efter de grunder		bestämdes att utgå efter de grunder	0
data/1961/prot-1961--ak--028.xml	6	https://betalab.kb.se/prot-1961-höst-ak--28/prot_1961_höst_ak__28-006.jp2/_view	https://github.com/welfare-state-analytics/riksdagen-corpus/blob/main/corpus/protocols/1961/prot-1961-höst-ak--28.xml#L598	98	2	38	som finnas bestämda i Kongl. Maj:ts		som finnas bestämda i kongl. maj:ts	0
data/1961/prot-1961--ak--028.xml	6	https://betalab.kb.se/prot-1961-höst-ak--28/prot_1961_höst_ak__28-006.jp2/_view	https://github.com/welfare-state-analytics/riksdagen-corpus/blob/main/corpus/protocols/1961/prot-1961-höst-ak--28.xml#L598	98	2	43	len i Länet fått anvädas utan att an-		len i länet fått användas utan att an	2
data/1961/prot-1961--ak--028.xml	6	https://betalab.kb.se/prot-1961-höst-ak--28/prot_1961_höst_ak__28-006.jp2/_view	https://github.com/welfare-state-analytics/riksdagen-corpus/blob/main/corpus/protocols/1961/prot-1961-höst-ak--28.xml#L598	98	2	87	rinnande vattens begagnande allmänna		rinnande vattens begagnande allmänna	0
data/1962/prot-1962--ak--003.xml	106	https://betalab.kb.se/prot-1962--ak--3/prot_1962__ak__3-106.jp2/_view	https://github.com/welfare-state-analytics/riksdagen-corpus/blob/main/corpus/protocols/1962/prot-1962--ak--3.xml#L9634	101	2	2	Vid remiss av statsverkspropositionen m. m.		vid remiss av statsverkspropositionen m. m.	0
data/1962/prot-1962--ak--003.xml	106	https://betalab.kb.se/prot-1962--ak--3/prot_1962__ak__3-106.jp2/_view	https://github.com/welfare-state-analytics/riksdagen-corpus/blob/main/corpus/protocols/1962/prot-1962--ak--3.xml#L9634	101	2	11	skal ge honom rätt när han i denna		skall ge honom rätt när han i denn	2
data/1962/prot-1962--ak--003.xml	106	https://betalab.kb.se/prot-1962--ak--3/prot_1962__ak__3-106.jp2/_view	https://github.com/welfare-state-analytics/riksdagen-corpus/blob/main/corpus/protocols/1962/prot-1962--ak--3.xml#L9634	101	2	14	vi skall gå in i tullunionen med Rom-		vi skall gå in i tullunionen med romt	1
data/1962/prot-1962--ak--003.xml	106	https://betalab.kb.se/prot-1962--ak--3/prot_1962__ak__3-106.jp2/_view	https://github.com/welfare-state-analytics/riksdagen-corpus/blob/main/corpus/protocols/1962/prot-1962--ak--3.xml#L9634	101	2	19	ke på att Sverige skulle kunna pres-		ke på att sverige skulle kunna press	1
data/1962/prot-1962--ak--003.xml	106	https://betalab.kb.se/prot-1962--ak--3/prot_1962__ak__3-106.jp2/_view	https://github.com/welfare-state-analytics/riksdagen-corpus/blob/main/corpus/protocols/1962/prot-1962--ak--3.xml#L9634	101	2	62	att det sätt på vilket han debaterrar		att det sätt på vilket han debatterar	2
data/1962/prot-1962--ak--003.xml	106	https://betalab.kb.se/prot-1962--ak--3/prot_1962__ak__3-106.jp2/_view	https://github.com/welfare-state-analytics/riksdagen-corpus/blob/main/corpus/protocols/1962/prot-1962--ak--3.xml#L9634	101	2	82	peka att ja aldrig har uttryckt mig så		peka att jag aldrig har uttryckt mig s	2
data/1962/prot-1962--fk--034.xml	33	https://betalab.kb.se/prot-1962-höst-fk--34/prot_1962_höst_fk__34-033.jp2/_view	https://github.com/welfare-state-analytics/riksdagen-corpus/blob/main/corpus/protocols/1962/prot-1962-höst-fk--34.xml#L3380	108	2	40	Man kan väl också säga som bevill-		man kan väl också säga som bevilln	1
data/1962/prot-1962--fk--034.xml	33	https://betalab.kb.se/prot-1962-höst-fk--34/prot_1962_höst_fk__34-033.jp2/_view	https://github.com/welfare-state-analytics/riksdagen-corpus/blob/main/corpus/protocols/1962/prot-1962-höst-fk--34.xml#L3380	108	2	108	omräknats till jämförbara belopp vad		omräknats till jämförbara belopp vad	0
data/1962/prot-1962--fk--034.xml	33	https://betalab.kb.se/prot-1962-h√∂st-fk--34/prot_1962_h√∂st_fk__34-033.jp2/_view	https://github.com/welfare-state-analytics/riksdagen-corpus/blob/main/corpus/protocols/1962/prot-1962-h√∂st-fk--34.xml#L3380	108	2	11	kens avskaffande. Detta är i och för sig		kens avskaffande. detta är i och för sig	0
data/1962/prot-1962--fk--034.xml	33	https://betalab.kb.se/prot-1962-h√∂st-fk--34/prot_1962_h√∂st_fk__34-033.jp2/_view	https://github.com/welfare-state-analytics/riksdagen-corpus/blob/main/corpus/protocols/1962/prot-1962-h√∂st-fk--34.xml#L3380	108	2	12	glädjande och positivt, men det finns		glädjande och positivt, men det finns	0
data/1962/prot-1962--fk--034.xml	33	https://betalab.kb.se/prot-1962-h√∂st-fk--34/prot_1962_h√∂st_fk__34-033.jp2/_view	https://github.com/welfare-state-analytics/riksdagen-corpus/blob/main/corpus/protocols/1962/prot-1962-h√∂st-fk--34.xml#L3380	108	2	105	ningsinstitut om dryckeskonsumtionen.		ningsinstitut om dryckeskonsumtionen.	0
data/1962/prot-1962--fk--034.xml	33	https://betalab.kb.se/prot-1962-höst-fk--34/prot_1962_höst_fk__34-033.jp2/_view	https://github.com/welfare-state-analytics/riksdagen-corpus/blob/main/corpus/protocols/1962/prot-1962-h√∂st-fk--34.xml#L3380	108	2	106	Där införes ett begrepp, den s.k. berus-		där införes ett begrepp, den s. k. berus	2
data/1964/prot-1964--ak--012.xml	25	https://betalab.kb.se/prot-1964--ak--12/prot_1964__ak__12-025.jp2/_view	https://github.com/welfare-state-analytics/riksdagen-corpus/blob/main/corpus/protocols/1964/prot-1964--ak--12.xml#L2405	100	2	2	Svar på interpellation ang. farorna vid användning av kemiska växtskyddsmedel		svar på interpellation ang. farorna vid användning av kemiska växtskyddsmedel	0
data/1964/prot-1964--ak--012.xml	25	https://betalab.kb.se/prot-1964--ak--12/prot_1964__ak__12-025.jp2/_view	https://github.com/welfare-state-analytics/riksdagen-corpus/blob/main/corpus/protocols/1964/prot-1964--ak--12.xml#L2405	100	2	18	jordburksministern här lämnade som		jordbruksministern här lämnade som	2
data/1964/prot-1964--ak--012.xml	25	https://betalab.kb.se/prot-1964--ak--12/prot_1964__ak__12-025.jp2/_view	https://github.com/welfare-state-analytics/riksdagen-corpus/blob/main/corpus/protocols/1964/prot-1964--ak--12.xml#L2405	100	2	51	med det största ansvar. Men har är kan-		med det största ansvar. men han är kan-	1
data/1964/prot-1964--ak--012.xml	25	https://betalab.kb.se/prot-1964--ak--12/prot_1964__ak__12-025.jp2/_view	https://github.com/welfare-state-analytics/riksdagen-corpus/blob/main/corpus/protocols/1964/prot-1964--ak--12.xml#L2405	100	2	56	Nilsson säger att man inte får skapa		nilsson säger att man inte får skapa	0
data/1964/prot-1964--ak--012.xml	25	https://betalab.kb.se/prot-1964--ak--12/prot_1964__ak__12-025.jp2/_view	https://github.com/welfare-state-analytics/riksdagen-corpus/blob/main/corpus/protocols/1964/prot-1964--ak--12.xml#L2405	100	2	59	som påpekats och som föranlett rege-		som påpekats och som föranlett reger	1
data/1964/prot-1964--ak--012.xml	25	https://betalab.kb.se/prot-1964--ak--12/prot_1964__ak__12-025.jp2/_view	https://github.com/welfare-state-analytics/riksdagen-corpus/blob/main/corpus/protocols/1964/prot-1964--ak--12.xml#L2405	100	2	74	ka bekämpningsmedel till vårt förfo-		ka bekämpningsmedel till vårt förfog	1
data/1964/prot-1964--fk--017.xml	66	https://betalab.kb.se/prot-1964--fk--17/prot_1964__fk__17-067.jp2/_view	https://github.com/welfare-state-analytics/riksdagen-corpus/blob/main/corpus/protocols/1964/prot-1964--fk--17.xml#L6568	103	2	8	särskilda reservationer var för sig angi-		särskilda reservationer var för sig angiv	1
data/1964/prot-1964--fk--017.xml	66	https://betalab.kb.se/prot-1964--fk--17/prot_1964__fk__17-067.jp2/_view	https://github.com/welfare-state-analytics/riksdagen-corpus/blob/main/corpus/protocols/1964/prot-1964--fk--17.xml#L6568	103	2	15	alltså att bostadslånens övre gräns skall		alltså att bostadslånens övre gräns skall	0
data/1964/prot-1964--fk--017.xml	66	https://betalab.kb.se/prot-1964--fk--17/prot_1964__fk__17-067.jp2/_view	https://github.com/welfare-state-analytics/riksdagen-corpus/blob/main/corpus/protocols/1964/prot-1964--fk--17.xml#L6568	103	2	26	den 1 juli 1964. Detta skulle betyda att		den 1 juli 1964. detta skulle betyda att	0
data/1964/prot-1964--fk--017.xml	66	https://betalab.kb.se/prot-1964--fk--17/prot_1964__fk__17-067.jp2/_view	https://github.com/welfare-state-analytics/riksdagen-corpus/blob/main/corpus/protocols/1964/prot-1964--fk--17.xml#L6568	103	2	34	lånets löptid. Denna reservation är ge-		lånets löptid. denna reservation är gem	1
data/1964/prot-1964--fk--017.xml	66	https://betalab.kb.se/prot-1964--fk--17/prot_1964__fk__17-067.jp2/_view	https://github.com/welfare-state-analytics/riksdagen-corpus/blob/main/corpus/protocols/1964/prot-1964--fk--17.xml#L6568	103	2	50	utgjort någon återhållande faktor på		utgjort någon återhållande faktor på	0
data/1964/prot-1964--fk--017.xml	66	https://betalab.kb.se/prot-1964--fk--17/prot_1964__fk__17-067.jp2/_view	https://github.com/welfare-state-analytics/riksdagen-corpus/blob/main/corpus/protocols/1964/prot-1964--fk--17.xml#L6568	103	2	82	damöter. Vi föreslog en successiv av-		damöter. vi föreslog en successiv avv	1
data/1964/prot-1964--fk--018.xml	0	https://betalab.kb.se/prot-1964--fk--18/prot_1964__fk__18-000.jp2/_view	https://github.com/welfare-state-analytics/riksdagen-corpus/blob/main/corpus/protocols/1964/prot-1964--fk--18.xml#L68	34	1	2	Nr 18 FÖRSTA KAMMAREN 1964		nr 18 första kammaren 1964	0
data/1964/prot-1964--fk--018.xml	0	https://betalab.kb.se/prot-1964--fk--18/prot_1964__fk__18-000.jp2/_view	https://github.com/welfare-state-analytics/riksdagen-corpus/blob/main/corpus/protocols/1964/prot-1964--fk--18.xml#L68	34	1	5	Fredagen den 17 april                  sid.		fredagen den 17 april sid.	0
data/1964/prot-1964--fk--018.xml	0	https://betalab.kb.se/prot-1964--fk--18/prot_1964__fk__18-000.jp2/_view	https://github.com/welfare-state-analytics/riksdagen-corpus/blob/main/corpus/protocols/1964/prot-1964--fk--18.xml#L68	34	1	31	av herr Sveningsson ang. lagligheten av roulettspel.......... 29		av herr sveningsson ang. lagligheten av roulettspel .........- 2	3
data/1965/prot-1965--fk--033.xml	81	https://betalab.kb.se/prot-1965-höst-fk--33/prot_1965_höst_fk__33-082.jp2/_view	https://github.com/welfare-state-analytics/riksdagen-corpus/blob/main/corpus/protocols/1965/prot-1965-höst-fk--33.xml#L7420	104	2	35	mest på tro, och i detta avseende är		mest på tro, och i detta avseende är	0
data/1965/prot-1965--fk--033.xml	81	https://betalab.kb.se/prot-1965-höst-fk--33/prot_1965_höst_fk__33-082.jp2/_view	https://github.com/welfare-state-analytics/riksdagen-corpus/blob/main/corpus/protocols/1965/prot-1965-höst-fk--33.xml#L7420	104	2	37	Prispolitiken är emellertid inte det		prispolitiken är emellertid inte det	0
data/1965/prot-1965--fk--033.xml	81	https://betalab.kb.se/prot-1965-höst-fk--33/prot_1965_höst_fk__33-082.jp2/_view	https://github.com/welfare-state-analytics/riksdagen-corpus/blob/main/corpus/protocols/1965/prot-1965-höst-fk--33.xml#L7420	104	2	38	viktigaste. Den kan inte vara det vikti-		viktigaste. den kan inte vara det viktig	1
data/1965/prot-1965--fk--033.xml	81	https://betalab.kb.se/prot-1965-höst-fk--33/prot_1965_höst_fk__33-082.jp2/_view	https://github.com/welfare-state-analytics/riksdagen-corpus/blob/main/corpus/protocols/1965/prot-1965-höst-fk--33.xml#L7420	104	2	76	och hur spriten når missbrukarna. Som		och hur spriten når missbrukarna. som	0
data/1965/prot-1965--fk--033.xml	81	https://betalab.kb.se/prot-1965-h√∂st-fk--33/prot_1965_h√∂st_fk__33-082.jp2/_view	https://github.com/welfare-state-analytics/riksdagen-corpus/blob/main/corpus/protocols/1965/prot-1965-h√∂st-fk--33.xml#L7420	104	2	6	bruksföljderna nådde under åren när-		bruksföljderna nådde under åren närm	1
data/1965/prot-1965--fk--033.xml	81	https://betalab.kb.se/prot-1965-h√∂st-fk--33/prot_1965_h√∂st_fk__33-082.jp2/_view	https://github.com/welfare-state-analytics/riksdagen-corpus/blob/main/corpus/protocols/1965/prot-1965-h√∂st-fk--33.xml#L7420	104	2	13	helt finansministerns uppfattning att		helt finansministerns uppfattning att	0
data/1966/prot-1966--ak--025.xml	106	https://betalab.kb.se/prot-1966--ak--25/prot_1966__ak__25-106.jp2/_view	https://github.com/welfare-state-analytics/riksdagen-corpus/blob/main/corpus/protocols/1966/prot-1966--ak--25.xml#L10552	102	2	10	veckling — jag ställer mig garna efter		veckling - jag ställer mig gärna efter	1
data/1966/prot-1966--ak--025.xml	106	https://betalab.kb.se/prot-1966--ak--25/prot_1966__ak__25-106.jp2/_view	https://github.com/welfare-state-analytics/riksdagen-corpus/blob/main/corpus/protocols/1966/prot-1966--ak--25.xml#L10552	102	2	31	bildningsprogram. Man kan formulera		bildningsprogram. man kan formulera	0
data/1966/prot-1966--ak--025.xml	106	https://betalab.kb.se/prot-1966--ak--25/prot_1966__ak__25-106.jp2/_view	https://github.com/welfare-state-analytics/riksdagen-corpus/blob/main/corpus/protocols/1966/prot-1966--ak--25.xml#L10552	102	2	46	Jag kan emellertid inte låta bli att		jag kan emellertid inte låta bli att	0
data/1966/prot-1966--ak--025.xml	106	https://betalab.kb.se/prot-1966--ak--25/prot_1966__ak__25-106.jp2/_view	https://github.com/welfare-state-analytics/riksdagen-corpus/blob/main/corpus/protocols/1966/prot-1966--ak--25.xml#L10552	102	2	63	Tror han verkligen på allvar med led-		tror han verkligen på allvar med ledn	1
data/1966/prot-1966--ak--025.xml	106	https://betalab.kb.se/prot-1966--ak--25/prot_1966__ak__25-106.jp2/_view	https://github.com/welfare-state-analytics/riksdagen-corpus/blob/main/corpus/protocols/1966/prot-1966--ak--25.xml#L10552	102	2	81	i sin inställning till genier och begåv-		i sin inställning till genier och begåvn	1
data/1966/prot-1966--ak--025.xml	106	https://betalab.kb.se/prot-1966--ak--25/prot_1966__ak__25-106.jp2/_view	https://github.com/welfare-state-analytics/riksdagen-corpus/blob/main/corpus/protocols/1966/prot-1966--ak--25.xml#L10552	102	2	88	ring står att läsa i både propositionen		ring står att läsa i både propositionen	0
data/1966/prot-1966--fk--011.xml	67	https://betalab.kb.se/prot-1966--fk--11/prot_1966__fk__11-067.jp2/_view	https://github.com/welfare-state-analytics/riksdagen-corpus/blob/main/corpus/protocols/1966/prot-1966--fk--11.xml#L6436	98	2	10	med suppleanter I fullmäktigeförsam-		med suppleanter i fullmäktigeförsaml	1
data/1966/prot-1966--fk--011.xml	67	https://betalab.kb.se/prot-1966--fk--11/prot_1966__fk__11-067.jp2/_view	https://github.com/welfare-state-analytics/riksdagen-corpus/blob/main/corpus/protocols/1966/prot-1966--fk--11.xml#L6436	98	2	30	att förefinnas i det stenografiska pro-		att förefinnas i det stenografiska prot	1
data/1966/prot-1966--fk--011.xml	67	https://betalab.kb.se/prot-1966--fk--11/prot_1966__fk__11-067.jp2/_view	https://github.com/welfare-state-analytics/riksdagen-corpus/blob/main/corpus/protocols/1966/prot-1966--fk--11.xml#L6436	98	2	38	ty det hör inte alls till hans speciella		ty det hör inte alls till hans speciella	0
data/1966/prot-1966--fk--011.xml	67	https://betalab.kb.se/prot-1966--fk--11/prot_1966__fk__11-067.jp2/_view	https://github.com/welfare-state-analytics/riksdagen-corpus/blob/main/corpus/protocols/1966/prot-1966--fk--11.xml#L6436	98	2	55	bara får uppgiften att hålla den varm.		bara får uppgiften att hålla den varm.	0
data/1966/prot-1966--fk--011.xml	67	https://betalab.kb.se/prot-1966--fk--11/prot_1966__fk__11-067.jp2/_view	https://github.com/welfare-state-analytics/riksdagen-corpus/blob/main/corpus/protocols/1966/prot-1966--fk--11.xml#L6436	98	2	61	mest olikartade områden önskar pres-		mest olikartade områden önskar prest	1
data/1966/prot-1966--fk--011.xml	67	https://betalab.kb.se/prot-1966--fk--11/prot_1966__fk__11-067.jp2/_view	https://github.com/welfare-state-analytics/riksdagen-corpus/blob/main/corpus/protocols/1966/prot-1966--fk--11.xml#L6436	98	2	80	se hur det blir i praktiken. Jag är		se hur det blir i praktiken. jag är	0
data/1966/prot-1966--fk--024.xml	91	https://betalab.kb.se/prot-1966--fk--24/prot_1966__fk__24-091.jp2/_view	https://github.com/welfare-state-analytics/riksdagen-corpus/blob/main/corpus/protocols/1966/prot-1966--fk--24.xml#L8936	101	2	20	för bedömandena har varit att man		för bedömandena har varit att man	0
data/1966/prot-1966--fk--024.xml	91	https://betalab.kb.se/prot-1966--fk--24/prot_1966__fk__24-091.jp2/_view	https://github.com/welfare-state-analytics/riksdagen-corpus/blob/main/corpus/protocols/1966/prot-1966--fk--24.xml#L8936	101	2	36	ordnan och att lokaliseringspolitiken		ordnad och att lokaliseringspolitiken	1
data/1966/prot-1966--fk--024.xml	91	https://betalab.kb.se/prot-1966--fk--24/prot_1966__fk__24-091.jp2/_view	https://github.com/welfare-state-analytics/riksdagen-corpus/blob/main/corpus/protocols/1966/prot-1966--fk--24.xml#L8936	101	2	43	fö de regioner som inte längre orkar 		för de regioner som inte längre orka	2
data/1966/prot-1966--fk--024.xml	91	https://betalab.kb.se/prot-1966--fk--24/prot_1966__fk__24-091.jp2/_view	https://github.com/welfare-state-analytics/riksdagen-corpus/blob/main/corpus/protocols/1966/prot-1966--fk--24.xml#L8936	101	2	84	ma balans mellan sysselsättningsmöjlig-		ma balans mellan sysselsättningsmöjligh	1
data/1966/prot-1966--fk--024.xml	91	https://betalab.kb.se/prot-1966--fk--24/prot_1966__fk__24-091.jp2/_view	https://github.com/welfare-state-analytics/riksdagen-corpus/blob/main/corpus/protocols/1966/prot-1966--fk--24.xml#L8936	101	2	90	stora arbetslöshetsköernas problem, än		stora arbetslöshetsköernas problem, än	0
data/1966/prot-1966--fk--024.xml	91	https://betalab.kb.se/prot-1966--fk--24/prot_1966__fk__24-091.jp2/_view	https://github.com/welfare-state-analytics/riksdagen-corpus/blob/main/corpus/protocols/1966/prot-1966--fk--24.xml#L8936	101	2	95	det är också klart att den lokaliserings-		det är också klart att den lokaliseringsp	1
data/1966/prot-1966--ak--037.xml	135	https://betalab.kb.se/prot-1966-höst-ak--37/prot_1966_höst_ak__37-135.jp2/_view	https://github.com/welfare-state-analytics/riksdagen-corpus/blob/main/corpus/protocols/1966/prot-1966-höst-ak--37.xml#L13454	98	2	3	abonnenterna på landsbygden. Härvid-		abonnenterna på landsbygden. härvidl	1
data/1966/prot-1966--ak--037.xml	135	https://betalab.kb.se/prot-1966-höst-ak--37/prot_1966_höst_ak__37-135.jp2/_view	https://github.com/welfare-state-analytics/riksdagen-corpus/blob/main/corpus/protocols/1966/prot-1966-höst-ak--37.xml#L13454	98	2	12	inflytande telefonavgifter totalt sett skall		inflytande telefonavgifter totalt sett skall	0
data/1966/prot-1966--ak--037.xml	135	https://betalab.kb.se/prot-1966-höst-ak--37/prot_1966_höst_ak__37-135.jp2/_view	https://github.com/welfare-state-analytics/riksdagen-corpus/blob/main/corpus/protocols/1966/prot-1966-höst-ak--37.xml#L13454	98	2	35	nionde minut. Detsamma gäller samtal		nionde minut. detsamma gäller samtal	0
data/1966/prot-1966--fk--029.xml	4	https://betalab.kb.se/prot-1966-höst-fk--29/prot_1966_höst_fk__29-005.jp2/_view	https://github.com/welfare-state-analytics/riksdagen-corpus/blob/main/corpus/protocols/1966/prot-1966-höst-fk--29.xml#L478	27	2	12	Vill statsrådet lämna en redogörelse		vill statsrådet lämna en redogörelse	0
data/1966/prot-1966--fk--029.xml	4	https://betalab.kb.se/prot-1966-höst-fk--29/prot_1966_höst_fk__29-005.jp2/_view	https://github.com/welfare-state-analytics/riksdagen-corpus/blob/main/corpus/protocols/1966/prot-1966-höst-fk--29.xml#L478	27	2	13	för vidtagna och planerade åtgärder för		för vidtagna och planerade åtgärder för	0
data/1966/prot-1966--fk--029.xml	4	https://betalab.kb.se/prot-1966-höst-fk--29/prot_1966_höst_fk__29-005.jp2/_view	https://github.com/welfare-state-analytics/riksdagen-corpus/blob/main/corpus/protocols/1966/prot-1966-höst-fk--29.xml#L478	27	2	14	att stoppa prisstegringarna?		att stoppa prisstegringarna?	0
data/1966/prot-1966--fk--029.xml	4	https://betalab.kb.se/prot-1966-höst-fk--29/prot_1966_höst_fk__29-005.jp2/_view	https://github.com/welfare-state-analytics/riksdagen-corpus/blob/main/corpus/protocols/1966/prot-1966-höst-fk--29.xml#L478	27	2	24	na dag, varefter kammarens samman-		na dag, varefter kammarens sammant	1
data/1966/prot-1966--ak--037.xml	135	https://betalab.kb.se/prot-1966-h√∂st-ak--37/prot_1966_h√∂st_ak__37-135.jp2/_view	https://github.com/welfare-state-analytics/riksdagen-corpus/blob/main/corpus/protocols/1966/prot-1966-h√∂st-ak--37.xml#L13454	98	2	68	att få tacka statsrådet Hermansson för		att få tacka statsrådet hermansson för	0
data/1966/prot-1966--ak--037.xml	135	https://betalab.kb.se/prot-1966-h√∂st-ak--37/prot_1966_h√∂st_ak__37-135.jp2/_view	https://github.com/welfare-state-analytics/riksdagen-corpus/blob/main/corpus/protocols/1966/prot-1966-h√∂st-ak--37.xml#L13454	98	2	87	grund av att automatisk koppling är satt		grund av att automatisk koppling är satt	0
data/1966/prot-1966--ak--037.xml	135	https://betalab.kb.se/prot-1966-h√∂st-ak--37/prot_1966_h√∂st_ak__37-135.jp2/_view	https://github.com/welfare-state-analytics/riksdagen-corpus/blob/main/corpus/protocols/1966/prot-1966-h√∂st-ak--37.xml#L13454	98	2	91	då tekniska fel uppstått på den auto-		då tekniska fel uppstått på den autom	1
data/1966/prot-1966--fk--029.xml	4	https://betalab.kb.se/prot-1966-h√∂st-fk--29/prot_1966_h√∂st_fk__29-005.jp2/_view	https://github.com/welfare-state-analytics/riksdagen-corpus/blob/main/corpus/protocols/1966/prot-1966-h√∂st-fk--29.xml#L478	27	2	2	Om åtgärder mot prisstegringarna		om åtgärder mot prisstegringarna	0
data/1966/prot-1966--fk--029.xml	4	https://betalab.kb.se/prot-1966-h√∂st-fk--29/prot_1966_h√∂st_fk__29-005.jp2/_view	https://github.com/welfare-state-analytics/riksdagen-corpus/blob/main/corpus/protocols/1966/prot-1966-h√∂st-fk--29.xml#L478	27	2	15	Är statsrådet villig ta initiativ till		är statsrådet villig ta initiativ till	0
data/1967/prot-1967--ak--001.xml	4	https://betalab.kb.se/prot-1967--ak--1/prot_1967__ak__1-004.jp2/_view	https://github.com/welfare-state-analytics/riksdagen-corpus/blob/main/corpus/protocols/1967/prot-1967--ak--1.xml#L285	81	2	13	de ord:		nr 1 d	5
data/1967/prot-1967--ak--001.xml	4	https://betalab.kb.se/prot-1967--ak--1/prot_1967__ak__1-004.jp2/_view	https://github.com/welfare-state-analytics/riksdagen-corpus/blob/main/corpus/protocols/1967/prot-1967--ak--1.xml#L285	81	2	16	att hälsa er välkomma till 1967 års riks-		att hälsa er välkomna till 1967 års riksd	2
data/1967/prot-1967--ak--001.xml	4	https://betalab.kb.se/prot-1967--ak--1/prot_1967__ak__1-004.jp2/_view	https://github.com/welfare-state-analytics/riksdagen-corpus/blob/main/corpus/protocols/1967/prot-1967--ak--1.xml#L285	81	2	71	Detta anförande åhördes av kamma-		detta anförande åhördes av kammar	1
data/1967/prot-1967--ak--001.xml	4	https://betalab.kb.se/prot-1967--ak--1/prot_1967__ak__1-004.jp2/_view	https://github.com/welfare-state-analytics/riksdagen-corpus/blob/main/corpus/protocols/1967/prot-1967--ak--1.xml#L285	81	2	74	Herr  ordföranden tillkännagav, att		herr ordföranden tillkännagav, att	0
data/1967/prot-1967--ak--001.xml	4	https://betalab.kb.se/prot-1967--ak--1/prot_1967__ak__1-004.jp2/_view	https://github.com/welfare-state-analytics/riksdagen-corpus/blob/main/corpus/protocols/1967/prot-1967--ak--1.xml#L285	81	2	75	han anmodat undertecknade att föra		han anmodat undertecknade att föra	0
data/1967/prot-1967--ak--001.xml	4	https://betalab.kb.se/prot-1967--ak--1/prot_1967__ak__1-004.jp2/_view	https://github.com/welfare-state-analytics/riksdagen-corpus/blob/main/corpus/protocols/1967/prot-1967--ak--1.xml#L285	81	2	78	av honom till erforderligt antal för till-		av honom till erforderligt antal för tillf	1
data/1967/prot-1967--ak--027.xml	110	https://betalab.kb.se/prot-1967--ak--27/prot_1967__ak__27-110.jp2/_view	https://github.com/welfare-state-analytics/riksdagen-corpus/blob/main/corpus/protocols/1967/prot-1967--ak--27.xml#L10657	102	2	9	Jag skall härefter herr talman. göra		jag skall härefter, herr talman, gör	3
data/1967/prot-1967--ak--027.xml	110	https://betalab.kb.se/prot-1967--ak--27/prot_1967__ak__27-110.jp2/_view	https://github.com/welfare-state-analytics/riksdagen-corpus/blob/main/corpus/protocols/1967/prot-1967--ak--27.xml#L10657	102	2	34	bli föremål för ett speciellt intresse. Jag		bli föremål för ett speciellt intresse. jag	0
data/1967/prot-1967--ak--027.xml	110	https://betalab.kb.se/prot-1967--ak--27/prot_1967__ak__27-110.jp2/_view	https://github.com/welfare-state-analytics/riksdagen-corpus/blob/main/corpus/protocols/1967/prot-1967--ak--27.xml#L10657	102	2	58	på historisk mask. Medicinalstyrelsen		på historisk mark. medicinalstyrelsen	1
data/1967/prot-1967--ak--027.xml	110	https://betalab.kb.se/prot-1967--ak--27/prot_1967__ak__27-110.jp2/_view	https://github.com/welfare-state-analytics/riksdagen-corpus/blob/main/corpus/protocols/1967/prot-1967--ak--27.xml#L10657	102	2	66	punkt, men man hade I betänkandet		punkt, men man hade i betänkandet	0
data/1967/prot-1967--ak--027.xml	110	https://betalab.kb.se/prot-1967--ak--27/prot_1967__ak__27-110.jp2/_view	https://github.com/welfare-state-analytics/riksdagen-corpus/blob/main/corpus/protocols/1967/prot-1967--ak--27.xml#L10657	102	2	80	bli så tunga och opraktiska att olägen-		bli så tunga och opraktiska att olägenh	1
data/1967/prot-1967--ak--027.xml	110	https://betalab.kb.se/prot-1967--ak--27/prot_1967__ak__27-110.jp2/_view	https://github.com/welfare-state-analytics/riksdagen-corpus/blob/main/corpus/protocols/1967/prot-1967--ak--27.xml#L10657	102	2	88	Om man då lämnar tanken på ett		om man då lämnar tanken på ett	0
data/1967/prot-1967--ak--031.xml	62	https://betalab.kb.se/prot-1967--ak--31/prot_1967__ak__31-062.jp2/_view	https://github.com/welfare-state-analytics/riksdagen-corpus/blob/main/corpus/protocols/1967/prot-1967--ak--31.xml#L5938	100	2	52	aktualiserats i en motion vid LO:s kon-		aktualiserats i en motion vid lo:s kong	1
data/1967/prot-1967--ak--031.xml	62	https://betalab.kb.se/prot-1967--ak--31/prot_1967__ak__31-062.jp2/_view	https://github.com/welfare-state-analytics/riksdagen-corpus/blob/main/corpus/protocols/1967/prot-1967--ak--31.xml#L5938	100	2	63	hand om de uppgifter inom vuxenut-		hand om de uppgifter inom vuxenutb	1
data/1967/prot-1967--ak--031.xml	62	https://betalab.kb.se/prot-1967--ak--31/prot_1967__ak__31-062.jp2/_view	https://github.com/welfare-state-analytics/riksdagen-corpus/blob/main/corpus/protocols/1967/prot-1967--ak--31.xml#L5938	100	2	65	rar för inom ungdomsutbildningen. Jag		rar för inom ungdomsutbildningen. jag	0
data/1967/prot-1967--ak--031.xml	62	https://betalab.kb.se/prot-1967--ak--31/prot_1967__ak__31-062.jp2/_view	https://github.com/welfare-state-analytics/riksdagen-corpus/blob/main/corpus/protocols/1967/prot-1967--ak--31.xml#L5938	100	2	77	Jag förstår att vårt monotona krav på		jag förstår att vårt monotona krav på	0
data/1967/prot-1967--ak--031.xml	62	https://betalab.kb.se/prot-1967--ak--31/prot_1967__ak__31-062.jp2/_view	https://github.com/welfare-state-analytics/riksdagen-corpus/blob/main/corpus/protocols/1967/prot-1967--ak--31.xml#L5938	100	2	82	har framfört detta krav, kommunister-		har framfört detta krav, kommunistern	1
data/1967/prot-1967--ak--031.xml	62	https://betalab.kb.se/prot-1967--ak--31/prot_1967__ak__31-062.jp2/_view	https://github.com/welfare-state-analytics/riksdagen-corpus/blob/main/corpus/protocols/1967/prot-1967--ak--31.xml#L5938	100	2	89	herr Arvidsons ord utgör skäl för att		herr arvidsons ord utgör skäl för att	0
data/1967/prot-1967--fk--017.xml	30	https://betalab.kb.se/prot-1967--fk--17/prot_1967__fk__17-030.jp2/_view	https://github.com/welfare-state-analytics/riksdagen-corpus/blob/main/corpus/protocols/1967/prot-1967--fk--17.xml#L3108	95	2	11	Vid förnyad föredragning av bevill-		vid förnyad föredragning av bevilln	1
data/1967/prot-1967--fk--017.xml	30	https://betalab.kb.se/prot-1967--fk--17/prot_1967__fk__17-030.jp2/_view	https://github.com/welfare-state-analytics/riksdagen-corpus/blob/main/corpus/protocols/1967/prot-1967--fk--17.xml#L3108	95	2	31	ändring I taxeringsförordningen den 23		ändring i taxeringsförordningen den 23	0
data/1967/prot-1967--fk--017.xml	30	https://betalab.kb.se/prot-1967--fk--17/prot_1967__fk__17-030.jp2/_view	https://github.com/welfare-state-analytics/riksdagen-corpus/blob/main/corpus/protocols/1967/prot-1967--fk--17.xml#L3108	95	2	32	reslagits en förenkling av arbetsgivar-		reslagits en förenkling av arbetsgivarn	1
data/1967/prot-1967--fk--017.xml	30	https://betalab.kb.se/prot-1967--fk--17/prot_1967__fk__17-030.jp2/_view	https://github.com/welfare-state-analytics/riksdagen-corpus/blob/main/corpus/protocols/1967/prot-1967--fk--17.xml#L3108	95	2	75	rättning, som varat mer än en dag,		rättning, som varat mer än en dag,	0
data/1967/prot-1967--fk--017.xml	30	https://betalab.kb.se/prot-1967--fk--17/prot_1967__fk__17-030.jp2/_view	https://github.com/welfare-state-analytics/riksdagen-corpus/blob/main/corpus/protocols/1967/prot-1967--fk--17.xml#L3108	95	2	84	tion nr 31, antaga det vid proposi-		tion nr 31, antaga det vid proposit	1
data/1967/prot-1967--fk--017.xml	30	https://betalab.kb.se/prot-1967--fk--17/prot_1967__fk__17-030.jp2/_view	https://github.com/welfare-state-analytics/riksdagen-corpus/blob/main/corpus/protocols/1967/prot-1967--fk--17.xml#L3108	95	2	86	nen fogade förslaget till förordning om		nen fogade förslaget till förordning om	0
data/1967/prot-1967--fk--035.xml	134	https://betalab.kb.se/prot-1967--fk--35/prot_1967__fk__35-134.jp2/_view	https://github.com/welfare-state-analytics/riksdagen-corpus/blob/main/corpus/protocols/1967/prot-1967--fk--35.xml#L12851	104	2	11	inte beaktat på samma sätt.		inte beaktat på samma sätt.	0
data/1967/prot-1967--fk--035.xml	134	https://betalab.kb.se/prot-1967--fk--35/prot_1967__fk__35-134.jp2/_view	https://github.com/welfare-state-analytics/riksdagen-corpus/blob/main/corpus/protocols/1967/prot-1967--fk--35.xml#L12851	104	2	15	en. Undervisning och forskning, bru-		en. undervisning och forskning, bruk	1
data/1967/prot-1967--fk--035.xml	134	https://betalab.kb.se/prot-1967--fk--35/prot_1967__fk__35-134.jp2/_view	https://github.com/welfare-state-analytics/riksdagen-corpus/blob/main/corpus/protocols/1967/prot-1967--fk--35.xml#L12851	104	2	26	jordbrukare jämsides med annan verk-		jordbrukare jämsides med annan verks	1
data/1967/prot-1967--fk--035.xml	134	https://betalab.kb.se/prot-1967--fk--35/prot_1967__fk__35-134.jp2/_view	https://github.com/welfare-state-analytics/riksdagen-corpus/blob/main/corpus/protocols/1967/prot-1967--fk--35.xml#L12851	104	2	36	run och man har där som på så många		run och man har där som på så många	0
data/1967/prot-1967--fk--035.xml	134	https://betalab.kb.se/prot-1967--fk--35/prot_1967__fk__35-134.jp2/_view	https://github.com/welfare-state-analytics/riksdagen-corpus/blob/main/corpus/protocols/1967/prot-1967--fk--35.xml#L12851	104	2	59	jordbruk eller andra jordbruk. Det kan		jordbruk eller andra jordbruk. det kan	0
data/1967/prot-1967--fk--035.xml	134	https://betalab.kb.se/prot-1967--fk--35/prot_1967__fk__35-134.jp2/_view	https://github.com/welfare-state-analytics/riksdagen-corpus/blob/main/corpus/protocols/1967/prot-1967--fk--35.xml#L12851	104	2	74	semester och ökad social trygghet. Vad		semester och ökad social trygghet. vad	0
data/1967/prot-1967--fk--008.xml	36	https://betalab.kb.se/prot-1967--fk--8/prot_1967__fk__8-036.jp2/_view	https://github.com/welfare-state-analytics/riksdagen-corpus/blob/main/corpus/protocols/1967/prot-1967--fk--8.xml#L3544	101	2	24	brist på arbetskraft för byggenskapen		brist på arbetskraft för byggenskapen	0
data/1967/prot-1967--fk--008.xml	36	https://betalab.kb.se/prot-1967--fk--8/prot_1967__fk__8-036.jp2/_view	https://github.com/welfare-state-analytics/riksdagen-corpus/blob/main/corpus/protocols/1967/prot-1967--fk--8.xml#L3544	101	2	43	av invaliditet i större eller mindre ut-		av invaliditet i större eller mindre uts	1
data/1967/prot-1967--fk--008.xml	36	https://betalab.kb.se/prot-1967--fk--8/prot_1967__fk__8-036.jp2/_view	https://github.com/welfare-state-analytics/riksdagen-corpus/blob/main/corpus/protocols/1967/prot-1967--fk--8.xml#L3544	101	2	47	vande. Motionärerna gör med andra ord		vande. motionärerna gör med andra ord	0
data/1967/prot-1967--fk--008.xml	36	https://betalab.kb.se/prot-1967--fk--8/prot_1967__fk__8-036.jp2/_view	https://github.com/welfare-state-analytics/riksdagen-corpus/blob/main/corpus/protocols/1967/prot-1967--fk--8.xml#L3544	101	2	62	avdrag för nedsatt skatteförmåga vill jag		avdrag för nedsatt skatteförmåga vill jag	0
data/1967/prot-1967--fk--008.xml	36	https://betalab.kb.se/prot-1967--fk--8/prot_1967__fk__8-036.jp2/_view	https://github.com/welfare-state-analytics/riksdagen-corpus/blob/main/corpus/protocols/1967/prot-1967--fk--8.xml#L3544	101	2	65	righeter. Man skall i stället följa den		righeter. man skall i stället följa den	0
data/1967/prot-1967--fk--008.xml	36	https://betalab.kb.se/prot-1967--fk--8/prot_1967__fk__8-036.jp2/_view	https://github.com/welfare-state-analytics/riksdagen-corpus/blob/main/corpus/protocols/1967/prot-1967--fk--8.xml#L3544	101	2	99	handlande. Folkpartiet har alltid under		handlande. folkpartiet har alltid under	0
data/1967/prot-1967--ak--049.xml	110	https://betalab.kb.se/prot-1967-höst-ak--49/prot_1967_höst_ak__49-110.jp2/_view	https://github.com/welfare-state-analytics/riksdagen-corpus/blob/main/corpus/protocols/1967/prot-1967-höst-ak--49.xml#L10440	102	2	23	tendomstolen om man inte gör det men		tendomstolen om man inte gör det men	0
data/1967/prot-1967--ak--049.xml	110	https://betalab.kb.se/prot-1967-höst-ak--49/prot_1967_höst_ak__49-110.jp2/_view	https://github.com/welfare-state-analytics/riksdagen-corpus/blob/main/corpus/protocols/1967/prot-1967-höst-ak--49.xml#L10440	102	2	24	det må vara hänt — kan ju ägaren på		det må vara hänt - kan ju ägaren på	0
data/1967/prot-1967--ak--049.xml	110	https://betalab.kb.se/prot-1967-höst-ak--49/prot_1967_höst_ak__49-110.jp2/_view	https://github.com/welfare-state-analytics/riksdagen-corpus/blob/main/corpus/protocols/1967/prot-1967-höst-ak--49.xml#L10440	102	2	45	och jämförelsen med vad det kostar att		och jämförelsen med vad det kostar att	0
data/1967/prot-1967--ak--049.xml	110	https://betalab.kb.se/prot-1967-höst-ak--49/prot_1967_höst_ak__49-110.jp2/_view	https://github.com/welfare-state-analytics/riksdagen-corpus/blob/main/corpus/protocols/1967/prot-1967-höst-ak--49.xml#L10440	102	2	64	ren och kanske Storsjön i Jämtland får		ren och kanske storsjön i jämtland får	0
data/1967/prot-1967--ak--049.xml	110	https://betalab.kb.se/prot-1967-höst-ak--49/prot_1967_höst_ak__49-110.jp2/_view	https://github.com/welfare-state-analytics/riksdagen-corpus/blob/main/corpus/protocols/1967/prot-1967-höst-ak--49.xml#L10440	102	2	83	gen. Vi kan naturligtvis inte säga hur		gen. vi kan naturligtvis inte säga hur	0
data/1967/prot-1967--ak--049.xml	110	https://betalab.kb.se/prot-1967-h√∂st-ak--49/prot_1967_h√∂st_ak__49-110.jp2/_view	https://github.com/welfare-state-analytics/riksdagen-corpus/blob/main/corpus/protocols/1967/prot-1967-h√∂st-ak--49.xml#L10440	102	2	49	Beträffande Gautomagasinet – alltså		beträffande gautomagasinet - alltså	0
data/1968/prot-1968--ak--014.xml	138	https://betalab.kb.se/prot-1968--ak--14/prot_1968__ak__14-139.jp2/_view	https://github.com/welfare-state-analytics/riksdagen-corpus/blob/main/corpus/protocols/1968/prot-1968--ak--14.xml#L14335	103	2	19	bäcker som finns på de danska biblote-		böcker som finns på de danska bibliote	3
data/1968/prot-1968--ak--014.xml	138	https://betalab.kb.se/prot-1968--ak--14/prot_1968__ak__14-139.jp2/_view	https://github.com/welfare-state-analytics/riksdagen-corpus/blob/main/corpus/protocols/1968/prot-1968--ak--14.xml#L14335	103	2	32	denna lösning. Det kan inte heller vara		denna lösning. det kan inte heller vara	0
data/1968/prot-1968--ak--014.xml	138	https://betalab.kb.se/prot-1968--ak--14/prot_1968__ak__14-139.jp2/_view	https://github.com/welfare-state-analytics/riksdagen-corpus/blob/main/corpus/protocols/1968/prot-1968--ak--14.xml#L14335	103	2	33	denna lösning. Det kan int eheller vara		denna lösning. det kan inte heller vara	2
data/1968/prot-1968--ak--014.xml	138	https://betalab.kb.se/prot-1968--ak--14/prot_1968__ak__14-139.jp2/_view	https://github.com/welfare-state-analytics/riksdagen-corpus/blob/main/corpus/protocols/1968/prot-1968--ak--14.xml#L14335	103	2	76	gör en totalbedömning av de som före-		gör en totalbedömning av det som före	2
data/1968/prot-1968--ak--014.xml	138	https://betalab.kb.se/prot-1968--ak--14/prot_1968__ak__14-139.jp2/_view	https://github.com/welfare-state-analytics/riksdagen-corpus/blob/main/corpus/protocols/1968/prot-1968--ak--14.xml#L14335	103	2	81	dande förstärkning av medlen till ökad		dande förstärkning av medlen till ökad	0
data/1968/prot-1968--ak--014.xml	138	https://betalab.kb.se/prot-1968--ak--14/prot_1968__ak__14-139.jp2/_view	https://github.com/welfare-state-analytics/riksdagen-corpus/blob/main/corpus/protocols/1968/prot-1968--ak--14.xml#L14335	103	2	90	kulturliv. När man då valt att prio-		kulturliv. när man då valt att prior	1
data/1968/prot-1968--ak--026.xml	59	https://betalab.kb.se/prot-1968--ak--26/prot_1968__ak__26-059.jp2/_view	https://github.com/welfare-state-analytics/riksdagen-corpus/blob/main/corpus/protocols/1968/prot-1968--ak--26.xml#L5729	99	2	18	herr Ringaby företrädde hävdade att vi		herr ringaby företrädde hävdade att vi	0
data/1968/prot-1968--ak--026.xml	59	https://betalab.kb.se/prot-1968--ak--26/prot_1968__ak__26-059.jp2/_view	https://github.com/welfare-state-analytics/riksdagen-corpus/blob/main/corpus/protocols/1968/prot-1968--ak--26.xml#L5729	99	2	30	Det var där fonden kom in i bilden.		det var där fonden kom in i bilden.	0
data/1968/prot-1968--ak--026.xml	59	https://betalab.kb.se/prot-1968--ak--26/prot_1968__ak__26-059.jp2/_view	https://github.com/welfare-state-analytics/riksdagen-corpus/blob/main/corpus/protocols/1968/prot-1968--ak--26.xml#L5729	99	2	41	mer att bli så stort i förhållande till		mer att bli så stort i förhållande till	0
data/1968/prot-1968--ak--026.xml	59	https://betalab.kb.se/prot-1968--ak--26/prot_1968__ak__26-059.jp2/_view	https://github.com/welfare-state-analytics/riksdagen-corpus/blob/main/corpus/protocols/1968/prot-1968--ak--26.xml#L5729	99	2	51	ning. Vidare skall pensionsfonden med-		ning. vidare skall pensionsfonden medv	1
data/1968/prot-1968--ak--026.xml	59	https://betalab.kb.se/prot-1968--ak--26/prot_1968__ak__26-059.jp2/_view	https://github.com/welfare-state-analytics/riksdagen-corpus/blob/main/corpus/protocols/1968/prot-1968--ak--26.xml#L5729	99	2	72	Ringaby klargjorde i sin redovisning,		ringaby klargjorde i sin redovisning,	0
data/1968/prot-1968--ak--026.xml	59	https://betalab.kb.se/prot-1968--ak--26/prot_1968__ak__26-059.jp2/_view	https://github.com/welfare-state-analytics/riksdagen-corpus/blob/main/corpus/protocols/1968/prot-1968--ak--26.xml#L5729	99	2	73	räknat fram ett par olika alternativa		räknat fram ett par olika alternativa	0
data/1968/prot-1968--fk--028.xml	30	https://betalab.kb.se/prot-1968--fk--28/prot_1968__fk__28-030.jp2/_view	https://github.com/welfare-state-analytics/riksdagen-corpus/blob/main/corpus/protocols/1968/prot-1968--fk--28.xml#L3006	102	2	11	hindra att en möjlighet att fritt avtala		hindra att en möjlighet att fritt avtala	0
data/1968/prot-1968--fk--028.xml	30	https://betalab.kb.se/prot-1968--fk--28/prot_1968__fk__28-030.jp2/_view	https://github.com/welfare-state-analytics/riksdagen-corpus/blob/main/corpus/protocols/1968/prot-1968--fk--28.xml#L3006	102	2	16	Jag vill faktiskt undersyrka vad herr		jag vill faktiskt understryka vad her	3
data/1968/prot-1968--fk--028.xml	30	https://betalab.kb.se/prot-1968--fk--28/prot_1968__fk__28-030.jp2/_view	https://github.com/welfare-state-analytics/riksdagen-corpus/blob/main/corpus/protocols/1968/prot-1968--fk--28.xml#L3006	102	2	35	ker som kan ligga i detta bortskrivande		ker som kan ligga i detta bortskrivande	0
data/1968/prot-1968--fk--028.xml	30	https://betalab.kb.se/prot-1968--fk--28/prot_1968__fk__28-030.jp2/_view	https://github.com/welfare-state-analytics/riksdagen-corpus/blob/main/corpus/protocols/1968/prot-1968--fk--28.xml#L3006	102	2	47	kanske beredd att göra en större repara-		kanske beredd att göra en större reparat	1
data/1968/prot-1968--fk--028.xml	30	https://betalab.kb.se/prot-1968--fk--28/prot_1968__fk__28-030.jp2/_view	https://github.com/welfare-state-analytics/riksdagen-corpus/blob/main/corpus/protocols/1968/prot-1968--fk--28.xml#L3006	102	2	77	och får säkert även anledning att åter-		och får säkert även anledning att återk	1
data/1968/prot-1968--fk--028.xml	30	https://betalab.kb.se/prot-1968--fk--28/prot_1968__fk__28-030.jp2/_view	https://github.com/welfare-state-analytics/riksdagen-corpus/blob/main/corpus/protocols/1968/prot-1968--fk--28.xml#L3006	102	2	100	höga hyresläget I nyproduktionen som		höga hyresläget i nyproduktionen som	0
data/1968/prot-1968--fk--029.xml	3	https://betalab.kb.se/prot-1968--fk--29/prot_1968__fk__29-003.jp2/_view	https://github.com/welfare-state-analytics/riksdagen-corpus/blob/main/corpus/protocols/1968/prot-1968--fk--29.xml#L286	102	2	30	tionen nr 85 väckta motionerna		tionen nr 85 väckta motionerna	0
data/1968/prot-1968--fk--029.xml	3	https://betalab.kb.se/prot-1968--fk--29/prot_1968__fk__29-003.jp2/_view	https://github.com/welfare-state-analytics/riksdagen-corpus/blob/main/corpus/protocols/1968/prot-1968--fk--29.xml#L286	102	2	47	ter, samt		nr 29 5	7
data/1968/prot-1968--fk--029.xml	3	https://betalab.kb.se/prot-1968--fk--29/prot_1968__fk__29-003.jp2/_view	https://github.com/welfare-state-analytics/riksdagen-corpus/blob/main/corpus/protocols/1968/prot-1968--fk--29.xml#L286	102	2	72	3. lämna motionerna I:434 och II:		3. lämna motionerna i:434 och ii:	0
data/1968/prot-1968--fk--029.xml	3	https://betalab.kb.se/prot-1968--fk--29/prot_1968__fk__29-003.jp2/_view	https://github.com/welfare-state-analytics/riksdagen-corpus/blob/main/corpus/protocols/1968/prot-1968--fk--29.xml#L286	102	2	83	under regleringsåret 1968/69,		under regleringsåret 1968/69,	0
data/1968/prot-1968--fk--029.xml	3	https://betalab.kb.se/prot-1968--fk--29/prot_1968__fk__29-003.jp2/_view	https://github.com/welfare-state-analytics/riksdagen-corpus/blob/main/corpus/protocols/1968/prot-1968--fk--29.xml#L286	102	2	93	band med jordbruksregleringen under		band med jordbruksregleringen under	0
data/1968/prot-1968--fk--029.xml	3	https://betalab.kb.se/prot-1968--fk--29/prot_1968__fk__29-003.jp2/_view	https://github.com/welfare-state-analytics/riksdagen-corpus/blob/main/corpus/protocols/1968/prot-1968--fk--29.xml#L286	102	2	102	inflytande avgiftsmedel.		inflytande avgiftsmedel.	0
data/1969/prot-1969--ak--008.xml	65	https://betalab.kb.se/prot-1969--ak--8/prot_1969__ak__8-065.jp2/_view	https://github.com/welfare-state-analytics/riksdagen-corpus/blob/main/corpus/protocols/1969/prot-1969--ak--8.xml#L6546	101	2	3	Herr talman! Med hänsvisning till vad		herr talman! med hänvisning till vad 	2
data/1969/prot-1969--ak--008.xml	65	https://betalab.kb.se/prot-1969--ak--8/prot_1969__ak__8-065.jp2/_view	https://github.com/welfare-state-analytics/riksdagen-corpus/blob/main/corpus/protocols/1969/prot-1969--ak--8.xml#L6546	101	2	38	mast gällt en omkonstruktion och en		mast gällt en omkonstruktion och en	0
data/1969/prot-1969--ak--008.xml	65	https://betalab.kb.se/prot-1969--ak--8/prot_1969__ak__8-065.jp2/_view	https://github.com/welfare-state-analytics/riksdagen-corpus/blob/main/corpus/protocols/1969/prot-1969--ak--8.xml#L6546	101	2	50	inkomst på 20 000 kronor och betalar		 inkomst på 20000 kronor och betalar	2
data/1969/prot-1969--ak--008.xml	65	https://betalab.kb.se/prot-1969--ak--8/prot_1969__ak__8-065.jp2/_view	https://github.com/welfare-state-analytics/riksdagen-corpus/blob/main/corpus/protocols/1969/prot-1969--ak--8.xml#L6546	101	2	78	tiernas motion. I denna finns ett avsnitt		tiernas motion. i denna finns ett avsnitt	0
data/1969/prot-1969--ak--008.xml	65	https://betalab.kb.se/prot-1969--ak--8/prot_1969__ak__8-065.jp2/_view	https://github.com/welfare-state-analytics/riksdagen-corpus/blob/main/corpus/protocols/1969/prot-1969--ak--8.xml#L6546	101	2	81	skrift av vad man skrev 1968 frånsett		skrift av vad man skrev 1968 frånsett	0
data/1969/prot-1969--ak--008.xml	65	https://betalab.kb.se/prot-1969--ak--8/prot_1969__ak__8-065.jp2/_view	https://github.com/welfare-state-analytics/riksdagen-corpus/blob/main/corpus/protocols/1969/prot-1969--ak--8.xml#L6546	101	2	96	av barnbidragen sades det bl.a. från		av barnbidragen sades det bl.a. från	0
data/1969/prot-1969--fk--016.xml	70	https://betalab.kb.se/prot-1969--fk--16/prot_1969__fk__16-070.jp2/_view	https://github.com/welfare-state-analytics/riksdagen-corpus/blob/main/corpus/protocols/1969/prot-1969--fk--16.xml#L7042	102	2	14	efter den 1 april 1970 och att utred-		efter den 1 april 1970 och att utredn	1
data/1969/prot-1969--fk--016.xml	70	https://betalab.kb.se/prot-1969--fk--16/prot_1969__fk__16-070.jp2/_view	https://github.com/welfare-state-analytics/riksdagen-corpus/blob/main/corpus/protocols/1969/prot-1969--fk--16.xml#L7042	102	2	48	Borttagandet av bruttopriset och		borttagandet av bruttopriset och	0
data/1969/prot-1969--fk--016.xml	70	https://betalab.kb.se/prot-1969--fk--16/prot_1969__fk__16-070.jp2/_view	https://github.com/welfare-state-analytics/riksdagen-corpus/blob/main/corpus/protocols/1969/prot-1969--fk--16.xml#L7042	102	2	72	sig>> på näringsfrihetsråden, och det		 sig» på näringsfrihetsrådet, och det	4
data/1969/prot-1969--fk--016.xml	70	https://betalab.kb.se/prot-1969--fk--16/prot_1969__fk__16-070.jp2/_view	https://github.com/welfare-state-analytics/riksdagen-corpus/blob/main/corpus/protocols/1969/prot-1969--fk--16.xml#L7042	102	2	75	finns det ingen grundlagsenlig rätt till.		finns det ingen grundlagsenlig rätt till.	0
data/1969/prot-1969--fk--016.xml	70	https://betalab.kb.se/prot-1969--fk--16/prot_1969__fk__16-070.jp2/_view	https://github.com/welfare-state-analytics/riksdagen-corpus/blob/main/corpus/protocols/1969/prot-1969--fk--16.xml#L7042	102	2	81	ningssystem kommer för konsumenterna		tningssystem komer för konsumenterna	2
data/1969/prot-1969--fk--016.xml	70	https://betalab.kb.se/prot-1969--fk--16/prot_1969__fk__16-070.jp2/_view	https://github.com/welfare-state-analytics/riksdagen-corpus/blob/main/corpus/protocols/1969/prot-1969--fk--16.xml#L7042	102	2	89	lareföreningen säga sitt, och vi har lyss-		lareföreningen säga sitt, och vi har lyssn	1
data/1969/prot-1969--fk--025.xml	111	https://betalab.kb.se/prot-1969--fk--25/prot_1969__fk__25-111.jp2/_view	https://github.com/welfare-state-analytics/riksdagen-corpus/blob/main/corpus/protocols/1969/prot-1969--fk--25.xml#L10622	101	2	8	med andra rika länder har en chans att		med andra rika länder har en chans att	0
data/1969/prot-1969--fk--025.xml	111	https://betalab.kb.se/prot-1969--fk--25/prot_1969__fk__25-111.jp2/_view	https://github.com/welfare-state-analytics/riksdagen-corpus/blob/main/corpus/protocols/1969/prot-1969--fk--25.xml#L10622	101	2	15	talet har de kunskaperna från 1960-ta-		talet har de kunskaperna från 1960-tal	1
data/1969/prot-1969--fk--025.xml	111	https://betalab.kb.se/prot-1969--fk--25/prot_1969__fk__25-111.jp2/_view	https://github.com/welfare-state-analytics/riksdagen-corpus/blob/main/corpus/protocols/1969/prot-1969--fk--25.xml#L10622	101	2	24	batten skulle ha berört.		batten skulle ha berört.	0
data/1969/prot-1969--fk--025.xml	111	https://betalab.kb.se/prot-1969--fk--25/prot_1969__fk__25-111.jp2/_view	https://github.com/welfare-state-analytics/riksdagen-corpus/blob/main/corpus/protocols/1969/prot-1969--fk--25.xml#L10622	101	2	31	ter att bistå. Detta faktum gör att den		ter att bistå. detta faktum gör att den	0
data/1969/prot-1969--fk--025.xml	111	https://betalab.kb.se/prot-1969--fk--25/prot_1969__fk__25-111.jp2/_view	https://github.com/welfare-state-analytics/riksdagen-corpus/blob/main/corpus/protocols/1969/prot-1969--fk--25.xml#L10622	101	2	39	tionsverksamhet och har lagt fram sina		tionsverksamhet och har lagt fram sina	0
data/1969/prot-1969--fk--025.xml	111	https://betalab.kb.se/prot-1969--fk--25/prot_1969__fk__25-111.jp2/_view	https://github.com/welfare-state-analytics/riksdagen-corpus/blob/main/corpus/protocols/1969/prot-1969--fk--25.xml#L10622	101	2	67	form som skisserats i vår motion, dvs-		form som skisserats i vår motion, dvs.	1
