version,year,accuracy,known,unknown
v1.0.0rc5,1867.0,0.817607383741569,,
v1.0.0rc5,1868.0,0.8289267945984364,,
v1.0.0rc5,1869.0,0.8413468200083137,,
v1.0.0rc5,1870.0,0.8799444262830991,,
v1.0.0rc5,1871.0,0.8722685980849497,,
v1.0.0rc5,1872.0,0.8152559753884988,,
v1.0.0rc5,1873.0,0.8010423905489924,,
v1.0.0rc5,1874.0,0.8393359100491918,,
v1.0.0rc5,1875.0,0.8575325339546513,,
v1.0.0rc5,1876.0,0.8829664665575162,,
v1.0.0rc5,1877.0,0.8954729037313882,,
v1.0.0rc5,1878.0,0.8842454774444699,,
v1.0.0rc5,1879.0,0.865272856130404,,
v1.0.0rc5,1880.0,0.8879092338186043,,
v1.0.0rc5,1881.0,0.8772178180445451,,
v1.0.0rc5,1882.0,0.8573934511434511,,
v1.0.0rc5,1883.0,0.8722841225626741,,
v1.0.0rc5,1884.0,0.7735321528424977,,
v1.0.0rc5,1885.0,0.7864526659412405,,
v1.0.0rc5,1886.0,0.7956769201253437,,
v1.0.0rc5,1887.0,0.8243428964095516,,
v1.0.0rc5,1888.0,0.8399100388468616,,
v1.0.0rc5,1889.0,0.8843746309200425,,
v1.0.0rc5,1890.0,0.8889428412874584,,
v1.0.0rc5,1891.0,0.9028346105200504,,
v1.0.0rc5,1892.0,0.8862340657228877,,
v1.0.0rc5,1893.0,0.8936051159072742,,
v1.0.0rc5,1894.0,0.9006901084456129,,
v1.0.0rc5,1895.0,0.9159491884262526,,
v1.0.0rc5,1896.0,0.9156291390728476,,
v1.0.0rc5,1897.0,0.8882846916299559,,
v1.0.0rc5,1898.0,0.8974523932063819,,
v1.0.0rc5,1899.0,0.916147261697,,
v1.0.0rc5,1900.0,0.927174305304944,,
v1.0.0rc5,1901.0,0.9258558012723416,,
v1.0.0rc5,1902.0,0.9253682272488164,,
v1.0.0rc5,1903.0,0.9284622439620912,,
v1.0.0rc5,1904.0,0.9030436501214072,,
v1.0.0rc5,1905.0,0.9278809978584244,,
v1.0.0rc5,1906.0,0.9344985673352436,,
v1.0.0rc5,1907.0,0.9382390911438162,,
v1.0.0rc5,1908.0,0.9370451068564276,,
v1.0.0rc5,1909.0,0.940067140600316,,
v1.0.0rc5,1910.0,0.9361231959118844,,
v1.0.0rc5,1911.0,0.935338396853384,,
v1.0.0rc5,1912.0,0.9420861026685816,,
v1.0.0rc5,1913.0,0.951103431550867,,
v1.0.0rc5,1914.0,0.901786339754816,,
v1.0.0rc5,1915.0,0.9044472968891574,,
v1.0.0rc5,1916.0,0.920873598763046,,
v1.0.0rc5,1917.0,0.911135116695568,,
v1.0.0rc5,1918.0,0.9059508947149396,,
v1.0.0rc5,1919.0,0.8976985331310066,,
v1.0.0rc5,1920.0,0.905446293494705,,
v1.0.0rc5,1921.0,0.9267149818817944,,
v1.0.0rc5,1922.0,0.9410140562248996,,
v1.0.0rc5,1923.0,0.9575840500390932,,
v1.0.0rc5,1924.0,0.9664570230607966,,
v1.0.0rc5,1925.0,0.9679648930334612,,
v1.0.0rc5,1926.0,0.9675076452599388,,
v1.0.0rc5,1927.0,0.9772362331160858,,
v1.0.0rc5,1928.0,0.976978550295858,,
v1.0.0rc5,1929.0,0.9517766497461928,,
v1.0.0rc5,1930.0,0.9570613055348722,,
v1.0.0rc5,1931.0,0.9590394112520576,,
v1.0.0rc5,1932.0,0.9410060975609756,,
v1.0.0rc5,1933.0,0.9493359567142154,,
v1.0.0rc5,1934.0,0.9495345418912298,,
v1.0.0rc5,1935.0,0.9435503535722994,,
v1.0.0rc5,1936.0,0.9415434824342483,,
v1.0.0rc5,1937.0,0.9767222025286542,,
v1.0.0rc5,1938.0,0.9746083880747852,,
v1.0.0rc5,1939.0,0.9463544754001184,,
v1.0.0rc5,1940.0,0.9516851284468536,,
v1.0.0rc5,1941.0,0.9551206784083496,,
v1.0.0rc5,1942.0,0.969683206540252,,
v1.0.0rc5,1943.0,0.952535059331176,,
v1.0.0rc5,1944.0,0.951549295774648,,
v1.0.0rc5,1945.0,0.9459975114060556,,
v1.0.0rc5,1946.0,0.962168758716876,,
v1.0.0rc5,1947.0,0.972238155328668,,
v1.0.0rc5,1948.0,0.9727729145211124,,
v1.0.0rc5,1949.0,0.9587716321683069,,
v1.0.0rc5,1950.0,0.9597090095131504,,
v1.0.0rc5,1951.0,0.9627041239966788,,
v1.0.0rc5,1952.0,0.9621154140517372,,
v1.0.0rc5,1953.0,0.9470388124323488,,
v1.0.0rc5,1954.0,0.9540183658422148,,
v1.0.0rc5,1955.0,0.9497839790353424,,
v1.0.0rc5,1956.0,0.938435284851667,,
v1.0.0rc5,1957.0,0.9638779174147216,,
v1.0.0rc5,1958.0,0.9393821391484944,,
v1.0.0rc5,1959.0,0.9403033869491304,,
v1.0.0rc5,1960.0,0.961965731500659,,
v1.0.0rc5,1961.0,0.9675631842140828,,
v1.0.0rc5,1962.0,0.9687343043696636,,
v1.0.0rc5,1963.0,0.9653873322345184,,
v1.0.0rc5,1964.0,0.9488648090815274,,
v1.0.0rc5,1965.0,0.9617127926198475,,
v1.0.0rc5,1966.0,0.9592215478758088,,
v1.0.0rc5,1967.0,0.9610691695572332,,
v1.0.0rc5,1968.0,0.959724550355638,,
v1.0.0rc5,1969.0,0.9628600735105564,,
v1.0.0rc5,1970.0,0.9583467482292336,,
v1.0.0rc5,1971.0,0.9572790710062324,,
v1.0.0rc5,1972.0,0.9581618323567866,,
v1.0.0rc5,1973.0,0.9504128019569872,,
v1.0.0rc5,1974.0,0.9468713789107764,,
v1.0.0rc5,1975.0,0.941430155665996,,
v1.0.0rc5,1976.0,0.940757328990228,,
v1.0.0rc5,1977.0,0.9461660105649204,,
v1.0.0rc5,1978.0,0.9705651833144648,,
v1.0.0rc5,1979.0,0.9590049053959356,,
v1.0.0rc5,1980.0,0.954537604697349,,
v1.0.0rc5,1981.0,0.9652488324210314,,
v1.0.0rc5,1982.0,0.9659714061887976,,
v1.0.0rc5,1983.0,0.9742166673950096,,
v1.0.0rc5,1984.0,0.9746437737852908,,
v1.0.0rc5,1985.0,0.9630330441203618,,
v1.0.0rc5,1986.0,0.9569795995466566,,
v1.0.0rc5,1987.0,0.963462670349074,,
v1.0.0rc5,1988.0,0.9703095961198496,,
v1.0.0rc5,1989.0,0.9750551433727692,,
v1.0.0rc5,1990.0,0.975358587716072,,
v1.0.0rc5,1991.0,0.9748770912826532,,
v1.0.0rc5,1992.0,0.9736997104104972,,
v1.0.0rc5,1993.0,0.9878955291050452,,
v1.0.0rc5,1994.0,0.9851290302055212,,
v1.0.0rc5,1995.0,0.9794538121286138,,
v1.0.0rc5,1996.0,0.9722167766668844,,
v1.0.0rc5,1997.0,0.9759490090708904,,
v1.0.0rc5,1998.0,0.9755362674306738,,
v1.0.0rc5,1999.0,0.9491890959282264,,
v1.0.0rc5,2000.0,0.9572115471195232,,
v1.0.0rc5,2001.0,0.9641481030125988,,
v1.0.0rc5,2002.0,0.9565379142291128,,
v1.0.0rc5,2003.0,0.9725317076588886,,
v1.0.0rc5,2004.0,0.9812592073803946,,
v1.0.0rc5,2005.0,0.9821536064586948,,
v1.0.0rc5,2006.0,0.9827433513062958,,
v1.0.0rc5,2007.0,0.9842376574374236,,
v1.0.0rc5,2008.0,0.9848522399452776,,
v1.0.0rc5,2009.0,0.9831610044313146,,
v1.0.0rc5,2010.0,0.9855653149919736,,
v1.0.0rc5,2011.0,0.98627438103369,,
v1.0.0rc5,2012.0,0.9880643866116728,,
v1.0.0rc5,2013.0,0.988644341672703,,
v1.0.0rc5,2014.0,0.9886378446263758,,
v1.0.0rc5,2015.0,0.9812701949860724,,
v1.0.0rc5,2016.0,0.9839345647428828,,
v1.0.0rc5,2017.0,0.9793138304913416,,
v1.0.0rc5,2018.0,0.976692497146633,,
v1.0.0rc5,2019.0,0.9855894636315692,,
v1.0.0rc5,2020.0,0.9884578024112908,,
v1.0.0rc5,2021.0,0.9765679174050388,,
v1.0.0rc5,2022.0,0.95754513414371,,
0.4.0,1920.0,0.8210511075720284,,
0.4.0,1921.0,0.7721176081929303,,
0.4.0,1922.0,0.8657986554335801,,
0.4.0,1923.0,0.8545325347680438,,
0.4.0,1924.0,0.8312122519413288,,
0.4.0,1925.0,0.8474633980251958,,
0.4.0,1926.0,0.8334154756037457,,
0.4.0,1927.0,0.7965916972158922,,
0.4.0,1928.0,0.8097598170034311,,
0.4.0,1929.0,0.7592855117663737,,
0.4.0,1930.0,0.7562299531211448,,
0.4.0,1931.0,0.7491082045184304,,
0.4.0,1932.0,0.7578252427184466,,
0.4.0,1933.0,0.7778348925670813,,
0.4.0,1934.0,0.7470501474926253,,
0.4.0,1935.0,0.7237775770868276,,
0.4.0,1936.0,0.7345942013924971,,
0.4.0,1937.0,0.8690643798796877,,
0.4.0,1938.0,0.8757364022468831,,
0.4.0,1939.0,0.8669998913397805,,
0.4.0,1940.0,0.8284998681782231,,
0.4.0,1941.0,0.8459681998864281,,
0.4.0,1942.0,0.8597194388777555,,
0.4.0,1943.0,0.830821174484505,,
0.4.0,1944.0,0.8276723276723277,,
0.4.0,1945.0,0.8350018539117539,,
0.4.0,1946.0,0.8468174846625767,,
0.4.0,1947.0,0.8689792862490642,,
0.4.0,1948.0,0.8539903878697624,,
0.4.0,1949.0,0.8587580760947595,,
0.4.0,1950.0,0.871944606657212,,
0.4.0,1951.0,0.8794740686632578,,
0.4.0,1952.0,0.8311040759794223,,
0.4.0,1953.0,0.8100641341884558,,
0.4.0,1954.0,0.8282199496072329,,
0.4.0,1955.0,0.8325574295962757,,
0.4.0,1956.0,0.813760957283985,,
0.4.0,1957.0,0.8441829862992491,,
0.4.0,1958.0,0.8614508646140869,,
0.4.0,1959.0,0.8645545102379635,,
0.4.0,1960.0,0.8245497881355932,,
0.4.0,1961.0,0.8245270711024135,,
0.4.0,1962.0,0.8067993914941465,,
0.4.0,1963.0,0.8287697647512534,,
0.4.0,1964.0,0.7980137841211266,,
0.4.0,1965.0,0.786866485013624,,
0.4.0,1966.0,0.7849350649350649,,
0.4.0,1967.0,0.7670640584333809,,
0.4.0,1968.0,0.7960252513444003,,
0.4.0,1969.0,0.8476407303245391,,
0.4.0,1970.0,0.8497490979969311,,
0.4.0,1971.0,0.8665763460284008,,
0.4.0,1972.0,0.8780669838604347,,
0.4.0,1973.0,0.8724691534467153,,
0.4.0,1974.0,0.85386102581599,,
0.4.0,1975.0,0.8502459155407315,,
0.4.0,1976.0,0.826850310276979,,
0.4.0,1977.0,0.8243788490125292,,
0.4.0,1978.0,0.8622586500907641,,
0.4.0,1979.0,0.8729417649756138,,
0.4.0,1980.0,0.8641259661239927,,
0.4.0,1981.0,0.846559282793951,,
0.4.0,1982.0,0.8504972107688576,,
0.4.0,1983.0,0.8640330339278873,,
0.4.0,1984.0,0.8698186806121136,,
0.4.0,1985.0,0.8565674647572163,,
0.4.0,1986.0,0.878589536759622,,
0.4.0,1987.0,0.8804347826086957,,
0.4.0,1988.0,0.8970919200388332,,
0.4.0,1989.0,0.911616493580474,,
0.4.0,1990.0,0.8360766229159277,,
0.4.0,1991.0,0.7041076976182258,,
0.4.0,1992.0,0.6961177166130198,,
0.4.0,1993.0,0.7316677253158304,,
0.4.0,1994.0,0.9090909090909092,,
0.4.0,1995.0,0.9201274635447336,,
0.4.0,1996.0,0.6974327250231983,,
0.4.0,1997.0,0.7838525548449212,,
0.4.0,1998.0,0.7955036402912233,,
0.4.0,1999.0,0.8052289389957117,,
0.4.0,2000.0,0.8106247911794187,,
0.4.0,2001.0,0.7923247436963148,,
0.4.0,2002.0,0.8096470588235294,,
0.4.0,2003.0,0.9002660530668009,,
0.4.0,2004.0,0.8734791692269879,,
0.4.0,2005.0,0.8842215988779804,,
0.4.0,2006.0,0.8746874131703251,,
0.4.0,2007.0,0.8894407652685798,,
0.4.0,2008.0,0.9019787338919796,,
0.4.0,2009.0,0.8913379422529484,,
0.4.0,2010.0,0.8861609039164047,,
0.4.0,2011.0,0.8772296180283651,,
0.4.0,2012.0,0.8811373780790214,,
0.4.0,2013.0,0.8973538198890312,,
0.4.0,2014.0,0.892234665875547,,
0.4.0,2015.0,0.8739871472478346,,
0.4.0,2016.0,0.8637602179836512,,
0.4.0,2017.0,0.8668399327319982,,
0.4.0,2018.0,0.9068532325605148,,
0.4.0,2019.0,0.8879160966712266,,
0.4.0,2020.0,0.8769030013049152,,
0.4.1,1920.0,0.8589836397857247,,
0.4.1,1921.0,0.7975553353154939,,
0.4.1,1922.0,0.890902901880691,,
0.4.1,1923.0,0.886610496396305,,
0.4.1,1924.0,0.8429680759275238,,
0.4.1,1925.0,0.8865055044830326,,
0.4.1,1926.0,0.8858551010349927,,
0.4.1,1927.0,0.8282968393936392,,
0.4.1,1928.0,0.8352077773541746,,
0.4.1,1929.0,0.788299782629241,,
0.4.1,1930.0,0.7876470104449379,,
0.4.1,1931.0,0.7874554102259215,,
0.4.1,1932.0,0.8058252427184466,,
0.4.1,1933.0,0.8159761488639868,,
0.4.1,1934.0,0.7804466919511167,,
0.4.1,1935.0,0.7632563540188363,,
0.4.1,1936.0,0.7741868440195365,,
0.4.1,1937.0,0.9056700371176244,,
0.4.1,1938.0,0.896013152486642,,
0.4.1,1939.0,0.888188634141041,,
0.4.1,1940.0,0.8679145794885315,,
0.4.1,1941.0,0.8712379329926179,,
0.4.1,1942.0,0.8866482965931863,,
0.4.1,1943.0,0.8707343542746895,,
0.4.1,1944.0,0.8673826173826173,,
0.4.1,1945.0,0.8718020022246941,,
0.4.1,1946.0,0.8686733128834356,,
0.4.1,1947.0,0.8953082106313951,,
0.4.1,1948.0,0.8825560143505043,,
0.4.1,1949.0,0.8731155778894473,,
0.4.1,1950.0,0.8842913155918912,,
0.4.1,1951.0,0.8864134404674945,,
0.4.1,1952.0,0.8550059358923625,,
0.4.1,1953.0,0.8267554678506824,,
0.4.1,1954.0,0.8574181117533719,,
0.4.1,1955.0,0.8588109593222926,,
0.4.1,1956.0,0.8300403506330876,,
0.4.1,1957.0,0.8581933586190882,,
0.4.1,1958.0,0.8840854772950935,,
0.4.1,1959.0,0.8826784726065302,,
0.4.1,1960.0,0.8501059322033898,,
0.4.1,1961.0,0.8548959918822933,,
0.4.1,1962.0,0.8300813545869435,,
0.4.1,1963.0,0.8502378197711788,,
0.4.1,1964.0,0.8126661963423237,,
0.4.1,1965.0,0.8079019073569482,,
0.4.1,1966.0,0.803948051948052,,
0.4.1,1967.0,0.7829317437662665,,
0.4.1,1968.0,0.8122048164601356,,
0.4.1,1969.0,0.859470559350029,,
0.4.1,1970.0,0.8609463774727325,,
0.4.1,1971.0,0.8732500376335993,,
0.4.1,1972.0,0.8923407034238269,,
0.4.1,1973.0,0.8827592777857177,,
0.4.1,1974.0,0.8642670305925167,,
0.4.1,1975.0,0.8702583526485387,,
0.4.1,1976.0,0.8409262902981686,,
0.4.1,1977.0,0.8861046223543569,,
0.4.1,1978.0,0.947356840310248,,
0.4.1,1979.0,0.9456000666972364,,
0.4.1,1980.0,0.9356191415885544,,
0.4.1,1981.0,0.9271464459878824,,
0.4.1,1982.0,0.9386369148678148,,
0.4.1,1983.0,0.9414243752926652,,
0.4.1,1984.0,0.9423464357666425,,
0.4.1,1985.0,0.9232938017453568,,
0.4.1,1986.0,0.9324268264577092,,
0.4.1,1987.0,0.9367588932806324,,
0.4.1,1988.0,0.9421914302104938,,
0.4.1,1989.0,0.9350159940405768,,
0.4.1,1990.0,0.9109232769830948,,
0.4.1,1991.0,0.808249027237354,,
0.4.1,1992.0,0.8002235077570339,,
0.4.1,1993.0,0.7820229107003385,,
0.4.1,1994.0,0.7550877639277538,,
0.4.1,2003.0,0.9195971097000218,,
0.4.1,1995.0,0.9483874841149924,,
0.4.1,1996.0,0.9079603655474844,,
0.4.1,1997.0,0.8335035055476142,,
0.4.1,1998.0,0.906744314157551,,
0.4.1,1999.0,0.8567013205956729,,
0.4.1,2000.0,0.8677050882658359,,
0.4.1,2001.0,0.8837337371790459,,
0.4.1,2002.0,0.8692762725480172,,
0.4.1,2004.0,0.9185839622062704,,
0.4.1,2005.0,0.9554590657609076,,
0.4.1,2006.0,0.6870229007633588,,
0.4.1,2007.0,0.951971502272448,,
0.4.1,2008.0,0.9568031518221471,,
0.4.1,2009.0,0.9525385422552264,,
0.4.1,2010.0,0.742001188152423,,
0.4.1,2011.0,0.9168931357938108,,
0.4.1,2012.0,0.9165433316888668,,
0.4.1,2013.0,0.938999363102399,,
0.4.1,2014.0,0.9928869266617611,,
0.4.1,2015.0,0.977931511587686,,
0.4.1,2016.0,0.977307963354475,,
0.4.1,2017.0,0.9729872084273892,,
0.4.1,2018.0,0.9742460507419818,,
0.4.1,2019.0,0.9836399153508056,,
0.4.1,2020.0,0.9845773487167412,,
0.4.2,1920.0,0.8592008107716809,,
0.4.2,1921.0,0.7978196233894945,,
0.4.2,1922.0,0.890902901880691,,
0.4.2,1923.0,0.8875241092274896,,
0.4.2,1924.0,0.8429680759275238,,
0.4.2,1925.0,0.8865055044830326,,
0.4.2,1926.0,0.8858551010349927,,
0.4.2,1927.0,0.8283959179629447,,
0.4.2,1928.0,0.8352077773541746,,
0.4.2,1929.0,0.788299782629241,,
0.4.2,1930.0,0.7876470104449379,,
0.4.2,1931.0,0.7877526753864447,,
0.4.2,1932.0,0.8060582524271844,,
0.4.2,1933.0,0.8159761488639868,,
0.4.2,1934.0,0.7804466919511167,,
0.4.2,1935.0,0.7632563540188363,,
0.4.2,1936.0,0.774498597111088,,
0.4.2,1937.0,0.9072059388199156,,
0.4.2,1938.0,0.896013152486642,,
0.4.2,1939.0,0.888188634141041,,
0.4.2,1940.0,0.8679145794885315,,
0.4.2,1941.0,0.8712379329926179,,
0.4.2,1942.0,0.8866482965931863,,
0.4.2,1943.0,0.8707343542746895,,
0.4.2,1944.0,0.8673826173826173,,
0.4.2,1945.0,0.8718020022246941,,
0.4.2,1946.0,0.8686733128834356,,
0.4.2,1947.0,0.8953082106313951,,
0.4.2,1948.0,0.8859405672510662,,
0.4.2,1949.0,0.8775125628140703,,
0.4.2,1950.0,0.8869608742804705,,
0.4.2,1951.0,0.8919649379108838,,
0.4.2,1952.0,0.858013454689355,,
0.4.2,1953.0,0.830702187140273,,
0.4.2,1954.0,0.8617904253742404,,
0.4.2,1955.0,0.8624742425398764,,
0.4.2,1956.0,0.832614442743843,,
0.4.2,1957.0,0.8605155197770725,,
0.4.2,1958.0,0.8879516378461971,,
0.4.2,1959.0,0.8846845600442723,,
0.4.2,1960.0,0.851363877118644,,
0.4.2,1961.0,0.8556207871276365,,
0.4.2,1962.0,0.8322640386268934,,
0.4.2,1963.0,0.853772978531945,,
0.4.2,1964.0,0.818418624843979,,
0.4.2,1965.0,0.8129700272479564,,
0.4.2,1966.0,0.8103376623376624,,
0.4.2,1967.0,0.7865838300730418,,
0.4.2,1968.0,0.8168809913490764,,
0.4.2,1969.0,0.8623722155260926,,
0.4.2,1970.0,0.8639737900717456,,
0.4.2,1971.0,0.882683526519143,,
0.4.2,1972.0,0.8949062412538483,,
0.4.2,1973.0,0.8873803058453623,,
0.4.2,1974.0,0.8671102012964859,,
0.4.2,1975.0,0.8726327095935327,,
0.4.2,1976.0,0.8427425457847737,,
0.4.2,1977.0,0.8872372053514547,,
0.4.2,1978.0,0.947906925573464,,
0.4.2,1979.0,0.9470590687398392,,
0.4.2,1980.0,0.9449514882420654,,
0.4.2,1981.0,0.934387468597606,,
0.4.2,1982.0,0.9432452097986904,,
0.4.2,1983.0,0.9418926397343664,,
0.4.2,1984.0,0.9423464357666425,,
0.4.2,1985.0,0.9243231147907808,,
0.4.2,1986.0,0.93394791426596,,
0.4.2,1987.0,0.9384656845131152,,
0.4.2,1988.0,0.9464277834164424,,
0.4.2,1989.0,0.9262042626586175,,
0.4.2,1990.0,0.9332648870636552,,
0.4.2,1991.0,0.9283112567667492,,
0.4.2,1992.0,0.9216266173752312,,
0.4.2,1993.0,0.930949228048958,,
0.4.2,1994.0,0.9348371151745258,,
0.4.2,1995.0,0.9652232580961728,,
0.4.2,1996.0,0.9555696365667152,,
0.4.2,1997.0,0.9489716978288608,,
0.4.2,1998.0,0.9541400739879062,,
0.4.2,1999.0,0.9294791902711684,,
0.4.2,2000.0,0.9294260799026568,,
0.4.2,2001.0,0.952602490555478,,
0.4.2,2002.0,0.93848152190581,,
0.4.2,2003.0,0.9478921285933514,,
0.4.2,2004.0,0.9734222082431075,,
0.4.2,2005.0,0.9726041962007372,,
0.4.2,2006.0,0.9756896844359144,,
0.4.2,2007.0,0.9821736630247268,,
0.4.2,2008.0,0.9860264353983708,,
0.4.2,2009.0,0.9846445411058212,,
0.4.2,2010.0,0.9784853136027916,,
0.4.2,2011.0,0.9667650132966408,,
0.4.2,2012.0,0.9714635940181418,,
0.4.2,2013.0,0.9698240485693406,,
0.4.2,2014.0,0.9788206522384338,,
0.4.2,2015.0,0.9773311932455312,,
0.4.2,2016.0,0.9756909141325446,,
0.4.2,2017.0,0.974910774232305,,
0.4.2,2018.0,0.9726512178870216,,
0.4.2,2019.0,0.9866341639080872,,
0.4.2,2020.0,0.9824946807040812,,
0.4.2,2021.0,0.978126340297776,,
0.4.2,2022.0,0.9360967184801382,,
v0.4.3,1920.0,0.8763573186622268,,
v0.4.3,1921.0,0.8926990419557318,,
v0.4.3,1922.0,0.9159220491873032,,
v0.4.3,1923.0,0.9405136534361994,,
v0.4.3,1924.0,0.9545944779982743,,
v0.4.3,1925.0,0.9289524458063784,,
v0.4.3,1926.0,0.9365204534253326,,
v0.4.3,1927.0,0.9545229366887942,,
v0.4.3,1928.0,0.9538696149447198,,
v0.4.3,1929.0,0.9199508553066816,,
v0.4.3,1930.0,0.9114236368122378,,
v0.4.3,1931.0,0.920531113753468,,
v0.4.3,1932.0,0.9172815533980584,,
v0.4.3,1933.0,0.9089133340187108,,
v0.4.3,1934.0,0.90149599662874,,
v0.4.3,1935.0,0.8726615920526384,,
v0.4.3,1936.0,0.8913020887457134,,
v0.4.3,1937.0,0.9313963906309995,,
v0.4.3,1938.0,0.9054665022605836,,
v0.4.3,1939.0,0.8968814517005325,,
v0.4.3,1940.0,0.896388083311363,,
v0.4.3,1941.0,0.892106757524134,,
v0.4.3,1942.0,0.907314629258517,,
v0.4.3,1943.0,0.8831544676232967,,
v0.4.3,1944.0,0.8837412587412588,,
v0.4.3,1945.0,0.8905265109380793,,
v0.4.3,1946.0,0.8894746932515337,,
v0.4.3,1947.0,0.9034190167207388,,
v0.4.3,1948.0,0.8976511202870101,,
v0.4.3,1949.0,0.8872038765254846,,
v0.4.3,1950.0,0.9079836489530324,,
v0.4.3,1951.0,0.917019722425128,,
v0.4.3,1952.0,0.9094578551642264,,
v0.4.3,1953.0,0.9100476895247492,,
v0.4.3,1954.0,0.9050689195197864,,
v0.4.3,1955.0,0.909333740364802,,
v0.4.3,1956.0,0.9009322387644356,,
v0.4.3,1957.0,0.9076553912841552,,
v0.4.3,1958.0,0.9025024602839872,,
v0.4.3,1959.0,0.9035002767017156,,
v0.4.3,1960.0,0.8736758474576272,,
v0.4.3,1961.0,0.8757700949481771,,
v0.4.3,1962.0,0.8629538990673986,,
v0.4.3,1963.0,0.8838539658053735,,
v0.4.3,1964.0,0.8679654854289901,,
v0.4.3,1965.0,0.879182561307902,,
v0.4.3,1966.0,0.8852987012987013,,
v0.4.3,1967.0,0.8718831332381832,,
v0.4.3,1968.0,0.8902501753565584,,
v0.4.3,1969.0,0.8914334181509754,,
v0.4.3,1970.0,0.8749637125202173,,
v0.4.3,1971.0,0.8707913091474735,,
v0.4.3,1972.0,0.8823584289579252,,
v0.4.3,1973.0,0.8700395407555619,,
v0.4.3,1974.0,0.849994313658592,,
v0.4.3,1975.0,0.8553338232800045,,
v0.4.3,1976.0,0.8308612078098986,,
v0.4.3,1977.0,0.8879450697246407,,
v0.4.3,1978.0,0.947906925573464,,
v0.4.3,1979.0,0.9470590687398392,,
v0.4.3,1980.0,0.9449514882420654,,
v0.4.3,1981.0,0.935077089798532,,
v0.4.3,1982.0,0.9432452097986904,,
v0.4.3,1983.0,0.9418926397343664,,
v0.4.3,1984.0,0.9423464357666425,,
v0.4.3,1985.0,0.9243231147907808,,
v0.4.3,1986.0,0.93394791426596,,
v0.4.3,1987.0,0.9384656845131152,,
v0.4.3,1988.0,0.9464277834164424,,
v0.4.3,1989.0,0.9326516364831012,,
v0.4.3,1990.0,0.9478869974167052,,
v0.4.3,1991.0,0.9429356508403092,,
v0.4.3,1992.0,0.9216266173752312,,
v0.4.3,1993.0,0.930949228048958,,
v0.4.3,1994.0,0.9359993568672288,,
v0.4.3,1995.0,0.9652232580961728,,
v0.4.3,1996.0,0.958029040295558,,
v0.4.3,1997.0,0.9655792551214172,,
v0.4.3,1998.0,0.9645989876442292,,
v0.4.3,1999.0,0.9300079311126218,,
v0.4.3,2000.0,0.9300256584342182,,
v0.4.3,2001.0,0.95412410801735,,
v0.4.3,2002.0,0.9397624051740469,,
v0.4.3,2003.0,0.9521704613394232,,
v0.4.3,2004.0,0.9830879595465928,,
v0.4.3,2005.0,0.9811690766468196,,
v0.4.3,2006.0,0.9831707858420482,,
v0.4.3,2007.0,0.9827274082593233,,
v0.4.3,2008.0,0.9860264353983708,,
v0.4.3,2009.0,0.9846445411058212,,
v0.4.3,2010.0,0.9854644679706666,,
v0.4.3,2011.0,0.9882248653797812,,
v0.4.3,2012.0,0.9902549644520716,,
v0.4.3,2013.0,0.9928832424532014,,
v0.4.3,2014.0,0.9897902247337742,,
v0.4.3,2015.0,0.9823882500384776,,
v0.4.3,2016.0,0.9838825214899714,,
v0.4.3,2017.0,0.9808356007868358,,
v0.4.3,2018.0,0.9770341304508772,,
v0.4.3,2019.0,0.9846258258424632,,
v0.4.3,2020.0,0.98520268589903,,
v0.4.3,2021.0,0.9808426771235422,,
v0.4.3,2022.0,0.9360967184801382,,
v0.4.4,1920.0,0.8712176053279281,,
v0.4.4,1921.0,0.8942186983812356,,
v0.4.4,1922.0,0.9193260148072504,,
v0.4.4,1923.0,0.9415287788041824,,
v0.4.4,1924.0,0.958153580672994,,
v0.4.4,1925.0,0.9354216320508456,,
v0.4.4,1926.0,0.9435189748644652,,
v0.4.4,1927.0,0.9561081937976816,,
v0.4.4,1928.0,0.9578726648875332,,
v0.4.4,1929.0,0.9221245628957564,,
v0.4.4,1930.0,0.9126572908956327,,
v0.4.4,1931.0,0.9227110582639716,,
v0.4.4,1932.0,0.9209320388349514,,
v0.4.4,1933.0,0.9254651999588772,,
v0.4.4,1934.0,0.9158238516645596,,
v0.4.4,1935.0,0.8917559024641981,,
v0.4.4,1936.0,0.9107346981190896,,
v0.4.4,1937.0,0.9494432356329195,,
v0.4.4,1938.0,0.9235511713933416,,
v0.4.4,1939.0,0.9123112028686298,,
v0.4.4,1940.0,0.9155022409702084,,
v0.4.4,1941.0,0.9183702441794436,,
v0.4.4,1942.0,0.9223446893787576,,
v0.4.4,1943.0,0.9011214277101168,,
v0.4.4,1944.0,0.902097902097902,,
v0.4.4,1945.0,0.9037819799777532,,
v0.4.4,1946.0,0.8947469325153374,,
v0.4.4,1947.0,0.9111554779136511,,
v0.4.4,1948.0,0.91132471400528,,
v0.4.4,1949.0,0.9030868628858578,,
v0.4.4,1950.0,0.9252523567197798,,
v0.4.4,1951.0,0.9326515704894084,,
v0.4.4,1952.0,0.9267115156311831,,
v0.4.4,1953.0,0.9332346653510936,,
v0.4.4,1954.0,0.929450125981918,,
v0.4.4,1955.0,0.9169655804014348,,
v0.4.4,1956.0,0.9052455823013776,,
v0.4.4,1957.0,0.9345150553448408,,
v0.4.4,1958.0,0.9274567692956558,,
v0.4.4,1959.0,0.929994465965689,,
v0.4.4,1960.0,0.9049258474576272,,
v0.4.4,1961.0,0.9062114952525911,,
v0.4.4,1962.0,0.8986044050532442,,
v0.4.4,1963.0,0.905900501349788,,
v0.4.4,1964.0,0.8854941119010148,,
v0.4.4,1965.0,0.8998910081743869,,
v0.4.4,1966.0,0.8983376623376623,,
v0.4.4,1967.0,0.8967760893291915,,
v0.4.4,1968.0,0.903951367781155,,
v0.4.4,1969.0,0.905852417302799,,
v0.4.4,1970.0,0.8907228465972712,,
v0.4.4,1971.0,0.864167795674645,,
v0.4.4,1972.0,0.8722828622072955,,
v0.4.4,1973.0,0.8623219475013101,,
v0.4.4,1974.0,0.8522688502217673,,
v0.4.4,1975.0,0.8541466448075075,,
v0.4.4,1976.0,0.8316179809293174,,
v0.4.4,1977.0,0.8879450697246407,,
v0.4.4,1978.0,0.947906925573464,,
v0.4.4,1979.0,0.9470590687398392,,
v0.4.4,1980.0,0.9438825851011348,,
v0.4.4,1981.0,0.935077089798532,,
v0.4.4,1982.0,0.9429541595925296,,
v0.4.4,1983.0,0.9410838193350644,,
v0.4.4,1984.0,0.9415748639032964,,
v0.4.4,1985.0,0.9231595435220408,,
v0.4.4,1986.0,0.9311823000691404,,
v0.4.4,1987.0,0.9374775422206252,,
v0.4.4,1988.0,0.944441992851154,,
v0.4.4,1989.0,0.9291199540059956,,
v0.4.4,1990.0,0.93381135324899,,
v0.4.4,1991.0,0.931579379786933,,
v0.4.4,1992.0,0.920262887656603,,
v0.4.4,1993.0,0.9295561185827024,,
v0.4.4,1994.0,0.9334714877804774,,
v0.4.4,1995.0,0.9646712463199216,,
v0.4.4,1996.0,0.958029040295558,,
v0.4.4,1997.0,0.9655792551214172,,
v0.4.4,1998.0,0.9642426719485228,,
v0.4.4,1999.0,0.9277135735327442,,
v0.4.4,2000.0,0.9293202719264988,,
v0.4.4,2001.0,0.954080383377641,,
v0.4.4,2002.0,0.9395368975563996,,
v0.4.4,2003.0,0.9521704613394232,,
v0.4.4,2004.0,0.9830879595465928,,
v0.4.4,2005.0,0.9811690766468196,,
v0.4.4,2006.0,0.9831707858420482,,
v0.4.4,2007.0,0.9827274082593233,,
v0.4.4,2008.0,0.9860264353983708,,
v0.4.4,2009.0,0.9846445411058212,,
v0.4.4,2010.0,0.9854644679706666,,
v0.4.4,2011.0,0.9882248653797812,,
v0.4.4,2012.0,0.9902549644520716,,
v0.4.4,2013.0,0.9928832424532014,,
v0.4.4,2014.0,0.9897902247337742,,
v0.4.4,2015.0,0.9823882500384776,,
v0.4.4,2016.0,0.9838825214899714,,
v0.4.4,2017.0,0.9808356007868358,,
v0.4.4,2018.0,0.9770341304508772,,
v0.4.4,2019.0,0.9846258258424632,,
v0.4.4,2020.0,0.98520268589903,,
v0.4.4,2021.0,0.9808426771235422,,
v0.4.4,2022.0,0.9360967184801382,,
v0.4.5,1920.0,0.8685150778905245,,
v0.4.5,1921.0,0.8876345840130506,,
v0.4.5,1922.0,0.914391641388608,,
v0.4.5,1923.0,0.9331864169087448,,
v0.4.5,1924.0,0.9538723766911686,,
v0.4.5,1925.0,0.930937989702261,,
v0.4.5,1926.0,0.9375912764093076,,
v0.4.5,1927.0,0.9487304212472032,,
v0.4.5,1928.0,0.9556576356988844,,
v0.4.5,1929.0,0.9098314606741572,,
v0.4.5,1930.0,0.907543173672206,,
v0.4.5,1931.0,0.9191068455587112,,
v0.4.5,1932.0,0.905205606037271,,
v0.4.5,1933.0,0.9154786150712833,,
v0.4.5,1934.0,0.9125169641925044,,
v0.4.5,1935.0,0.8880491866273856,,
v0.4.5,1936.0,0.90216271884655,,
v0.4.5,1937.0,0.937916300113108,,
v0.4.5,1938.0,0.9203181879466092,,
v0.4.5,1939.0,0.9060843756624972,,
v0.4.5,1940.0,0.9086911536471806,,
v0.4.5,1941.0,0.9136078157711096,,
v0.4.5,1942.0,0.9208969935929028,,
v0.4.5,1943.0,0.8965230805743444,,
v0.4.5,1944.0,0.8971639950678175,,
v0.4.5,1945.0,0.8969691453535997,,
v0.4.5,1946.0,0.8876393876393877,,
v0.4.5,1947.0,0.9062422896619788,,
v0.4.5,1948.0,0.887924178154825,,
v0.4.5,1949.0,0.8906537955243528,,
v0.4.5,1950.0,0.9115900772671818,,
v0.4.5,1951.0,0.9157684345777716,,
v0.4.5,1952.0,0.9131242740998838,,
v0.4.5,1953.0,0.9273291418306524,,
v0.4.5,1954.0,0.9282965813230724,,
v0.4.5,1955.0,0.9114868982327848,,
v0.4.5,1956.0,0.9080172294011394,,
v0.4.5,1957.0,0.9251584969846915,,
v0.4.5,1958.0,0.9190536366189272,,
v0.4.5,1959.0,0.920074606244819,,
v0.4.5,1960.0,0.9173116359065951,,
v0.4.5,1961.0,0.90717024817307,,
v0.4.5,1962.0,0.8962987442167878,,
v0.4.5,1963.0,0.9028597076173378,,
v0.4.5,1964.0,0.8774294840560879,,
v0.4.5,1965.0,0.8877578792662348,,
v0.4.5,1966.0,0.8907344926031664,,
v0.4.5,1967.0,0.8925817267393127,,
v0.4.5,1968.0,0.9075708747839896,,
v0.4.5,1969.0,0.9036026395576956,,
v0.4.5,1970.0,0.8889947396760965,,
v0.4.5,1971.0,0.8717473050889948,,
v0.4.5,1972.0,0.866179822317317,,
v0.4.5,1973.0,0.8604396650171298,,
v0.4.5,1974.0,0.8516436722875149,,
v0.4.5,1975.0,0.8566875419369269,,
v0.4.5,1976.0,0.8309078821009086,,
v0.4.5,1977.0,0.908210638015652,,
v0.4.5,1978.0,0.9493890905372936,,
v0.4.5,1979.0,0.9353928240024744,,
v0.4.5,1980.0,0.9307962529274004,,
v0.4.5,1981.0,0.9469325754606036,,
v0.4.5,1982.0,0.9548306148055208,,
v0.4.5,1983.0,0.960540815461558,,
v0.4.5,1984.0,0.9582959832671704,,
v0.4.5,1985.0,0.944853105077794,,
v0.4.5,1986.0,0.9418140068886336,,
v0.4.5,1987.0,0.9518271682247172,,
v0.4.5,1988.0,0.9583113224159184,,
v0.4.5,1989.0,0.9593087388160314,,
v0.4.5,1990.0,0.9685156676764164,,
v0.4.5,1991.0,0.9716784749105252,,
v0.4.5,1992.0,0.9714590864278672,,
v0.4.5,1993.0,0.985700397296242,,
v0.4.5,1994.0,0.977614406817512,,
v0.4.5,1995.0,0.9615614378411784,,
v0.4.5,1996.0,0.9587987923226224,,
v0.4.5,1997.0,0.9665822683064064,,
v0.4.5,1998.0,0.9676303486446256,,
v0.4.5,1999.0,0.9401367224383428,,
v0.4.5,2000.0,0.9463548830811556,,
v0.4.5,2001.0,0.9621227359785908,,
v0.4.5,2002.0,0.9521510809542716,,
v0.4.5,2003.0,0.9669000137262976,,
v0.4.5,2004.0,0.9793135985870342,,
v0.4.5,2005.0,0.9774123428787448,,
v0.4.5,2006.0,0.9799067799929496,,
v0.4.5,2007.0,0.9816731625242264,,
v0.4.5,2008.0,0.9841069350651934,,
v0.4.5,2009.0,0.9819616170611136,,
v0.4.5,2010.0,0.9834704238655596,,
v0.4.5,2011.0,0.9862799835941944,,
v0.4.5,2012.0,0.9881956361853396,,
v0.4.5,2013.0,0.9903985609084266,,
v0.4.5,2014.0,0.9873716973959324,,
v0.4.5,2015.0,0.9797782988232444,,
v0.4.5,2016.0,0.9822754934400816,,
v0.4.5,2017.0,0.9782262535237848,,
v0.4.5,2018.0,0.9724664541478242,,
v0.4.5,2019.0,0.9810564005773288,,
v0.4.5,2020.0,0.9842132934860812,,
v0.4.5,2021.0,0.9795444312553724,,
v0.4.5,2022.0,0.9050086355785838,,
v0.4.6,1920.0,0.8637738963003714,,
v0.4.6,1921.0,0.8848556791203299,,
v0.4.6,1922.0,0.9024431057563588,,
v0.4.6,1923.0,0.9316849100860048,,
v0.4.6,1924.0,0.9493068049529052,,
v0.4.6,1925.0,0.925178277564454,,
v0.4.6,1926.0,0.9305237003058104,,
v0.4.6,1927.0,0.94644375177104,,
v0.4.6,1928.0,0.949056952662722,,
v0.4.6,1929.0,0.9080654258319232,,
v0.4.6,1930.0,0.907421196326632,,
v0.4.6,1931.0,0.9164326522707466,,
v0.4.6,1932.0,0.8958079268292682,,
v0.4.6,1933.0,0.914510575504181,,
v0.4.6,1934.0,0.910142087212151,,
v0.4.6,1935.0,0.8827115337722506,,
v0.4.6,1936.0,0.8926857362257631,,
v0.4.6,1937.0,0.9308755760368664,,
v0.4.6,1938.0,0.9113188479029812,,
v0.4.6,1939.0,0.8955605866719165,,
v0.4.6,1940.0,0.8986862350574032,,
v0.4.6,1941.0,0.9068493150684932,,
v0.4.6,1942.0,0.916884296582264,,
v0.4.6,1943.0,0.8880258899676375,,
v0.4.6,1944.0,0.8918309859154929,,
v0.4.6,1945.0,0.885939444214019,,
v0.4.6,1946.0,0.884850069735007,,
v0.4.6,1947.0,0.9016863599862338,,
v0.4.6,1948.0,0.8855561277033985,,
v0.4.6,1949.0,0.8862402443162538,,
v0.4.6,1950.0,0.9059077464225758,,
v0.4.6,1951.0,0.91419624217119,,
v0.4.6,1952.0,0.9093065972753712,,
v0.4.6,1953.0,0.9222978197000156,,
v0.4.6,1954.0,0.915946108988538,,
v0.4.6,1955.0,0.9063673064664636,,
v0.4.6,1956.0,0.8999081123654502,,
v0.4.6,1957.0,0.9258886894075404,,
v0.4.6,1958.0,0.9066069574247144,,
v0.4.6,1959.0,0.9117954753498104,,
v0.4.6,1960.0,0.916713738781146,,
v0.4.6,1961.0,0.9104608730909582,,
v0.4.6,1962.0,0.9016825715720744,,
v0.4.6,1963.0,0.9036378620202496,,
v0.4.6,1964.0,0.8819917440660475,,
v0.4.6,1965.0,0.8927638244547539,,
v0.4.6,1966.0,0.8886492451221347,,
v0.4.6,1967.0,0.8952458681901653,,
v0.4.6,1968.0,0.9091197390477054,,
v0.4.6,1969.0,0.9037951961706128,,
v0.4.6,1970.0,0.8917820347714102,,
v0.4.6,1971.0,0.8603160570228755,,
v0.4.6,1972.0,0.8597646603070069,,
v0.4.6,1973.0,0.8584751809193762,,
v0.4.6,1974.0,0.8481460023174971,,
v0.4.6,1975.0,0.8446632384297003,,
v0.4.6,1976.0,0.8167714884696017,,
v0.4.6,1977.0,0.8929689723882721,,
v0.4.6,1978.0,0.9467684942437022,,
v0.4.6,1979.0,0.9416170287316048,,
v0.4.6,1980.0,0.9339003540281496,,
v0.4.6,1981.0,0.9463164766735298,,
v0.4.6,1982.0,0.9523599686643164,,
v0.4.6,1983.0,0.9597954813617096,,
v0.4.6,1984.0,0.9579608814939377,,
v0.4.6,1985.0,0.943603470555658,,
v0.4.6,1986.0,0.938231960710238,,
v0.4.6,1987.0,0.9486123058812876,,
v0.4.6,1988.0,0.9560763338017316,,
v0.4.6,1989.0,0.9609785442149588,,
v0.4.6,1990.0,0.971096428870118,,
v0.4.6,1991.0,0.9731231770042602,,
v0.4.6,1992.0,0.9725508989952406,,
v0.4.6,1993.0,0.9868169897111996,,
v0.4.6,1994.0,0.9828747511657712,,
v0.4.6,1995.0,0.9625509292993564,,
v0.4.6,1996.0,0.9633187392450282,,
v0.4.6,1997.0,0.9704337461362856,,
v0.4.6,1998.0,0.9696687775534152,,
v0.4.6,1999.0,0.943313396211947,,
v0.4.6,2000.0,0.9502422157791424,,
v0.4.6,2001.0,0.9651337837595656,,
v0.4.6,2002.0,0.9564077046847534,,
v0.4.6,2003.0,0.9702293362163028,,
v0.4.6,2004.0,0.978566425966624,,
v0.4.6,2005.0,0.9780343000129836,,
v0.4.6,2006.0,0.9803990518611132,,
v0.4.6,2007.0,0.9812616251262156,,
v0.4.6,2008.0,0.9832165197823004,,
v0.4.6,2009.0,0.982274741506647,,
v0.4.6,2010.0,0.9836467809086282,,
v0.4.6,2011.0,0.9852892887633808,,
v0.4.6,2012.0,0.987091044031585,,
v0.4.6,2013.0,0.9878419791608626,,
v0.4.6,2014.0,0.985332274919138,,
v0.4.6,2015.0,0.979866295264624,,
v0.4.6,2016.0,0.9831483089633158,,
v0.4.6,2017.0,0.9777133298836328,,
v0.4.6,2018.0,0.9746951402655132,,
v0.4.6,2019.0,0.9799307267984664,,
v0.4.6,2020.0,0.9869721730186848,,
v0.4.6,2021.0,0.9824146733478302,,
v0.4.6,2022.0,0.9871821472208774,,
v0.5.1,1920.0,0.8769770320451107,,
v0.5.1,1921.0,0.8911033362489067,,
v0.5.1,1922.0,0.9090528781793842,,
v0.5.1,1923.0,0.9319781078967944,,
v0.5.1,1924.0,0.9499417927823052,,
v0.5.1,1925.0,0.9262753702687876,,
v0.5.1,1926.0,0.9323394495412844,,
v0.5.1,1927.0,0.949088504770001,,
v0.5.1,1928.0,0.9500739644970414,,
v0.5.1,1929.0,0.9124835495393872,,
v0.5.1,1930.0,0.9152808802846032,,
v0.5.1,1931.0,0.9259223394984022,,
v0.5.1,1932.0,0.8991615853658537,,
v0.5.1,1933.0,0.920118052139695,,
v0.5.1,1934.0,0.9160215580597746,,
v0.5.1,1935.0,0.8961228968544257,,
v0.5.1,1936.0,0.9030524092916108,,
v0.5.1,1937.0,0.9366654850525818,,
v0.5.1,1938.0,0.9281202627589692,,
v0.5.1,1939.0,0.9148538241952948,,
v0.5.1,1940.0,0.9030654515327258,,
v0.5.1,1941.0,0.9148075668623614,,
v0.5.1,1942.0,0.9232428749858068,,
v0.5.1,1943.0,0.8977346278317152,,
v0.5.1,1944.0,0.903549295774648,,
v0.5.1,1945.0,0.8949813355454168,,
v0.5.1,1946.0,0.8931311018131102,,
v0.5.1,1947.0,0.9099460823677872,,
v0.5.1,1948.0,0.8997167868177137,,
v0.5.1,1949.0,0.914574143196471,,
v0.5.1,1950.0,0.921816292269566,,
v0.5.1,1951.0,0.924982602644398,,
v0.5.1,1952.0,0.927445277820297,,
v0.5.1,1953.0,0.9274779650533478,,
v0.5.1,1954.0,0.928212346672029,,
v0.5.1,1955.0,0.9191869112543382,,
v0.5.1,1956.0,0.9198608558676818,,
v0.5.1,1957.0,0.9357271095152604,,
v0.5.1,1958.0,0.920301142263759,,
v0.5.1,1959.0,0.92049169608997,,
v0.5.1,1960.0,0.9269440783279984,,
v0.5.1,1961.0,0.9372212461143398,,
v0.5.1,1962.0,0.9357734806629834,,
v0.5.1,1963.0,0.932010831174947,,
v0.5.1,1964.0,0.911971104231166,,
v0.5.1,1965.0,0.9254519276915694,,
v0.5.1,1966.0,0.9199979936800924,,
v0.5.1,1967.0,0.9264639869414404,,
v0.5.1,1968.0,0.9268789924341956,,
v0.5.1,1969.0,0.9294384135396188,,
v0.5.1,1970.0,0.919148422408242,,
v0.5.1,1971.0,0.9435849265112168,,
v0.5.1,1972.0,0.9368553580940392,,
v0.5.1,1973.0,0.9298746305167668,,
v0.5.1,1974.0,0.926071842410197,,
v0.5.1,1975.0,0.9175968895020696,,
v0.5.1,1976.0,0.9067505241090148,,
v0.5.1,1977.0,0.9219328209507544,,
v0.5.1,1978.0,0.9480793343212128,,
v0.5.1,1979.0,0.9436755430974072,,
v0.5.1,1980.0,0.9384768154736206,,
v0.5.1,1981.0,0.9516898508512028,,
v0.5.1,1982.0,0.9548570309439874,,
v0.5.1,1983.0,0.9597517807979724,,
v0.5.1,1984.0,0.9581378883086998,,
v0.5.1,1985.0,0.9462802289089902,,
v0.5.1,1986.0,0.9385153003400076,,
v0.5.1,1987.0,0.9487481323855662,,
v0.5.1,1988.0,0.956166991523503,,
v0.5.1,1989.0,0.9609785442149588,,
v0.5.1,1990.0,0.971096428870118,,
v0.5.1,1991.0,0.9731231770042602,,
v0.5.1,1992.0,0.9725508989952406,,
v0.5.1,1993.0,0.9868169897111996,,
v0.5.1,1994.0,0.9831474462109024,,
v0.5.1,1995.0,0.964059565471731,,
v0.5.1,1996.0,0.9649850791783746,,
v0.5.1,1997.0,0.9723428756136488,,
v0.5.1,1998.0,0.971656323674,,
v0.5.1,1999.0,0.945728855149145,,
v0.5.1,2000.0,0.9539609933548236,,
v0.5.1,2001.0,0.9660657001021524,,
v0.5.1,2002.0,0.9570029483161115,,
v0.5.1,2003.0,0.9715506972181348,,
v0.5.1,2004.0,0.9801603593595286,,
v0.5.1,2005.0,0.9804185404199568,,
v0.5.1,2006.0,0.98082884009273,,
v0.5.1,2007.0,0.9829515863315088,,
v0.5.1,2008.0,0.9839302885806904,,
v0.5.1,2009.0,0.982274741506647,,
v0.5.1,2010.0,0.9836467809086282,,
v0.5.1,2011.0,0.9852892887633808,,
v0.5.1,2012.0,0.987091044031585,,
v0.5.1,2013.0,0.9878419791608626,,
v0.5.1,2014.0,0.985332274919138,,
v0.5.1,2015.0,0.979866295264624,,
v0.5.1,2016.0,0.9831483089633158,,
v0.5.1,2017.0,0.9777133298836328,,
v0.5.1,2018.0,0.9755962035201536,,
v0.5.1,2019.0,0.9836937155237538,,
v0.5.1,2020.0,0.987943546083081,,
v0.5.1,2021.0,0.9841479940751946,,
v0.5.1,2022.0,0.9887497982801946,,
v0.6.0,1910.0,0.9031144257993232,,
v0.6.0,1911.0,0.9207242642072426,,
v0.6.0,1912.0,0.92795831802545,,
v0.6.0,1913.0,0.939190008487935,,
v0.6.0,1914.0,0.878984238178634,,
v0.6.0,1915.0,0.8868921775898521,,
v0.6.0,1916.0,0.8997294163123308,,
v0.6.0,1917.0,0.8892458140262103,,
v0.6.0,1918.0,0.8831362757337642,,
v0.6.0,1919.0,0.8847496206373293,,
v0.6.0,1920.0,0.8769770320451107,,
v0.6.0,1921.0,0.8921654379607648,,
v0.6.0,1922.0,0.9106425702811244,,
v0.6.0,1923.0,0.9332486317435496,,
v0.6.0,1924.0,0.9554450206371043,,
v0.6.0,1925.0,0.9262753702687876,,
v0.6.0,1926.0,0.9323394495412844,,
v0.6.0,1927.0,0.9512609804477188,,
v0.6.0,1928.0,0.9517381656804734,,
v0.6.0,1929.0,0.9148336153412296,,
v0.6.0,1930.0,0.9172664846529328,,
v0.6.0,1931.0,0.9276653432749103,,
v0.6.0,1932.0,0.9009146341463414,,
v0.6.0,1933.0,0.920118052139695,,
v0.6.0,1934.0,0.9160215580597746,,
v0.6.0,1935.0,0.8961228968544257,,
v0.6.0,1936.0,0.9060280284123632,,
v0.6.0,1937.0,0.9377289377289376,,
v0.6.0,1938.0,0.9281202627589692,,
v0.6.0,1939.0,0.9152475637365882,,
v0.6.0,1940.0,0.907563025210084,,
v0.6.0,1941.0,0.9148075668623614,,
v0.6.0,1942.0,0.9244918814579312,,
v0.6.0,1943.0,0.9035598705501618,,
v0.6.0,1944.0,0.9051267605633804,,
v0.6.0,1945.0,0.8959767731231854,,
v0.6.0,1946.0,0.8941771269177127,,
v0.6.0,1947.0,0.913387633360101,,
v0.6.0,1948.0,0.9051235839340884,,
v0.6.0,1949.0,0.915592127587377,,
v0.6.0,1950.0,0.921816292269566,,
v0.6.0,1951.0,0.9255393180236604,,
v0.6.0,1952.0,0.9283636920251032,,
v0.6.0,1953.0,0.9284830678830988,,
v0.6.0,1954.0,0.928212346672029,,
v0.6.0,1955.0,0.9191869112543382,,
v0.6.0,1956.0,0.9202546600157522,,
v0.6.0,1957.0,0.9365170556552962,,
v0.6.0,1958.0,0.9230269989615784,,
v0.6.0,1959.0,0.9213417026284818,,
v0.6.0,1960.0,0.9306470846670432,,
v0.6.0,1961.0,0.9375591296121096,,
v0.6.0,1962.0,0.9357734806629834,,
v0.6.0,1963.0,0.932010831174947,,
v0.6.0,1964.0,0.9120743034055728,,
v0.6.0,1965.0,0.927158321335253,,
v0.6.0,1966.0,0.9207503636454832,,
v0.6.0,1967.0,0.9273617629055296,,
v0.6.0,1968.0,0.9276944683550038,,
v0.6.0,1969.0,0.9294384135396188,,
v0.6.0,1970.0,0.9204764971023824,,
v0.6.0,1971.0,0.9435849265112168,,
v0.6.0,1972.0,0.9391312769357416,,
v0.6.0,1973.0,0.9303332993578636,,
v0.6.0,1974.0,0.929837775202781,,
v0.6.0,1975.0,0.9175968895020696,,
v0.6.0,1976.0,0.9067505241090148,,
v0.6.0,1977.0,0.9225021349274124,,
v0.6.0,1978.0,0.9488772369770888,,
v0.6.0,1979.0,0.9458216538192012,,
v0.6.0,1980.0,0.939297124600639,,
v0.6.0,1981.0,0.9516898508512028,,
v0.6.0,1982.0,0.9550528789659224,,
v0.6.0,1983.0,0.9597954813617096,,
v0.6.0,1984.0,0.9581378883086998,,
v0.6.0,1985.0,0.9462802289089902,,
v0.6.0,1986.0,0.9390347563279184,,
v0.6.0,1987.0,0.9487481323855662,,
v0.6.0,1988.0,0.956166991523503,,
v0.6.0,1989.0,0.9609785442149588,,
v0.6.0,1990.0,0.971096428870118,,
v0.6.0,1991.0,0.973159981965569,,
v0.6.0,1992.0,0.9725508989952406,,
v0.6.0,1993.0,0.9868169897111996,,
v0.6.0,1994.0,0.984256406061102,,
v0.6.0,1995.0,0.9644803415470192,,
v0.6.0,1996.0,0.9655405258228236,,
v0.6.0,1997.0,0.9727065193236228,,
v0.6.0,1998.0,0.9728721098647836,,
v0.6.0,1999.0,0.945728855149145,,
v0.6.0,2000.0,0.9539609933548236,,
v0.6.0,2001.0,0.9660657001021524,,
v0.6.0,2002.0,0.9570029483161115,,
v0.6.0,2003.0,0.9715807281499944,,
v0.6.0,2004.0,0.9802086603714348,,
v0.6.0,2005.0,0.9804185404199568,,
v0.6.0,2006.0,0.98174051209919,,
v0.6.0,2007.0,0.9829622150183344,,
v0.6.0,2008.0,0.9843962209907507,,
v0.6.0,2009.0,0.9823088285422112,,
v0.6.0,2010.0,0.985056316153535,,
v0.6.0,2011.0,0.9852892887633808,,
v0.6.0,2012.0,0.987091044031585,,
v0.6.0,2013.0,0.9878419791608626,,
v0.6.0,2014.0,0.98716870253427,,
v0.6.0,2015.0,0.9807688022284122,,
v0.6.0,2016.0,0.9835942450771,,
v0.6.0,2017.0,0.9777133298836328,,
v0.6.0,2018.0,0.9767525680302758,,
v0.6.0,2019.0,0.984406402782331,,
v0.6.0,2020.0,0.9884863722073024,,
v0.6.0,2021.0,0.984568193039404,,
v0.6.0,2022.0,0.9887497982801946,,
v0.7.0,1890.0,0.8462125416204217,,
v0.7.0,1891.0,0.8618406368573767,,
v0.7.0,1892.0,0.8203830632246493,,
v0.7.0,1893.0,0.8367705835331735,,
v0.7.0,1894.0,0.8700624383831745,,
v0.7.0,1895.0,0.8827805222300635,,
v0.7.0,1896.0,0.888476821192053,,
v0.7.0,1897.0,0.8933094713656388,,
v0.7.0,1898.0,0.8990607308286156,,
v0.7.0,1899.0,0.8862295354441951,,
v0.7.0,1900.0,0.900685673042223,,
v0.7.0,1901.0,0.8809451681308694,,
v0.7.0,1902.0,0.8799973698053656,,
v0.7.0,1903.0,0.9004585753592174,,
v0.7.0,1904.0,0.8799480490146253,,
v0.7.0,1905.0,0.8928054639115587,,
v0.7.0,1906.0,0.9051575931232092,,
v0.7.0,1907.0,0.8900593854892848,,
v0.7.0,1908.0,0.888507718696398,,
v0.7.0,1909.0,0.8786559394226219,,
v0.7.0,1910.0,0.9031144257993232,,
v0.7.0,1911.0,0.9207242642072426,,
v0.7.0,1912.0,0.92795831802545,,
v0.7.0,1913.0,0.939190008487935,,
v0.7.0,1914.0,0.878984238178634,,
v0.7.0,1915.0,0.8868921775898521,,
v0.7.0,1916.0,0.8997294163123308,,
v0.7.0,1917.0,0.8892458140262103,,
v0.7.0,1918.0,0.8831362757337642,,
v0.7.0,1919.0,0.8847496206373293,,
v0.7.0,1920.0,0.8769770320451107,,
v0.7.0,1921.0,0.8921654379607648,,
v0.7.0,1922.0,0.9106425702811244,,
v0.7.0,1923.0,0.9332486317435496,,
v0.7.0,1924.0,0.9554450206371043,,
v0.7.0,1925.0,0.9262753702687876,,
v0.7.0,1926.0,0.9323394495412844,,
v0.7.0,1927.0,0.9512609804477188,,
v0.7.0,1928.0,0.9517381656804734,,
v0.7.0,1929.0,0.9148336153412296,,
v0.7.0,1930.0,0.9172664846529328,,
v0.7.0,1931.0,0.9276653432749103,,
v0.7.0,1932.0,0.9009146341463414,,
v0.7.0,1933.0,0.920118052139695,,
v0.7.0,1934.0,0.9160215580597746,,
v0.7.0,1935.0,0.8961228968544257,,
v0.7.0,1936.0,0.9060280284123632,,
v0.7.0,1937.0,0.9377289377289376,,
v0.7.0,1938.0,0.9281202627589692,,
v0.7.0,1939.0,0.9152475637365882,,
v0.7.0,1940.0,0.907563025210084,,
v0.7.0,1941.0,0.9148075668623614,,
v0.7.0,1942.0,0.9244918814579312,,
v0.7.0,1943.0,0.9035598705501618,,
v0.7.0,1944.0,0.9051267605633804,,
v0.7.0,1945.0,0.8959767731231854,,
v0.7.0,1946.0,0.8941771269177127,,
v0.7.0,1947.0,0.913387633360101,,
v0.7.0,1948.0,0.9051235839340884,,
v0.7.0,1949.0,0.915592127587377,,
v0.7.0,1950.0,0.921816292269566,,
v0.7.0,1951.0,0.9255393180236604,,
v0.7.0,1952.0,0.9283636920251032,,
v0.7.0,1953.0,0.9284830678830988,,
v0.7.0,1954.0,0.928212346672029,,
v0.7.0,1955.0,0.9191869112543382,,
v0.7.0,1956.0,0.9202546600157522,,
v0.7.0,1957.0,0.9365170556552962,,
v0.7.0,1958.0,0.9230269989615784,,
v0.7.0,1959.0,0.9213417026284818,,
v0.7.0,1960.0,0.9306470846670432,,
v0.7.0,1961.0,0.9375591296121096,,
v0.7.0,1962.0,0.9357734806629834,,
v0.7.0,1963.0,0.932010831174947,,
v0.7.0,1964.0,0.9120743034055728,,
v0.7.0,1965.0,0.927158321335253,,
v0.7.0,1966.0,0.9207503636454832,,
v0.7.0,1967.0,0.9273617629055296,,
v0.7.0,1968.0,0.9276944683550038,,
v0.7.0,1969.0,0.9294384135396188,,
v0.7.0,1970.0,0.9204764971023824,,
v0.7.0,1971.0,0.9435849265112168,,
v0.7.0,1972.0,0.9391312769357416,,
v0.7.0,1973.0,0.9303332993578636,,
v0.7.0,1974.0,0.929837775202781,,
v0.7.0,1975.0,0.9175968895020696,,
v0.7.0,1976.0,0.9067505241090148,,
v0.7.0,1977.0,0.9225021349274124,,
v0.7.0,1978.0,0.9488772369770888,,
v0.7.0,1979.0,0.9458216538192012,,
v0.7.0,1980.0,0.939297124600639,,
v0.7.0,1981.0,0.9516898508512028,,
v0.7.0,1982.0,0.9550528789659224,,
v0.7.0,1983.0,0.9597954813617096,,
v0.7.0,1984.0,0.9581378883086998,,
v0.7.0,1985.0,0.9462802289089902,,
v0.7.0,1986.0,0.9390347563279184,,
v0.7.0,1987.0,0.9487481323855662,,
v0.7.0,1988.0,0.956166991523503,,
v0.7.0,1989.0,0.9609785442149588,,
v0.7.0,1990.0,0.971096428870118,,
v0.7.0,1991.0,0.973159981965569,,
v0.7.0,1992.0,0.9725508989952406,,
v0.7.0,1993.0,0.9868169897111996,,
v0.7.0,1994.0,0.984256406061102,,
v0.7.0,1995.0,0.9644803415470192,,
v0.7.0,1996.0,0.9655405258228236,,
v0.7.0,1997.0,0.9727065193236228,,
v0.7.0,1998.0,0.9728721098647836,,
v0.7.0,1999.0,0.945728855149145,,
v0.7.0,2000.0,0.9539609933548236,,
v0.7.0,2001.0,0.9660657001021524,,
v0.7.0,2002.0,0.9570029483161115,,
v0.7.0,2003.0,0.9715807281499944,,
v0.7.0,2004.0,0.9802086603714348,,
v0.7.0,2005.0,0.9804185404199568,,
v0.7.0,2006.0,0.98174051209919,,
v0.7.0,2007.0,0.9829622150183344,,
v0.7.0,2008.0,0.9843962209907507,,
v0.7.0,2009.0,0.9823088285422112,,
v0.7.0,2010.0,0.985056316153535,,
v0.7.0,2011.0,0.9852892887633808,,
v0.7.0,2012.0,0.987091044031585,,
v0.7.0,2013.0,0.9878419791608626,,
v0.7.0,2014.0,0.98716870253427,,
v0.7.0,2015.0,0.9807688022284122,,
v0.7.0,2016.0,0.9835942450771,,
v0.7.0,2017.0,0.9777133298836328,,
v0.7.0,2018.0,0.9767525680302758,,
v0.7.0,2019.0,0.984406402782331,,
v0.7.0,2020.0,0.9884863722073024,,
v0.7.0,2021.0,0.984568193039404,,
v0.7.0,2022.0,0.9887497982801946,,
v0.8.0,1867.0,0.7018104366347178,,
v0.8.0,1868.0,0.7188343994314144,,
v0.8.0,1869.0,0.73998891506166,,
v0.8.0,1870.0,0.814481856815953,,
v0.8.0,1871.0,0.8079425484900564,,
v0.8.0,1872.0,0.7729746785517079,,
v0.8.0,1873.0,0.7461431549687283,,
v0.8.0,1874.0,0.7766163035839775,,
v0.8.0,1875.0,0.7780871739501052,,
v0.8.0,1876.0,0.8089260808926081,,
v0.8.0,1877.0,0.8227741274338417,,
v0.8.0,1878.0,0.8494962216624685,,
v0.8.0,1879.0,0.7961729270021262,,
v0.8.0,1880.0,0.8231836511516643,,
v0.8.0,1881.0,0.8070970177425444,,
v0.8.0,1882.0,0.79495841995842,,
v0.8.0,1883.0,0.7967966573816156,,
v0.8.0,1884.0,0.7603914259086673,,
v0.8.0,1885.0,0.7543525571273123,,
v0.8.0,1886.0,0.7614631962652683,,
v0.8.0,1887.0,0.7753822367290844,,
v0.8.0,1888.0,0.7642608873441014,,
v0.8.0,1889.0,0.8511279083500649,,
v0.8.0,1890.0,0.8607796892341842,,
v0.8.0,1891.0,0.8620638345361208,,
v0.8.0,1892.0,0.8201908910383704,,
v0.8.0,1893.0,0.837410071942446,,
v0.8.0,1894.0,0.8704567860663819,,
v0.8.0,1895.0,0.884333098094566,,
v0.8.0,1896.0,0.8883443708609271,,
v0.8.0,1897.0,0.8608893171806168,,
v0.8.0,1898.0,0.8637416366443644,,
v0.8.0,1899.0,0.8819080860965678,,
v0.8.0,1900.0,0.9033561891014076,,
v0.8.0,1901.0,0.8933656467737049,,
v0.8.0,1902.0,0.9025512887953708,,
v0.8.0,1903.0,0.9174564353408744,,
v0.8.0,1904.0,0.8888700660681009,,
v0.8.0,1905.0,0.9053076344272732,,
v0.8.0,1906.0,0.9147851002865328,,
v0.8.0,1907.0,0.9162406403304932,,
v0.8.0,1908.0,0.9114551944740624,,
v0.8.0,1909.0,0.8805489824893517,,
v0.8.0,1910.0,0.9134728264622608,,
v0.8.0,1911.0,0.9273023192730232,,
v0.8.0,1912.0,0.9341371363681908,,
v0.8.0,1913.0,0.9435249181520552,,
v0.8.0,1914.0,0.8835026269702276,,
v0.8.0,1915.0,0.8902521896707943,,
v0.8.0,1916.0,0.9050251256281407,,
v0.8.0,1917.0,0.8910936123034937,,
v0.8.0,1918.0,0.885608675430222,,
v0.8.0,1919.0,0.8867981790591806,,
v0.8.0,1920.0,0.8845413285655344,,
v0.8.0,1921.0,0.9124703236286392,,
v0.8.0,1922.0,0.929718875502008,,
v0.8.0,1923.0,0.9510359655981236,,
v0.8.0,1924.0,0.9756587998730024,,
v0.8.0,1925.0,0.9613823368074602,,
v0.8.0,1926.0,0.96368501529052,,
v0.8.0,1927.0,0.9709077170114292,,
v0.8.0,1928.0,0.9706915680473372,,
v0.8.0,1929.0,0.9378642601992856,,
v0.8.0,1930.0,0.9460577479937122,,
v0.8.0,1931.0,0.9447080468674348,,
v0.8.0,1932.0,0.9251524390243904,,
v0.8.0,1933.0,0.9463846532218396,,
v0.8.0,1934.0,0.9426751592356688,,
v0.8.0,1935.0,0.933674713484516,,
v0.8.0,1936.0,0.9338644653484354,,
v0.8.0,1937.0,0.9709322935129386,,
v0.8.0,1938.0,0.9690500252652856,,
v0.8.0,1939.0,0.9424155920858353,,
v0.8.0,1940.0,0.9526571191857024,,
v0.8.0,1941.0,0.9575994781474232,,
v0.8.0,1942.0,0.9634381741796298,,
v0.8.0,1943.0,0.9312837108953612,,
v0.8.0,1944.0,0.9255211267605634,,
v0.8.0,1945.0,0.9155537121526338,,
v0.8.0,1946.0,0.9257322175732218,,
v0.8.0,1947.0,0.9457382126878512,,
v0.8.0,1948.0,0.9360195674562308,,
v0.8.0,1949.0,0.9363759755683746,,
v0.8.0,1950.0,0.9425213846030858,,
v0.8.0,1951.0,0.9427974947807932,,
v0.8.0,1952.0,0.9504821674575232,,
v0.8.0,1953.0,0.94379155713623,,
v0.8.0,1954.0,0.942824586098264,,
v0.8.0,1955.0,0.938735037892202,,
v0.8.0,1956.0,0.9291808873720137,,
v0.8.0,1957.0,0.9529622980251348,,
v0.8.0,1958.0,0.9355529595015576,,
v0.8.0,1959.0,0.9423303256178892,,
v0.8.0,1960.0,0.953555513713676,,
v0.8.0,1961.0,0.9533720773077444,,
v0.8.0,1962.0,0.9489578101456556,,
v0.8.0,1963.0,0.9507887920885332,,
v0.8.0,1964.0,0.9265221878224974,,
v0.8.0,1965.0,0.9403828720738016,,
v0.8.0,1966.0,0.9304308572001806,,
v0.8.0,1967.0,0.9409100183635992,,
v0.8.0,1968.0,0.9361663570878448,,
v0.8.0,1969.0,0.9399521326609112,,
v0.8.0,1970.0,0.9346426271732132,,
v0.8.0,1971.0,0.9602165985191734,,
v0.8.0,1972.0,0.9596145465110648,,
v0.8.0,1973.0,0.9546427479359902,,
v0.8.0,1974.0,0.9541135573580533,,
v0.8.0,1975.0,0.9431832434466324,,
v0.8.0,1976.0,0.929392033542977,,
v0.8.0,1977.0,0.9449188727583262,,
v0.8.0,1978.0,0.9561723469736692,,
v0.8.0,1979.0,0.9533987386124736,,
v0.8.0,1980.0,0.9471979967187636,,
v0.8.0,1981.0,0.9587204338874102,,
v0.8.0,1982.0,0.961662749706228,,
v0.8.0,1983.0,0.9670497749420968,,
v0.8.0,1984.0,0.9649969023807417,,
v0.8.0,1985.0,0.9551412220786412,,
v0.8.0,1986.0,0.9452682281828484,,
v0.8.0,1987.0,0.9514193869697108,,
v0.8.0,1988.0,0.9583881057069036,,
v0.8.0,1989.0,0.9648686585121315,,
v0.8.0,1990.0,0.9746257422430376,,
v0.8.0,1991.0,0.9768404780964474,,
v0.8.0,1992.0,0.9738068482284504,,
v0.8.0,1993.0,0.9878955291050452,,
v0.8.0,1994.0,0.9851108505358458,,
v0.8.0,1995.0,0.9652295282176542,,
v0.8.0,1996.0,0.966346468012808,,
v0.8.0,1997.0,0.9739489686660336,,
v0.8.0,1998.0,0.9741830445400628,,
v0.8.0,1999.0,0.9470995322444598,,
v0.8.0,2000.0,0.9548434151524428,,
v0.8.0,2001.0,0.9669886557106758,,
v0.8.0,2002.0,0.9589653921632456,,
v0.8.0,2003.0,0.9725317076588886,,
v0.8.0,2004.0,0.9811746806095588,,
v0.8.0,2005.0,0.9815752511124488,,
v0.8.0,2006.0,0.9824047302753248,,
v0.8.0,2007.0,0.984099484508689,,
v0.8.0,2008.0,0.9848522399452776,,
v0.8.0,2009.0,0.9831610044313146,,
v0.8.0,2010.0,0.9855653149919736,,
v0.8.0,2011.0,0.98627438103369,,
v0.8.0,2012.0,0.9880643866116728,,
v0.8.0,2013.0,0.988644341672703,,
v0.8.0,2014.0,0.9886378446263758,,
v0.8.0,2015.0,0.9812813370473538,,
v0.8.0,2016.0,0.9839345647428828,,
v0.8.0,2017.0,0.9793258643304974,,
v0.8.0,2018.0,0.9769177629602932,,
v0.8.0,2019.0,0.986629987029092,,
v0.8.0,2020.0,0.9890006285355124,,
v0.8.0,2021.0,0.985398085993718,,
v0.8.0,2022.0,0.98902644258478,,
v0.8.1,1867.0,0.7025204117855876,,
v0.8.1,1868.0,0.7224591329068941,,
v0.8.1,1869.0,0.742205902729666,,
v0.8.1,1870.0,0.8157894736842105,,
v0.8.1,1871.0,0.808065308126688,,
v0.8.1,1872.0,0.7729746785517079,,
v0.8.1,1873.0,0.7462126476719945,,
v0.8.1,1874.0,0.7767041461700632,,
v0.8.1,1875.0,0.7785986247655851,,
v0.8.1,1876.0,0.8089260808926081,,
v0.8.1,1877.0,0.8227741274338417,,
v0.8.1,1878.0,0.8500114495076712,,
v0.8.1,1879.0,0.7965272856130404,,
v0.8.1,1880.0,0.8263960084751555,,
v0.8.1,1881.0,0.8073801434503586,,
v0.8.1,1882.0,0.8022349272349273,,
v0.8.1,1883.0,0.7994428969359332,,
v0.8.1,1884.0,0.7604846225535881,,
v0.8.1,1885.0,0.7557807399347116,,
v0.8.1,1886.0,0.7625503613225043,,
v0.8.1,1887.0,0.776928362824257,,
v0.8.1,1888.0,0.7655557827301847,,
v0.8.1,1889.0,0.8534309672847525,,
v0.8.1,1890.0,0.8607796892341842,,
v0.8.1,1891.0,0.8621382337623689,,
v0.8.1,1892.0,0.8229453590417014,,
v0.8.1,1893.0,0.837410071942446,,
v0.8.1,1894.0,0.8724942490962866,,
v0.8.1,1895.0,0.88454481298518,,
v0.8.1,1896.0,0.8886092715231788,,
v0.8.1,1897.0,0.8608893171806168,,
v0.8.1,1898.0,0.8637416366443644,,
v0.8.1,1899.0,0.8819080860965678,,
v0.8.1,1900.0,0.904150126308192,,
v0.8.1,1901.0,0.8933656467737049,,
v0.8.1,1902.0,0.9031430825881116,,
v0.8.1,1903.0,0.918434729440538,,
v0.8.1,1904.0,0.8907899937884691,,
v0.8.1,1905.0,0.9053076344272732,,
v0.8.1,1906.0,0.9164469914040114,,
v0.8.1,1907.0,0.9174799896720888,,
v0.8.1,1908.0,0.9117333456956098,,
v0.8.1,1909.0,0.881590156176053,,
v0.8.1,1910.0,0.91364546647331,,
v0.8.1,1911.0,0.9273701342737012,,
v0.8.1,1912.0,0.934805116729568,,
v0.8.1,1913.0,0.9435249181520552,,
v0.8.1,1914.0,0.8835026269702276,,
v0.8.1,1915.0,0.8904409543944428,,
v0.8.1,1916.0,0.905373018940858,,
v0.8.1,1917.0,0.8910936123034937,,
v0.8.1,1918.0,0.885608675430222,,
v0.8.1,1919.0,0.8868234699038948,,
v0.8.1,1920.0,0.8845413285655344,,
v0.8.1,1921.0,0.912782706485068,,
v0.8.1,1922.0,0.929718875502008,,
v0.8.1,1923.0,0.9510359655981236,,
v0.8.1,1924.0,0.9756587998730024,,
v0.8.1,1925.0,0.9613823368074602,,
v0.8.1,1926.0,0.96368501529052,,
v0.8.1,1927.0,0.9709077170114292,,
v0.8.1,1928.0,0.9706915680473372,,
v0.8.1,1929.0,0.9378642601992856,,
v0.8.1,1930.0,0.9460577479937122,,
v0.8.1,1931.0,0.9447080468674348,,
v0.8.1,1932.0,0.9251524390243904,,
v0.8.1,1933.0,0.9463846532218396,,
v0.8.1,1934.0,0.9426751592356688,,
v0.8.1,1935.0,0.933674713484516,,
v0.8.1,1936.0,0.9338644653484354,,
v0.8.1,1937.0,0.9709322935129386,,
v0.8.1,1938.0,0.9690500252652856,,
v0.8.1,1939.0,0.9424155920858353,,
v0.8.1,1940.0,0.9526571191857024,,
v0.8.1,1941.0,0.9575994781474232,,
v0.8.1,1942.0,0.9634381741796298,,
v0.8.1,1943.0,0.9312837108953612,,
v0.8.1,1944.0,0.9255211267605634,,
v0.8.1,1945.0,0.9155537121526338,,
v0.8.1,1946.0,0.9257322175732218,,
v0.8.1,1947.0,0.9457382126878512,,
v0.8.1,1948.0,0.9360195674562308,,
v0.8.1,1949.0,0.9363759755683746,,
v0.8.1,1950.0,0.9425213846030858,,
v0.8.1,1951.0,0.9427974947807932,,
v0.8.1,1952.0,0.9504821674575232,,
v0.8.1,1953.0,0.94379155713623,,
v0.8.1,1954.0,0.942824586098264,,
v0.8.1,1955.0,0.938735037892202,,
v0.8.1,1956.0,0.9291808873720137,,
v0.8.1,1957.0,0.9529622980251348,,
v0.8.1,1958.0,0.9355529595015576,,
v0.8.1,1959.0,0.9423303256178892,,
v0.8.1,1960.0,0.953555513713676,,
v0.8.1,1961.0,0.9533720773077444,,
v0.8.1,1962.0,0.9489578101456556,,
v0.8.1,1963.0,0.9507887920885332,,
v0.8.1,1964.0,0.9265221878224974,,
v0.8.1,1965.0,0.9403828720738016,,
v0.8.1,1966.0,0.9304308572001806,,
v0.8.1,1967.0,0.9409100183635992,,
v0.8.1,1968.0,0.9361663570878448,,
v0.8.1,1969.0,0.9399521326609112,,
v0.8.1,1970.0,0.9346426271732132,,
v0.8.1,1971.0,0.9602165985191734,,
v0.8.1,1972.0,0.9596145465110648,,
v0.8.1,1973.0,0.9546427479359902,,
v0.8.1,1974.0,0.9541135573580533,,
v0.8.1,1975.0,0.9431832434466324,,
v0.8.1,1976.0,0.929392033542977,,
v0.8.1,1977.0,0.9449188727583262,,
v0.8.1,1978.0,0.9561723469736692,,
v0.8.1,1979.0,0.9533987386124736,,
v0.8.1,1980.0,0.9471979967187636,,
v0.8.1,1981.0,0.9587204338874102,,
v0.8.1,1982.0,0.961662749706228,,
v0.8.1,1983.0,0.9670497749420968,,
v0.8.1,1984.0,0.9649969023807417,,
v0.8.1,1985.0,0.9551412220786412,,
v0.8.1,1986.0,0.9452682281828484,,
v0.8.1,1987.0,0.9514193869697108,,
v0.8.1,1988.0,0.9583881057069036,,
v0.8.1,1989.0,0.9648686585121315,,
v0.8.1,1990.0,0.9746257422430376,,
v0.8.1,1991.0,0.9768404780964474,,
v0.8.1,1992.0,0.9738068482284504,,
v0.8.1,1993.0,0.9878955291050452,,
v0.8.1,1994.0,0.9851108505358458,,
v0.8.1,1995.0,0.9652295282176542,,
v0.8.1,1996.0,0.966346468012808,,
v0.8.1,1997.0,0.9739489686660336,,
v0.8.1,1998.0,0.9741830445400628,,
v0.8.1,1999.0,0.9470995322444598,,
v0.8.1,2000.0,0.9548434151524428,,
v0.8.1,2001.0,0.9669886557106758,,
v0.8.1,2002.0,0.9589653921632456,,
v0.8.1,2003.0,0.9725317076588886,,
v0.8.1,2004.0,0.9811746806095588,,
v0.8.1,2005.0,0.9815752511124488,,
v0.8.1,2006.0,0.9824047302753248,,
v0.8.1,2007.0,0.984099484508689,,
v0.8.1,2008.0,0.9848522399452776,,
v0.8.1,2009.0,0.9831610044313146,,
v0.8.1,2010.0,0.9855653149919736,,
v0.8.1,2011.0,0.98627438103369,,
v0.8.1,2012.0,0.9880643866116728,,
v0.8.1,2013.0,0.988644341672703,,
v0.8.1,2014.0,0.9886378446263758,,
v0.8.1,2015.0,0.9812813370473538,,
v0.8.1,2016.0,0.9839345647428828,,
v0.8.1,2017.0,0.9793258643304974,,
v0.8.1,2018.0,0.9769177629602932,,
v0.8.1,2019.0,0.986629987029092,,
v0.8.1,2020.0,0.9890006285355124,,
v0.8.1,2021.0,0.985398085993718,,
v0.8.1,2022.0,0.98902644258478,,
v0.9.0,1867.0,0.794888178913738,,
v0.9.0,1868.0,0.8159914712153518,,
v0.9.0,1869.0,0.8225024248302619,,
v0.9.0,1870.0,0.8674403399803857,,
v0.9.0,1871.0,0.8479008102136018,,
v0.9.0,1872.0,0.8160448055533643,,
v0.9.0,1873.0,0.7956914523974983,,
v0.9.0,1874.0,0.8358222066057625,,
v0.9.0,1875.0,0.8512246405637325,,
v0.9.0,1876.0,0.8764780789521557,,
v0.9.0,1877.0,0.8919163300982579,,
v0.9.0,1878.0,0.8871078543622625,,
v0.9.0,1879.0,0.8661233167965982,,
v0.9.0,1880.0,0.8884560180438794,,
v0.9.0,1881.0,0.8772178180445451,,
v0.9.0,1882.0,0.8603170478170478,,
v0.9.0,1883.0,0.8647632311977715,,
v0.9.0,1884.0,0.7717614165890028,,
v0.9.0,1885.0,0.7905331882480957,,
v0.9.0,1886.0,0.8055253565261878,,
v0.9.0,1887.0,0.8118020958598179,,
v0.9.0,1888.0,0.8287330470933006,,
v0.9.0,1889.0,0.8818944136057636,,
v0.9.0,1890.0,0.8908157602663707,,
v0.9.0,1891.0,0.9070009671899412,,
v0.9.0,1892.0,0.8859137787457562,,
v0.9.0,1893.0,0.8932853717026379,,
v0.9.0,1894.0,0.9035162668419324,,
v0.9.0,1895.0,0.9159491884262526,,
v0.9.0,1896.0,0.9156291390728476,,
v0.9.0,1897.0,0.8882846916299559,,
v0.9.0,1898.0,0.8989963973237262,,
v0.9.0,1899.0,0.9203856062494806,,
v0.9.0,1900.0,0.9205341032118368,,
v0.9.0,1901.0,0.9236594971220842,,
v0.9.0,1902.0,0.9253682272488164,,
v0.9.0,1903.0,0.925649648425558,,
v0.9.0,1904.0,0.9007849116268564,,
v0.9.0,1905.0,0.9255657810962552,,
v0.9.0,1906.0,0.9344985673352436,,
v0.9.0,1907.0,0.9391169635941132,,
v0.9.0,1908.0,0.9338000092717074,,
v0.9.0,1909.0,0.8932796971131093,,
v0.9.0,1910.0,0.9272840273461778,,
v0.9.0,1911.0,0.9353044893530448,,
v0.9.0,1912.0,0.9398817674760362,,
v0.9.0,1913.0,0.951103431550867,,
v0.9.0,1914.0,0.8992994746059545,,
v0.9.0,1915.0,0.9044472968891574,,
v0.9.0,1916.0,0.9216080402010052,,
v0.9.0,1917.0,0.9061318475140008,,
v0.9.0,1918.0,0.902621722846442,,
v0.9.0,1919.0,0.8988366211431462,,
v0.9.0,1920.0,0.9055838261587128,,
v0.9.0,1921.0,0.9224040984630764,,
v0.9.0,1922.0,0.9403447121820616,,
v0.9.0,1923.0,0.9576817826426895,,
v0.9.0,1924.0,0.9784104138004022,,
v0.9.0,1925.0,0.9677454744925946,,
v0.9.0,1926.0,0.967316513761468,,
v0.9.0,1927.0,0.9772362331160858,,
v0.9.0,1928.0,0.9758690828402368,,
v0.9.0,1929.0,0.9513066365858244,,
v0.9.0,1930.0,0.956895838504178,,
v0.9.0,1931.0,0.9590394112520576,,
v0.9.0,1932.0,0.9410060975609756,,
v0.9.0,1933.0,0.9487456960157404,,
v0.9.0,1934.0,0.949436550710436,,
v0.9.0,1935.0,0.942209217264082,,
v0.9.0,1936.0,0.9417354578613938,,
v0.9.0,1937.0,0.9724683918232304,,
v0.9.0,1938.0,0.9746083880747852,,
v0.9.0,1939.0,0.9452702037602126,,
v0.9.0,1940.0,0.9559711208427032,,
v0.9.0,1941.0,0.9551206784083496,,
v0.9.0,1942.0,0.9654820029521972,,
v0.9.0,1943.0,0.9428263214670982,,
v0.9.0,1944.0,0.9369014084507042,,
v0.9.0,1945.0,0.9347988386561592,,
v0.9.0,1946.0,0.9482217573221756,,
v0.9.0,1947.0,0.9570953309624872,,
v0.9.0,1948.0,0.956423789907312,,
v0.9.0,1949.0,0.9474889718357652,,
v0.9.0,1950.0,0.9528339595491246,,
v0.9.0,1951.0,0.9602644398051496,,
v0.9.0,1952.0,0.9591305678861166,,
v0.9.0,1953.0,0.936059996907376,,
v0.9.0,1954.0,0.9438300154165828,,
v0.9.0,1955.0,0.9368935477016784,,
v0.9.0,1956.0,0.9306248359149384,,
v0.9.0,1957.0,0.9552603231597846,,
v0.9.0,1958.0,0.9303608515057114,,
v0.9.0,1959.0,0.9325225578658296,,
v0.9.0,1960.0,0.9467143664093391,,
v0.9.0,1961.0,0.955872415191242,,
v0.9.0,1962.0,0.9575590155700652,,
v0.9.0,1963.0,0.9607958558982812,,
v0.9.0,1964.0,0.9416924664602684,,
v0.9.0,1965.0,0.9598464245720684,,
v0.9.0,1966.0,0.955259066058083,,
v0.9.0,1967.0,0.9621709855131606,,
v0.9.0,1968.0,0.9570969057219229,,
v0.9.0,1969.0,0.9626463800324814,,
v0.9.0,1970.0,0.9574211204121056,,
v0.9.0,1971.0,0.9569013150624378,,
v0.9.0,1972.0,0.9577744419156458,,
v0.9.0,1973.0,0.9498012435021914,,
v0.9.0,1974.0,0.947276940903824,,
v0.9.0,1975.0,0.9360341151385928,,
v0.9.0,1976.0,0.9287068004459308,,
v0.9.0,1977.0,0.9476231141474524,,
v0.9.0,1978.0,0.9576541661917246,,
v0.9.0,1979.0,0.9553696566222843,,
v0.9.0,1980.0,0.94901131163112,,
v0.9.0,1981.0,0.9621352885049969,,
v0.9.0,1982.0,0.9636701919310616,,
v0.9.0,1983.0,0.9705895206048158,,
v0.9.0,1984.0,0.9712806443048058,,
v0.9.0,1985.0,0.9623407790289829,,
v0.9.0,1986.0,0.956696259916887,,
v0.9.0,1987.0,0.9628288133291076,,
v0.9.0,1988.0,0.9701282806763066,,
v0.9.0,1989.0,0.9747343092039302,,
v0.9.0,1990.0,0.9758969641214352,,
v0.9.0,1991.0,0.9753130722021328,,
v0.9.0,1992.0,0.974178675304072,,
v0.9.0,1993.0,0.9878955291050452,,
v0.9.0,1994.0,0.9851108505358458,,
v0.9.0,1995.0,0.9652295282176542,,
v0.9.0,1996.0,0.966346468012808,,
v0.9.0,1997.0,0.9739489686660336,,
v0.9.0,1998.0,0.9741830445400628,,
v0.9.0,1999.0,0.9470995322444598,,
v0.9.0,2000.0,0.9548434151524428,,
v0.9.0,2001.0,0.9669886557106758,,
v0.9.0,2002.0,0.9589653921632456,,
v0.9.0,2003.0,0.9725317076588886,,
v0.9.0,2004.0,0.9811746806095588,,
v0.9.0,2005.0,0.9815752511124488,,
v0.9.0,2006.0,0.9824047302753248,,
v0.9.0,2007.0,0.984099484508689,,
v0.9.0,2008.0,0.9848522399452776,,
v0.9.0,2009.0,0.9831610044313146,,
v0.9.0,2010.0,0.9855653149919736,,
v0.9.0,2011.0,0.98627438103369,,
v0.9.0,2012.0,0.9880643866116728,,
v0.9.0,2013.0,0.988644341672703,,
v0.9.0,2014.0,0.9886378446263758,,
v0.9.0,2015.0,0.9812813370473538,,
v0.9.0,2016.0,0.9839345647428828,,
v0.9.0,2017.0,0.9793258643304974,,
v0.9.0,2018.0,0.9769177629602932,,
v0.9.0,2019.0,0.986629987029092,,
v0.9.0,2020.0,0.9890006285355124,,
v0.9.0,2021.0,0.985398085993718,,
v0.9.0,2022.0,0.98902644258478,,
v0.10.0,1867.0,0.817607383741569,,
v0.10.0,1868.0,0.8289267945984364,,
v0.10.0,1869.0,0.8413468200083137,,
v0.10.0,1870.0,0.8773291925465838,,
v0.10.0,1871.0,0.8664988951632703,,
v0.10.0,1872.0,0.8071310246903841,,
v0.10.0,1873.0,0.792911744266852,,
v0.10.0,1874.0,0.8303759662684469,,
v0.10.0,1875.0,0.8508836733534125,,
v0.10.0,1876.0,0.8767206354981505,,
v0.10.0,1877.0,0.8945084091868105,,
v0.10.0,1878.0,0.8839019922143347,,
v0.10.0,1879.0,0.865272856130404,,
v0.10.0,1880.0,0.88838767001572,,
v0.10.0,1881.0,0.8821253303133257,,
v0.10.0,1882.0,0.8573934511434511,,
v0.10.0,1883.0,0.8661559888579388,,
v0.10.0,1884.0,0.7683131407269338,,
v0.10.0,1885.0,0.786588683351469,,
v0.10.0,1886.0,0.8047579458975507,,
v0.10.0,1887.0,0.8088816354578251,,
v0.10.0,1888.0,0.8288011994820419,,
v0.10.0,1889.0,0.882603047124129,,
v0.10.0,1890.0,0.8929661487236404,,
v0.10.0,1891.0,0.90514098653374,,
v0.10.0,1892.0,0.8859778361411825,,
v0.10.0,1893.0,0.8936051159072742,,
v0.10.0,1894.0,0.9035819914558002,,
v0.10.0,1895.0,0.9159491884262526,,
v0.10.0,1896.0,0.9156291390728476,,
v0.10.0,1897.0,0.8882846916299559,,
v0.10.0,1898.0,0.8974523932063819,,
v0.10.0,1899.0,0.919803872683454,,
v0.10.0,1900.0,0.9229880909418984,,
v0.10.0,1901.0,0.9258558012723416,,
v0.10.0,1902.0,0.9253682272488164,,
v0.10.0,1903.0,0.925710791806787,,
v0.10.0,1904.0,0.9007849116268564,,
v0.10.0,1905.0,0.922787520981652,,
v0.10.0,1906.0,0.9344985673352436,,
v0.10.0,1907.0,0.9413374644978052,,
v0.10.0,1908.0,0.9338927263455564,,
v0.10.0,1909.0,0.8965925224798864,,
v0.10.0,1910.0,0.9272840273461778,,
v0.10.0,1911.0,0.9353044893530448,,
v0.10.0,1912.0,0.9398817674760362,,
v0.10.0,1913.0,0.951103431550867,,
v0.10.0,1914.0,0.8995096322241681,,
v0.10.0,1915.0,0.9044472968891574,,
v0.10.0,1916.0,0.9216080402010052,,
v0.10.0,1917.0,0.9061318475140008,,
v0.10.0,1918.0,0.9030133901250889,,
v0.10.0,1919.0,0.8989630753667173,,
v0.10.0,1920.0,0.9053775271627011,,
v0.10.0,1921.0,0.9267149818817944,,
v0.10.0,1922.0,0.9410140562248996,,
v0.10.0,1923.0,0.9575840500390932,,
v0.10.0,1924.0,0.9784104138004022,,
v0.10.0,1925.0,0.9679648930334612,,
v0.10.0,1926.0,0.9675076452599388,,
v0.10.0,1927.0,0.9772362331160858,,
v0.10.0,1928.0,0.976978550295858,,
v0.10.0,1929.0,0.9517766497461928,,
v0.10.0,1930.0,0.956895838504178,,
v0.10.0,1931.0,0.9590394112520576,,
v0.10.0,1932.0,0.9410060975609756,,
v0.10.0,1933.0,0.9493359567142154,,
v0.10.0,1934.0,0.9495345418912298,,
v0.10.0,1935.0,0.9435503535722994,,
v0.10.0,1936.0,0.9419274332885392,,
v0.10.0,1937.0,0.9767222025286542,,
v0.10.0,1938.0,0.9746083880747852,,
v0.10.0,1939.0,0.9463544754001184,,
v0.10.0,1940.0,0.954395474899835,,
v0.10.0,1941.0,0.9564253098499674,,
v0.10.0,1942.0,0.9688883842398092,,
v0.10.0,1943.0,0.948435814455232,,
v0.10.0,1944.0,0.9488450704225352,,
v0.10.0,1945.0,0.9538780588967234,,
v0.10.0,1946.0,0.9624302649930264,,
v0.10.0,1947.0,0.9661580819089136,,
v0.10.0,1948.0,0.9660144181256436,,
v0.10.0,1949.0,0.9590261282660332,,
v0.10.0,1950.0,0.959469182188824,,
v0.10.0,1951.0,0.9651356993736953,,
v0.10.0,1952.0,0.9616562069493342,,
v0.10.0,1953.0,0.9439461883408072,,
v0.10.0,1954.0,0.9473155037200884,,
v0.10.0,1955.0,0.9435512430058786,,
v0.10.0,1956.0,0.9343659753216068,,
v0.10.0,1957.0,0.959640933572711,,
v0.10.0,1958.0,0.9345794392523364,,
v0.10.0,1959.0,0.9333725644043416,,
v0.10.0,1960.0,0.9512960522186656,,
v0.10.0,1961.0,0.9614137045546696,,
v0.10.0,1962.0,0.9549849321948768,,
v0.10.0,1963.0,0.9552625382623028,,
v0.10.0,1964.0,0.9394736842105263,,
v0.10.0,1965.0,0.9576067829147336,,
v0.10.0,1966.0,0.952801324171139,,
v0.10.0,1967.0,0.9597633136094674,,
v0.10.0,1968.0,0.9570516015041,,
v0.10.0,1969.0,0.9623899478587914,,
v0.10.0,1970.0,0.9562540244687702,,
v0.10.0,1971.0,0.9565697867167644,,
v0.10.0,1972.0,0.95859764660307,,
v0.10.0,1973.0,0.9514320660483132,,
v0.10.0,1974.0,0.947334878331402,,
v0.10.0,1975.0,0.9371629248714411,,
v0.10.0,1976.0,0.934113712374582,,
v0.10.0,1977.0,0.9500426985482494,,
v0.10.0,1978.0,0.9631824917360082,,
v0.10.0,1979.0,0.9590049053959356,,
v0.10.0,1980.0,0.954537604697349,,
v0.10.0,1981.0,0.9652488324210314,,
v0.10.0,1982.0,0.9659714061887976,,
v0.10.0,1983.0,0.9742166673950096,,
v0.10.0,1984.0,0.9746437737852908,,
v0.10.0,1985.0,0.9630330441203618,,
v0.10.0,1986.0,0.956696259916887,,
v0.10.0,1987.0,0.963417394847648,,
v0.10.0,1988.0,0.9701282806763066,,
v0.10.0,1989.0,0.9747343092039302,,
v0.10.0,1990.0,0.9758969641214352,,
v0.10.0,1991.0,0.975184254837552,,
v0.10.0,1992.0,0.974178675304072,,
v0.10.0,1993.0,0.9878955291050452,,
v0.10.0,1994.0,0.9851108505358458,,
v0.10.0,1995.0,0.9652295282176542,,
v0.10.0,1996.0,0.966346468012808,,
v0.10.0,1997.0,0.9739489686660336,,
v0.10.0,1998.0,0.9741830445400628,,
v0.10.0,1999.0,0.9470995322444598,,
v0.10.0,2000.0,0.9548434151524428,,
v0.10.0,2001.0,0.9669886557106758,,
v0.10.0,2002.0,0.9589653921632456,,
v0.10.0,2003.0,0.9725317076588886,,
v0.10.0,2004.0,0.9812592073803946,,
v0.10.0,2005.0,0.9821536064586948,,
v0.10.0,2006.0,0.9827433513062958,,
v0.10.0,2007.0,0.9842376574374236,,
v0.10.0,2008.0,0.9848522399452776,,
v0.10.0,2009.0,0.9831610044313146,,
v0.10.0,2010.0,0.9855653149919736,,
v0.10.0,2011.0,0.98627438103369,,
v0.10.0,2012.0,0.9880643866116728,,
v0.10.0,2013.0,0.988644341672703,,
v0.10.0,2014.0,0.9886378446263758,,
v0.10.0,2015.0,0.9812813370473538,,
v0.10.0,2016.0,0.9839345647428828,,
v0.10.0,2017.0,0.9793258643304974,,
v0.10.0,2018.0,0.976692497146633,,
v0.10.0,2019.0,0.9855894636315692,,
v0.10.0,2020.0,0.988443517513285,,
v0.10.0,2021.0,0.984872837288456,,
v0.10.0,2022.0,0.9881273485948776,,
v0.11.0,1867.0,0.817607383741569,,
v0.11.0,1868.0,0.8289267945984364,,
v0.11.0,1869.0,0.8413468200083137,,
v0.11.0,1870.0,0.8795357960117686,,
v0.11.0,1871.0,0.8719003191750553,,
v0.11.0,1872.0,0.8149404433225527,,
v0.11.0,1873.0,0.8009728978457262,,
v0.11.0,1874.0,0.8392480674631061,,
v0.11.0,1875.0,0.8575325339546513,,
v0.11.0,1876.0,0.8854526711539628,,
v0.11.0,1877.0,0.9022846464524684,,
v0.11.0,1878.0,0.8899702312800549,,
v0.11.0,1879.0,0.865272856130404,,
v0.11.0,1880.0,0.8882509739594012,,
v0.11.0,1881.0,0.8821253303133257,,
v0.11.0,1882.0,0.8573934511434511,,
v0.11.0,1883.0,0.8661559888579388,,
v0.11.0,1884.0,0.7683131407269338,,
v0.11.0,1885.0,0.7857725788900979,,
v0.11.0,1886.0,0.8047579458975507,,
v0.11.0,1887.0,0.8111149287064078,,
v0.11.0,1888.0,0.8356164383561644,,
v0.11.0,1889.0,0.8843746309200425,,
v0.11.0,1890.0,0.8956714761376249,,
v0.11.0,1891.0,0.90514098653374,,
v0.11.0,1892.0,0.8862340657228877,,
v0.11.0,1893.0,0.8936051159072742,,
v0.11.0,1894.0,0.9005586592178771,,
v0.11.0,1895.0,0.9159491884262526,,
v0.11.0,1896.0,0.9156291390728476,,
v0.11.0,1897.0,0.8882846916299559,,
v0.11.0,1898.0,0.8974523932063819,,
v0.11.0,1899.0,0.919803872683454,,
v0.11.0,1900.0,0.9229880909418984,,
v0.11.0,1901.0,0.9258558012723416,,
v0.11.0,1902.0,0.9253682272488164,,
v0.11.0,1903.0,0.925710791806787,,
v0.11.0,1904.0,0.9007849116268564,,
v0.11.0,1905.0,0.922787520981652,,
v0.11.0,1906.0,0.9344985673352436,,
v0.11.0,1907.0,0.9413374644978052,,
v0.11.0,1908.0,0.9338927263455564,,
v0.11.0,1909.0,0.8965925224798864,,
v0.11.0,1910.0,0.9272840273461778,,
v0.11.0,1911.0,0.9353044893530448,,
v0.11.0,1912.0,0.9413179252529976,,
v0.11.0,1913.0,0.951103431550867,,
v0.11.0,1914.0,0.9000700525394045,,
v0.11.0,1915.0,0.9044472968891574,,
v0.11.0,1916.0,0.9216080402010052,,
v0.11.0,1917.0,0.9124996446541774,,
v0.11.0,1918.0,0.9059508947149396,,
v0.11.0,1919.0,0.8979767324228629,,
v0.11.0,1920.0,0.905446293494705,,
v0.11.0,1921.0,0.9267149818817944,,
v0.11.0,1922.0,0.9410140562248996,,
v0.11.0,1923.0,0.9575840500390932,,
v0.11.0,1924.0,0.9784104138004022,,
v0.11.0,1925.0,0.9679648930334612,,
v0.11.0,1926.0,0.9675076452599388,,
v0.11.0,1927.0,0.9772362331160858,,
v0.11.0,1928.0,0.976978550295858,,
v0.11.0,1929.0,0.9517766497461928,,
v0.11.0,1930.0,0.9570613055348722,,
v0.11.0,1931.0,0.9590394112520576,,
v0.11.0,1932.0,0.9410060975609756,,
v0.11.0,1933.0,0.9493359567142154,,
v0.11.0,1934.0,0.9495345418912298,,
v0.11.0,1935.0,0.9435503535722994,,
v0.11.0,1936.0,0.9415434824342483,,
v0.11.0,1937.0,0.9767222025286542,,
v0.11.0,1938.0,0.9746083880747852,,
v0.11.0,1939.0,0.9463544754001184,,
v0.11.0,1940.0,0.9516851284468536,,
v0.11.0,1941.0,0.9551206784083496,,
v0.11.0,1942.0,0.969683206540252,,
v0.11.0,1943.0,0.952535059331176,,
v0.11.0,1944.0,0.9491830985915491,,
v0.11.0,1945.0,0.945582745748652,,
v0.11.0,1946.0,0.9630404463040446,,
v0.11.0,1947.0,0.9720087185958473,,
v0.11.0,1948.0,0.9732234809474768,,
v0.11.0,1949.0,0.9619104173736004,,
v0.11.0,1950.0,0.9627468222879528,,
v0.11.0,1951.0,0.9679888656924148,,
v0.11.0,1952.0,0.96777896831471,,
v0.11.0,1953.0,0.9512911705582188,,
v0.11.0,1954.0,0.9547556806756484,,
v0.11.0,1955.0,0.9535377859621786,,
v0.11.0,1956.0,0.942242058283014,,
v0.11.0,1957.0,0.9638779174147216,,
v0.11.0,1958.0,0.9393821391484944,,
v0.11.0,1959.0,0.9403033869491304,,
v0.11.0,1960.0,0.961965731500659,,
v0.11.0,1961.0,0.9675631842140828,,
v0.11.0,1962.0,0.9687343043696636,,
v0.11.0,1963.0,0.9653873322345184,,
v0.11.0,1964.0,0.9488648090815274,,
v0.11.0,1965.0,0.961552818215752,,
v0.11.0,1966.0,0.9592215478758088,,
v0.11.0,1967.0,0.960457049581718,,
v0.11.0,1968.0,0.9593621166130568,,
v0.11.0,1969.0,0.9627745961193264,,
v0.11.0,1970.0,0.9581455247907276,,
v0.11.0,1971.0,0.9565145319924854,,
v0.11.0,1972.0,0.9581618323567866,,
v0.11.0,1973.0,0.9512791764346142,,
v0.11.0,1974.0,0.9468713789107764,,
v0.11.0,1975.0,0.9371002132196162,,
v0.11.0,1976.0,0.933835005574136,,
v0.11.0,1977.0,0.9500426985482494,,
v0.11.0,1978.0,0.9631824917360082,,
v0.11.0,1979.0,0.9590049053959356,,
v0.11.0,1980.0,0.954537604697349,,
v0.11.0,1981.0,0.9652488324210314,,
v0.11.0,1982.0,0.9659714061887976,,
v0.11.0,1983.0,0.9742166673950096,,
v0.11.0,1984.0,0.9746437737852908,,
v0.11.0,1985.0,0.9630330441203618,,
v0.11.0,1986.0,0.9569795995466566,,
v0.11.0,1987.0,0.963462670349074,,
v0.11.0,1988.0,0.9701282806763066,,
v0.11.0,1989.0,0.97481451774614,,
v0.11.0,1990.0,0.9758969641214352,,
v0.11.0,1991.0,0.9750738399536256,,
v0.11.0,1992.0,0.9739803675304072,,
v0.11.0,1993.0,0.9878955291050452,,
v0.11.0,1994.0,0.9851290302055212,,
v0.11.0,1995.0,0.9794538121286138,,
v0.11.0,1996.0,0.9721949944455336,,
v0.11.0,1997.0,0.9759490090708904,,
v0.11.0,1998.0,0.9755362674306738,,
v0.11.0,1999.0,0.9491507553101756,,
v0.11.0,2000.0,0.9577428010589062,,
v0.11.0,2001.0,0.9642287496191688,,
v0.11.0,2002.0,0.9608999339651596,,
v0.11.0,2003.0,0.9725317076588886,,
v0.11.0,2004.0,0.9812592073803946,,
v0.11.0,2005.0,0.9821536064586948,,
v0.11.0,2006.0,0.9827433513062958,,
v0.11.0,2007.0,0.9842376574374236,,
v0.11.0,2008.0,0.9848522399452776,,
v0.11.0,2009.0,0.9831610044313146,,
v0.11.0,2010.0,0.9855653149919736,,
v0.11.0,2011.0,0.98627438103369,,
v0.11.0,2012.0,0.9880643866116728,,
v0.11.0,2013.0,0.988644341672703,,
v0.11.0,2014.0,0.9886378446263758,,
v0.11.0,2015.0,0.9812813370473538,,
v0.11.0,2016.0,0.9839345647428828,,
v0.11.0,2017.0,0.9793258643304974,,
v0.11.0,2018.0,0.976692497146633,,
v0.11.0,2019.0,0.9855894636315692,,
v0.11.0,2020.0,0.988443517513285,,
v0.11.0,2021.0,0.9774635950381384,,
v0.11.0,2022.0,0.9876825145652016,,
v0.12.0,1867.0,0.817607383741569,,
v0.12.0,1868.0,0.8289267945984364,,
v0.12.0,1869.0,0.8413468200083137,,
v0.12.0,1870.0,0.8795357960117686,,
v0.12.0,1871.0,0.8719003191750553,,
v0.12.0,1872.0,0.8149404433225527,,
v0.12.0,1873.0,0.8009728978457262,,
v0.12.0,1874.0,0.8392480674631061,,
v0.12.0,1875.0,0.8575325339546513,,
v0.12.0,1876.0,0.8854526711539628,,
v0.12.0,1877.0,0.9022846464524684,,
v0.12.0,1878.0,0.8899702312800549,,
v0.12.0,1879.0,0.865272856130404,,
v0.12.0,1880.0,0.8882509739594012,,
v0.12.0,1881.0,0.8821253303133257,,
v0.12.0,1882.0,0.8573934511434511,,
v0.12.0,1883.0,0.8661559888579388,,
v0.12.0,1884.0,0.7683131407269338,,
v0.12.0,1885.0,0.7857725788900979,,
v0.12.0,1886.0,0.8047579458975507,,
v0.12.0,1887.0,0.8111149287064078,,
v0.12.0,1888.0,0.8356164383561644,,
v0.12.0,1889.0,0.8843746309200425,,
v0.12.0,1890.0,0.8956714761376249,,
v0.12.0,1891.0,0.90514098653374,,
v0.12.0,1892.0,0.8862340657228877,,
v0.12.0,1893.0,0.8936051159072742,,
v0.12.0,1894.0,0.9005586592178771,,
v0.12.0,1895.0,0.9159491884262526,,
v0.12.0,1896.0,0.9156291390728476,,
v0.12.0,1897.0,0.8882846916299559,,
v0.12.0,1898.0,0.8974523932063819,,
v0.12.0,1899.0,0.919803872683454,,
v0.12.0,1900.0,0.9229880909418984,,
v0.12.0,1901.0,0.9258558012723416,,
v0.12.0,1902.0,0.9253682272488164,,
v0.12.0,1903.0,0.925710791806787,,
v0.12.0,1904.0,0.9007849116268564,,
v0.12.0,1905.0,0.922787520981652,,
v0.12.0,1906.0,0.9344985673352436,,
v0.12.0,1907.0,0.9413374644978052,,
v0.12.0,1908.0,0.9338927263455564,,
v0.12.0,1909.0,0.8965925224798864,,
v0.12.0,1910.0,0.9272840273461778,,
v0.12.0,1911.0,0.9353044893530448,,
v0.12.0,1912.0,0.9413179252529976,,
v0.12.0,1913.0,0.951103431550867,,
v0.12.0,1914.0,0.9000700525394045,,
v0.12.0,1915.0,0.9044472968891574,,
v0.12.0,1916.0,0.9216080402010052,,
v0.12.0,1917.0,0.9124996446541774,,
v0.12.0,1918.0,0.9059508947149396,,
v0.12.0,1919.0,0.8979767324228629,,
v0.12.0,1920.0,0.905446293494705,,
v0.12.0,1921.0,0.9267149818817944,,
v0.12.0,1922.0,0.9410140562248996,,
v0.12.0,1923.0,0.9575840500390932,,
v0.12.0,1924.0,0.9784104138004022,,
v0.12.0,1925.0,0.9679648930334612,,
v0.12.0,1926.0,0.9675076452599388,,
v0.12.0,1927.0,0.9772362331160858,,
v0.12.0,1928.0,0.976978550295858,,
v0.12.0,1929.0,0.9517766497461928,,
v0.12.0,1930.0,0.9570613055348722,,
v0.12.0,1931.0,0.9590394112520576,,
v0.12.0,1932.0,0.9410060975609756,,
v0.12.0,1933.0,0.9493359567142154,,
v0.12.0,1934.0,0.9495345418912298,,
v0.12.0,1935.0,0.9435503535722994,,
v0.12.0,1936.0,0.9415434824342483,,
v0.12.0,1937.0,0.9767222025286542,,
v0.12.0,1938.0,0.9746083880747852,,
v0.12.0,1939.0,0.9463544754001184,,
v0.12.0,1940.0,0.9516851284468536,,
v0.12.0,1941.0,0.9551206784083496,,
v0.12.0,1942.0,0.969683206540252,,
v0.12.0,1943.0,0.952535059331176,,
v0.12.0,1944.0,0.9491830985915491,,
v0.12.0,1945.0,0.945582745748652,,
v0.12.0,1946.0,0.9630404463040446,,
v0.12.0,1947.0,0.9720087185958473,,
v0.12.0,1948.0,0.9732234809474768,,
v0.12.0,1949.0,0.9619104173736004,,
v0.12.0,1950.0,0.9627468222879528,,
v0.12.0,1951.0,0.9679888656924148,,
v0.12.0,1952.0,0.96777896831471,,
v0.12.0,1953.0,0.9512911705582188,,
v0.12.0,1954.0,0.9547556806756484,,
v0.12.0,1955.0,0.9535377859621786,,
v0.12.0,1956.0,0.942242058283014,,
v0.12.0,1957.0,0.9638779174147216,,
v0.12.0,1958.0,0.9393821391484944,,
v0.12.0,1959.0,0.9403033869491304,,
v0.12.0,1960.0,0.961965731500659,,
v0.12.0,1961.0,0.9675631842140828,,
v0.12.0,1962.0,0.9687343043696636,,
v0.12.0,1963.0,0.9653873322345184,,
v0.12.0,1964.0,0.9488648090815274,,
v0.12.0,1965.0,0.961552818215752,,
v0.12.0,1966.0,0.9592215478758088,,
v0.12.0,1967.0,0.960457049581718,,
v0.12.0,1968.0,0.9593621166130568,,
v0.12.0,1969.0,0.9627745961193264,,
v0.12.0,1970.0,0.9581455247907276,,
v0.12.0,1971.0,0.9565145319924854,,
v0.12.0,1972.0,0.9581618323567866,,
v0.12.0,1973.0,0.9512791764346142,,
v0.12.0,1974.0,0.9468713789107764,,
v0.12.0,1975.0,0.9371002132196162,,
v0.12.0,1976.0,0.933835005574136,,
v0.12.0,1977.0,0.9500426985482494,,
v0.12.0,1978.0,0.9631824917360082,,
v0.12.0,1979.0,0.9590049053959356,,
v0.12.0,1980.0,0.954537604697349,,
v0.12.0,1981.0,0.9652488324210314,,
v0.12.0,1982.0,0.9659714061887976,,
v0.12.0,1983.0,0.9742166673950096,,
v0.12.0,1984.0,0.9746437737852908,,
v0.12.0,1985.0,0.9630330441203618,,
v0.12.0,1986.0,0.9569795995466566,,
v0.12.0,1987.0,0.963462670349074,,
v0.12.0,1988.0,0.9701282806763066,,
v0.12.0,1989.0,0.97481451774614,,
v0.12.0,1990.0,0.9758969641214352,,
v0.12.0,1991.0,0.9750738399536256,,
v0.12.0,1992.0,0.9739803675304072,,
v0.12.0,1993.0,0.9878955291050452,,
v0.12.0,1994.0,0.9851290302055212,,
v0.12.0,1995.0,0.9794538121286138,,
v0.12.0,1996.0,0.9721949944455336,,
v0.12.0,1997.0,0.9759490090708904,,
v0.12.0,1998.0,0.9755362674306738,,
v0.12.0,1999.0,0.9491507553101756,,
v0.12.0,2000.0,0.9577428010589062,,
v0.12.0,2001.0,0.9642287496191688,,
v0.12.0,2002.0,0.9608999339651596,,
v0.12.0,2003.0,0.9725317076588886,,
v0.12.0,2004.0,0.9812592073803946,,
v0.12.0,2005.0,0.9821536064586948,,
v0.12.0,2006.0,0.9827433513062958,,
v0.12.0,2007.0,0.9842376574374236,,
v0.12.0,2008.0,0.9848522399452776,,
v0.12.0,2009.0,0.9831610044313146,,
v0.12.0,2010.0,0.9855653149919736,,
v0.12.0,2011.0,0.98627438103369,,
v0.12.0,2012.0,0.9880643866116728,,
v0.12.0,2013.0,0.988644341672703,,
v0.12.0,2014.0,0.9886378446263758,,
v0.12.0,2015.0,0.9812813370473538,,
v0.12.0,2016.0,0.9839345647428828,,
v0.12.0,2017.0,0.9793258643304974,,
v0.12.0,2018.0,0.976692497146633,,
v0.12.0,2019.0,0.9855894636315692,,
v0.12.0,2020.0,0.988443517513285,,
v0.12.0,2021.0,0.9774635950381384,,
v0.12.0,2022.0,0.9876825145652016,,
v0.13.0,1867.0,0.817607383741569,,
v0.13.0,1868.0,0.8289267945984364,,
v0.13.0,1869.0,0.8413468200083137,,
v0.13.0,1870.0,0.8799444262830991,,
v0.13.0,1871.0,0.8722685980849497,,
v0.13.0,1872.0,0.8152559753884988,,
v0.13.0,1873.0,0.8010423905489924,,
v0.13.0,1874.0,0.8393359100491918,,
v0.13.0,1875.0,0.8575325339546513,,
v0.13.0,1876.0,0.8829664665575162,,
v0.13.0,1877.0,0.8954729037313882,,
v0.13.0,1878.0,0.8842454774444699,,
v0.13.0,1879.0,0.865272856130404,,
v0.13.0,1880.0,0.8879092338186043,,
v0.13.0,1881.0,0.8772178180445451,,
v0.13.0,1882.0,0.8573934511434511,,
v0.13.0,1883.0,0.8722841225626741,,
v0.13.0,1884.0,0.7735321528424977,,
v0.13.0,1885.0,0.7864526659412405,,
v0.13.0,1886.0,0.7956769201253437,,
v0.13.0,1887.0,0.8243428964095516,,
v0.13.0,1888.0,0.8399100388468616,,
v0.13.0,1889.0,0.8843746309200425,,
v0.13.0,1890.0,0.8889428412874584,,
v0.13.0,1891.0,0.9028346105200504,,
v0.13.0,1892.0,0.8862340657228877,,
v0.13.0,1893.0,0.8936051159072742,,
v0.13.0,1894.0,0.9006901084456129,,
v0.13.0,1895.0,0.9159491884262526,,
v0.13.0,1896.0,0.9156291390728476,,
v0.13.0,1897.0,0.8882846916299559,,
v0.13.0,1898.0,0.8974523932063819,,
v0.13.0,1899.0,0.916147261697,,
v0.13.0,1900.0,0.927174305304944,,
v0.13.0,1901.0,0.9258558012723416,,
v0.13.0,1902.0,0.9253682272488164,,
v0.13.0,1903.0,0.9284622439620912,,
v0.13.0,1904.0,0.9030436501214072,,
v0.13.0,1905.0,0.9278809978584244,,
v0.13.0,1906.0,0.9344985673352436,,
v0.13.0,1907.0,0.9382390911438162,,
v0.13.0,1908.0,0.9370451068564276,,
v0.13.0,1909.0,0.901183151916706,,
v0.13.0,1910.0,0.9361231959118844,,
v0.13.0,1911.0,0.935338396853384,,
v0.13.0,1912.0,0.9420861026685816,,
v0.13.0,1913.0,0.951103431550867,,
v0.13.0,1914.0,0.901786339754816,,
v0.13.0,1915.0,0.9044472968891574,,
v0.13.0,1916.0,0.920873598763046,,
v0.13.0,1917.0,0.911135116695568,,
v0.13.0,1918.0,0.9059508947149396,,
v0.13.0,1919.0,0.8976985331310066,,
v0.13.0,1920.0,0.905446293494705,,
v0.13.0,1921.0,0.9267149818817944,,
v0.13.0,1922.0,0.9410140562248996,,
v0.13.0,1923.0,0.9575840500390932,,
v0.13.0,1924.0,0.9784104138004022,,
v0.13.0,1925.0,0.9679648930334612,,
v0.13.0,1926.0,0.9675076452599388,,
v0.13.0,1927.0,0.9772362331160858,,
v0.13.0,1928.0,0.976978550295858,,
v0.13.0,1929.0,0.9517766497461928,,
v0.13.0,1930.0,0.9570613055348722,,
v0.13.0,1931.0,0.9590394112520576,,
v0.13.0,1932.0,0.9410060975609756,,
v0.13.0,1933.0,0.9493359567142154,,
v0.13.0,1934.0,0.9495345418912298,,
v0.13.0,1935.0,0.9435503535722994,,
v0.13.0,1936.0,0.9415434824342483,,
v0.13.0,1937.0,0.9767222025286542,,
v0.13.0,1938.0,0.9746083880747852,,
v0.13.0,1939.0,0.9463544754001184,,
v0.13.0,1940.0,0.9516851284468536,,
v0.13.0,1941.0,0.9551206784083496,,
v0.13.0,1942.0,0.969683206540252,,
v0.13.0,1943.0,0.952535059331176,,
v0.13.0,1944.0,0.951549295774648,,
v0.13.0,1945.0,0.9459975114060556,,
v0.13.0,1946.0,0.962168758716876,,
v0.13.0,1947.0,0.972238155328668,,
v0.13.0,1948.0,0.9727729145211124,,
v0.13.0,1949.0,0.9587716321683069,,
v0.13.0,1950.0,0.9597090095131504,,
v0.13.0,1951.0,0.9638135003479472,,
v0.13.0,1952.0,0.9621154140517372,,
v0.13.0,1953.0,0.9470388124323488,,
v0.13.0,1954.0,0.9540183658422148,,
v0.13.0,1955.0,0.9497839790353424,,
v0.13.0,1956.0,0.938435284851667,,
v0.13.0,1957.0,0.9638779174147216,,
v0.13.0,1958.0,0.9393821391484944,,
v0.13.0,1959.0,0.9403033869491304,,
v0.13.0,1960.0,0.961965731500659,,
v0.13.0,1961.0,0.9675631842140828,,
v0.13.0,1962.0,0.9687343043696636,,
v0.13.0,1963.0,0.9653873322345184,,
v0.13.0,1964.0,0.9488648090815274,,
v0.13.0,1965.0,0.9617127926198475,,
v0.13.0,1966.0,0.9592215478758088,,
v0.13.0,1967.0,0.9610691695572332,,
v0.13.0,1968.0,0.959724550355638,,
v0.13.0,1969.0,0.9628600735105564,,
v0.13.0,1970.0,0.9583467482292336,,
v0.13.0,1971.0,0.9565145319924854,,
v0.13.0,1972.0,0.9581618323567866,,
v0.13.0,1973.0,0.9504128019569872,,
v0.13.0,1974.0,0.9468713789107764,,
v0.13.0,1975.0,0.9371002132196162,,
v0.13.0,1976.0,0.933835005574136,,
v0.13.0,1977.0,0.9500426985482494,,
v0.13.0,1978.0,0.9631824917360082,,
v0.13.0,1979.0,0.9590049053959356,,
v0.13.0,1980.0,0.954537604697349,,
v0.13.0,1981.0,0.9652488324210314,,
v0.13.0,1982.0,0.9659714061887976,,
v0.13.0,1983.0,0.9742166673950096,,
v0.13.0,1984.0,0.9746437737852908,,
v0.13.0,1985.0,0.9630330441203618,,
v0.13.0,1986.0,0.9569795995466566,,
v0.13.0,1987.0,0.963462670349074,,
v0.13.0,1988.0,0.9703095961198496,,
v0.13.0,1989.0,0.9750551433727692,,
v0.13.0,1990.0,0.9758969641214352,,
v0.13.0,1991.0,0.9750738399536256,,
v0.13.0,1992.0,0.974178675304072,,
v0.13.0,1993.0,0.9878955291050452,,
v0.13.0,1994.0,0.9851290302055212,,
v0.13.0,1995.0,0.9794538121286138,,
v0.13.0,1996.0,0.9722167766668844,,
v0.13.0,1997.0,0.9759490090708904,,
v0.13.0,1998.0,0.9755362674306738,,
v0.13.0,1999.0,0.9491890959282264,,
v0.13.0,2000.0,0.9572115471195232,,
v0.13.0,2001.0,0.9641481030125988,,
v0.13.0,2002.0,0.9565379142291128,,
v0.13.0,2003.0,0.9725317076588886,,
v0.13.0,2004.0,0.9812592073803946,,
v0.13.0,2005.0,0.9821536064586948,,
v0.13.0,2006.0,0.9827433513062958,,
v0.13.0,2007.0,0.9842376574374236,,
v0.13.0,2008.0,0.9848522399452776,,
v0.13.0,2009.0,0.9831610044313146,,
v0.13.0,2010.0,0.9855653149919736,,
v0.13.0,2011.0,0.98627438103369,,
v0.13.0,2012.0,0.9880643866116728,,
v0.13.0,2013.0,0.988644341672703,,
v0.13.0,2014.0,0.9886378446263758,,
v0.13.0,2015.0,0.9812701949860724,,
v0.13.0,2016.0,0.9839345647428828,,
v0.13.0,2017.0,0.9793138304913416,,
v0.13.0,2018.0,0.976692497146633,,
v0.13.0,2019.0,0.9855894636315692,,
v0.13.0,2020.0,0.9884578024112908,,
v0.13.0,2021.0,0.9765679174050388,,
v0.13.0,2022.0,0.95754513414371,,
v0.13.1,1867.0,0.817607383741569,,
v0.13.1,1868.0,0.8289267945984364,,
v0.13.1,1869.0,0.8413468200083137,,
v0.13.1,1870.0,0.8799444262830991,,
v0.13.1,1871.0,0.8722685980849497,,
v0.13.1,1872.0,0.8152559753884988,,
v0.13.1,1873.0,0.8010423905489924,,
v0.13.1,1874.0,0.8393359100491918,,
v0.13.1,1875.0,0.8575325339546513,,
v0.13.1,1876.0,0.8829664665575162,,
v0.13.1,1877.0,0.8954729037313882,,
v0.13.1,1878.0,0.8842454774444699,,
v0.13.1,1879.0,0.865272856130404,,
v0.13.1,1880.0,0.8879092338186043,,
v0.13.1,1881.0,0.8772178180445451,,
v0.13.1,1882.0,0.8573934511434511,,
v0.13.1,1883.0,0.8722841225626741,,
v0.13.1,1884.0,0.7735321528424977,,
v0.13.1,1885.0,0.7864526659412405,,
v0.13.1,1886.0,0.7956769201253437,,
v0.13.1,1887.0,0.8243428964095516,,
v0.13.1,1888.0,0.8399100388468616,,
v0.13.1,1889.0,0.8843746309200425,,
v0.13.1,1890.0,0.8889428412874584,,
v0.13.1,1891.0,0.9028346105200504,,
v0.13.1,1892.0,0.8862340657228877,,
v0.13.1,1893.0,0.8936051159072742,,
v0.13.1,1894.0,0.9006901084456129,,
v0.13.1,1895.0,0.9159491884262526,,
v0.13.1,1896.0,0.9156291390728476,,
v0.13.1,1897.0,0.8882846916299559,,
v0.13.1,1898.0,0.8974523932063819,,
v0.13.1,1899.0,0.916147261697,,
v0.13.1,1900.0,0.927174305304944,,
v0.13.1,1901.0,0.9258558012723416,,
v0.13.1,1902.0,0.9253682272488164,,
v0.13.1,1903.0,0.9284622439620912,,
v0.13.1,1904.0,0.9030436501214072,,
v0.13.1,1905.0,0.9278809978584244,,
v0.13.1,1906.0,0.9344985673352436,,
v0.13.1,1907.0,0.9382390911438162,,
v0.13.1,1908.0,0.9370451068564276,,
v0.13.1,1909.0,0.901183151916706,,
v0.13.1,1910.0,0.9361231959118844,,
v0.13.1,1911.0,0.935338396853384,,
v0.13.1,1912.0,0.9420861026685816,,
v0.13.1,1913.0,0.951103431550867,,
v0.13.1,1914.0,0.901786339754816,,
v0.13.1,1915.0,0.9044472968891574,,
v0.13.1,1916.0,0.920873598763046,,
v0.13.1,1917.0,0.911135116695568,,
v0.13.1,1918.0,0.9059508947149396,,
v0.13.1,1919.0,0.8976985331310066,,
v0.13.1,1920.0,0.905446293494705,,
v0.13.1,1921.0,0.9267149818817944,,
v0.13.1,1922.0,0.9410140562248996,,
v0.13.1,1923.0,0.9575840500390932,,
v0.13.1,1924.0,0.9784104138004022,,
v0.13.1,1925.0,0.9679648930334612,,
v0.13.1,1926.0,0.9675076452599388,,
v0.13.1,1927.0,0.9772362331160858,,
v0.13.1,1928.0,0.976978550295858,,
v0.13.1,1929.0,0.9517766497461928,,
v0.13.1,1930.0,0.9570613055348722,,
v0.13.1,1931.0,0.9590394112520576,,
v0.13.1,1932.0,0.9410060975609756,,
v0.13.1,1933.0,0.9493359567142154,,
v0.13.1,1934.0,0.9495345418912298,,
v0.13.1,1935.0,0.9435503535722994,,
v0.13.1,1936.0,0.9415434824342483,,
v0.13.1,1937.0,0.9767222025286542,,
v0.13.1,1938.0,0.9746083880747852,,
v0.13.1,1939.0,0.9463544754001184,,
v0.13.1,1940.0,0.9516851284468536,,
v0.13.1,1941.0,0.9551206784083496,,
v0.13.1,1942.0,0.969683206540252,,
v0.13.1,1943.0,0.952535059331176,,
v0.13.1,1944.0,0.951549295774648,,
v0.13.1,1945.0,0.9459975114060556,,
v0.13.1,1946.0,0.962168758716876,,
v0.13.1,1947.0,0.972238155328668,,
v0.13.1,1948.0,0.9727729145211124,,
v0.13.1,1949.0,0.9587716321683069,,
v0.13.1,1950.0,0.9597090095131504,,
v0.13.1,1951.0,0.9638135003479472,,
v0.13.1,1952.0,0.9621154140517372,,
v0.13.1,1953.0,0.9470388124323488,,
v0.13.1,1954.0,0.9540183658422148,,
v0.13.1,1955.0,0.9497839790353424,,
v0.13.1,1956.0,0.938435284851667,,
v0.13.1,1957.0,0.9638779174147216,,
v0.13.1,1958.0,0.9393821391484944,,
v0.13.1,1959.0,0.9403033869491304,,
v0.13.1,1960.0,0.961965731500659,,
v0.13.1,1961.0,0.9675631842140828,,
v0.13.1,1962.0,0.9687343043696636,,
v0.13.1,1963.0,0.9653873322345184,,
v0.13.1,1964.0,0.9488648090815274,,
v0.13.1,1965.0,0.9617127926198475,,
v0.13.1,1966.0,0.9592215478758088,,
v0.13.1,1967.0,0.9610691695572332,,
v0.13.1,1968.0,0.959724550355638,,
v0.13.1,1969.0,0.9628600735105564,,
v0.13.1,1970.0,0.9583467482292336,,
v0.13.1,1971.0,0.9565145319924854,,
v0.13.1,1972.0,0.9581618323567866,,
v0.13.1,1973.0,0.9504128019569872,,
v0.13.1,1974.0,0.9468713789107764,,
v0.13.1,1975.0,0.9371002132196162,,
v0.13.1,1976.0,0.933835005574136,,
v0.13.1,1977.0,0.9500426985482494,,
v0.13.1,1978.0,0.9631824917360082,,
v0.13.1,1979.0,0.9590049053959356,,
v0.13.1,1980.0,0.954537604697349,,
v0.13.1,1981.0,0.9652488324210314,,
v0.13.1,1982.0,0.9659714061887976,,
v0.13.1,1983.0,0.9742166673950096,,
v0.13.1,1984.0,0.9746437737852908,,
v0.13.1,1985.0,0.9630330441203618,,
v0.13.1,1986.0,0.9569795995466566,,
v0.13.1,1987.0,0.963462670349074,,
v0.13.1,1988.0,0.9703095961198496,,
v0.13.1,1989.0,0.9750551433727692,,
v0.13.1,1990.0,0.9758969641214352,,
v0.13.1,1991.0,0.9750738399536256,,
v0.13.1,1992.0,0.974178675304072,,
v0.13.1,1993.0,0.9878955291050452,,
v0.13.1,1994.0,0.9851290302055212,,
v0.13.1,1995.0,0.9794538121286138,,
v0.13.1,1996.0,0.9722167766668844,,
v0.13.1,1997.0,0.9759490090708904,,
v0.13.1,1998.0,0.9755362674306738,,
v0.13.1,1999.0,0.9491890959282264,,
v0.13.1,2000.0,0.9572115471195232,,
v0.13.1,2001.0,0.9641481030125988,,
v0.13.1,2002.0,0.9565379142291128,,
v0.13.1,2003.0,0.9725317076588886,,
v0.13.1,2004.0,0.9812592073803946,,
v0.13.1,2005.0,0.9821536064586948,,
v0.13.1,2006.0,0.9827433513062958,,
v0.13.1,2007.0,0.9842376574374236,,
v0.13.1,2008.0,0.9848522399452776,,
v0.13.1,2009.0,0.9831610044313146,,
v0.13.1,2010.0,0.9855653149919736,,
v0.13.1,2011.0,0.98627438103369,,
v0.13.1,2012.0,0.9880643866116728,,
v0.13.1,2013.0,0.988644341672703,,
v0.13.1,2014.0,0.9886378446263758,,
v0.13.1,2015.0,0.9812701949860724,,
v0.13.1,2016.0,0.9839345647428828,,
v0.13.1,2017.0,0.9793138304913416,,
v0.13.1,2018.0,0.976692497146633,,
v0.13.1,2019.0,0.9855894636315692,,
v0.13.1,2020.0,0.9884578024112908,,
v0.13.1,2021.0,0.9765679174050388,,
v0.13.1,2022.0,0.95754513414371,,
v0.14.0,1867.0,0.817607383741569,,
v0.14.0,1868.0,0.8289267945984364,,
v0.14.0,1869.0,0.8413468200083137,,
v0.14.0,1870.0,0.8799444262830991,,
v0.14.0,1871.0,0.8722685980849497,,
v0.14.0,1872.0,0.8152559753884988,,
v0.14.0,1873.0,0.8010423905489924,,
v0.14.0,1874.0,0.8393359100491918,,
v0.14.0,1875.0,0.8575325339546513,,
v0.14.0,1876.0,0.8829664665575162,,
v0.14.0,1877.0,0.8954729037313882,,
v0.14.0,1878.0,0.8842454774444699,,
v0.14.0,1879.0,0.865272856130404,,
v0.14.0,1880.0,0.8879092338186043,,
v0.14.0,1881.0,0.8772178180445451,,
v0.14.0,1882.0,0.8573934511434511,,
v0.14.0,1883.0,0.8722841225626741,,
v0.14.0,1884.0,0.7735321528424977,,
v0.14.0,1885.0,0.7864526659412405,,
v0.14.0,1886.0,0.7956769201253437,,
v0.14.0,1887.0,0.8243428964095516,,
v0.14.0,1888.0,0.8399100388468616,,
v0.14.0,1889.0,0.8843746309200425,,
v0.14.0,1890.0,0.8889428412874584,,
v0.14.0,1891.0,0.9028346105200504,,
v0.14.0,1892.0,0.8862340657228877,,
v0.14.0,1893.0,0.8936051159072742,,
v0.14.0,1894.0,0.9006901084456129,,
v0.14.0,1895.0,0.9159491884262526,,
v0.14.0,1896.0,0.9156291390728476,,
v0.14.0,1897.0,0.8882846916299559,,
v0.14.0,1898.0,0.8974523932063819,,
v0.14.0,1899.0,0.916147261697,,
v0.14.0,1900.0,0.927174305304944,,
v0.14.0,1901.0,0.9258558012723416,,
v0.14.0,1902.0,0.9253682272488164,,
v0.14.0,1903.0,0.9284622439620912,,
v0.14.0,1904.0,0.9030436501214072,,
v0.14.0,1905.0,0.9278809978584244,,
v0.14.0,1906.0,0.9344985673352436,,
v0.14.0,1907.0,0.9382390911438162,,
v0.14.0,1908.0,0.9370451068564276,,
v0.14.0,1909.0,0.901183151916706,,
v0.14.0,1910.0,0.9361231959118844,,
v0.14.0,1911.0,0.935338396853384,,
v0.14.0,1912.0,0.9420861026685816,,
v0.14.0,1913.0,0.951103431550867,,
v0.14.0,1914.0,0.901786339754816,,
v0.14.0,1915.0,0.9044472968891574,,
v0.14.0,1916.0,0.920873598763046,,
v0.14.0,1917.0,0.911135116695568,,
v0.14.0,1918.0,0.9059508947149396,,
v0.14.0,1919.0,0.8976985331310066,,
v0.14.0,1920.0,0.905446293494705,,
v0.14.0,1921.0,0.9267149818817944,,
v0.14.0,1922.0,0.9410140562248996,,
v0.14.0,1923.0,0.9575840500390932,,
v0.14.0,1924.0,0.9784104138004022,,
v0.14.0,1925.0,0.9679648930334612,,
v0.14.0,1926.0,0.9675076452599388,,
v0.14.0,1927.0,0.9772362331160858,,
v0.14.0,1928.0,0.976978550295858,,
v0.14.0,1929.0,0.9517766497461928,,
v0.14.0,1930.0,0.9570613055348722,,
v0.14.0,1931.0,0.9590394112520576,,
v0.14.0,1932.0,0.9410060975609756,,
v0.14.0,1933.0,0.9493359567142154,,
v0.14.0,1934.0,0.9495345418912298,,
v0.14.0,1935.0,0.9435503535722994,,
v0.14.0,1936.0,0.9415434824342483,,
v0.14.0,1937.0,0.9767222025286542,,
v0.14.0,1938.0,0.9746083880747852,,
v0.14.0,1939.0,0.9463544754001184,,
v0.14.0,1940.0,0.9516851284468536,,
v0.14.0,1941.0,0.9551206784083496,,
v0.14.0,1942.0,0.969683206540252,,
v0.14.0,1943.0,0.952535059331176,,
v0.14.0,1944.0,0.951549295774648,,
v0.14.0,1945.0,0.9459975114060556,,
v0.14.0,1946.0,0.962168758716876,,
v0.14.0,1947.0,0.972238155328668,,
v0.14.0,1948.0,0.9727729145211124,,
v0.14.0,1949.0,0.9587716321683069,,
v0.14.0,1950.0,0.9597090095131504,,
v0.14.0,1951.0,0.9638135003479472,,
v0.14.0,1952.0,0.9621154140517372,,
v0.14.0,1953.0,0.9470388124323488,,
v0.14.0,1954.0,0.9540183658422148,,
v0.14.0,1955.0,0.9497839790353424,,
v0.14.0,1956.0,0.938435284851667,,
v0.14.0,1957.0,0.9638779174147216,,
v0.14.0,1958.0,0.9393821391484944,,
v0.14.0,1959.0,0.9403033869491304,,
v0.14.0,1960.0,0.961965731500659,,
v0.14.0,1961.0,0.9675631842140828,,
v0.14.0,1962.0,0.9687343043696636,,
v0.14.0,1963.0,0.9653873322345184,,
v0.14.0,1964.0,0.9488648090815274,,
v0.14.0,1965.0,0.9617127926198475,,
v0.14.0,1966.0,0.9592215478758088,,
v0.14.0,1967.0,0.9610691695572332,,
v0.14.0,1968.0,0.959724550355638,,
v0.14.0,1969.0,0.9628600735105564,,
v0.14.0,1970.0,0.9583467482292336,,
v0.14.0,1971.0,0.9565145319924854,,
v0.14.0,1972.0,0.9581618323567866,,
v0.14.0,1973.0,0.9504128019569872,,
v0.14.0,1974.0,0.9468713789107764,,
v0.14.0,1975.0,0.9371002132196162,,
v0.14.0,1976.0,0.933835005574136,,
v0.14.0,1977.0,0.9500426985482494,,
v0.14.0,1978.0,0.9631824917360082,,
v0.14.0,1979.0,0.9590049053959356,,
v0.14.0,1980.0,0.954537604697349,,
v0.14.0,1981.0,0.9652488324210314,,
v0.14.0,1982.0,0.9659714061887976,,
v0.14.0,1983.0,0.9742166673950096,,
v0.14.0,1984.0,0.9746437737852908,,
v0.14.0,1985.0,0.9630330441203618,,
v0.14.0,1986.0,0.9569795995466566,,
v0.14.0,1987.0,0.963462670349074,,
v0.14.0,1988.0,0.9703095961198496,,
v0.14.0,1989.0,0.9750551433727692,,
v0.14.0,1990.0,0.9758969641214352,,
v0.14.0,1991.0,0.9750738399536256,,
v0.14.0,1992.0,0.974178675304072,,
v0.14.0,1993.0,0.9878955291050452,,
v0.14.0,1994.0,0.9851290302055212,,
v0.14.0,1995.0,0.9794538121286138,,
v0.14.0,1996.0,0.9722167766668844,,
v0.14.0,1997.0,0.9759490090708904,,
v0.14.0,1998.0,0.9755362674306738,,
v0.14.0,1999.0,0.9491890959282264,,
v0.14.0,2000.0,0.9572115471195232,,
v0.14.0,2001.0,0.9641481030125988,,
v0.14.0,2002.0,0.9565379142291128,,
v0.14.0,2003.0,0.9725317076588886,,
v0.14.0,2004.0,0.9812592073803946,,
v0.14.0,2005.0,0.9821536064586948,,
v0.14.0,2006.0,0.9827433513062958,,
v0.14.0,2007.0,0.9842376574374236,,
v0.14.0,2008.0,0.9848522399452776,,
v0.14.0,2009.0,0.9831610044313146,,
v0.14.0,2010.0,0.9855653149919736,,
v0.14.0,2011.0,0.98627438103369,,
v0.14.0,2012.0,0.9880643866116728,,
v0.14.0,2013.0,0.988644341672703,,
v0.14.0,2014.0,0.9886378446263758,,
v0.14.0,2015.0,0.9812701949860724,,
v0.14.0,2016.0,0.9839345647428828,,
v0.14.0,2017.0,0.9793138304913416,,
v0.14.0,2018.0,0.976692497146633,,
v0.14.0,2019.0,0.9855894636315692,,
v0.14.0,2020.0,0.9884578024112908,,
v0.14.0,2021.0,0.9765679174050388,,
v0.14.0,2022.0,0.95754513414371,,
v1.0.0,1867.0,0.817607383741569,,
v1.0.0,1868.0,0.8289267945984364,,
v1.0.0,1869.0,0.8413468200083137,,
v1.0.0,1870.0,0.8799444262830991,,
v1.0.0,1871.0,0.8722685980849497,,
v1.0.0,1872.0,0.8152559753884988,,
v1.0.0,1873.0,0.8010423905489924,,
v1.0.0,1874.0,0.8393359100491918,,
v1.0.0,1875.0,0.8575325339546513,,
v1.0.0,1876.0,0.8829664665575162,,
v1.0.0,1877.0,0.8954729037313882,,
v1.0.0,1878.0,0.8842454774444699,,
v1.0.0,1879.0,0.865272856130404,,
v1.0.0,1880.0,0.8879092338186043,,
v1.0.0,1881.0,0.8772178180445451,,
v1.0.0,1882.0,0.8573934511434511,,
v1.0.0,1883.0,0.8722841225626741,,
v1.0.0,1884.0,0.7735321528424977,,
v1.0.0,1885.0,0.7864526659412405,,
v1.0.0,1886.0,0.7956769201253437,,
v1.0.0,1887.0,0.8243428964095516,,
v1.0.0,1888.0,0.8399100388468616,,
v1.0.0,1889.0,0.8843746309200425,,
v1.0.0,1890.0,0.8889428412874584,,
v1.0.0,1891.0,0.9028346105200504,,
v1.0.0,1892.0,0.8862340657228877,,
v1.0.0,1893.0,0.8936051159072742,,
v1.0.0,1894.0,0.9006901084456129,,
v1.0.0,1895.0,0.9159491884262526,,
v1.0.0,1896.0,0.9156291390728476,,
v1.0.0,1897.0,0.8882846916299559,,
v1.0.0,1898.0,0.8974523932063819,,
v1.0.0,1899.0,0.916147261697,,
v1.0.0,1900.0,0.927174305304944,,
v1.0.0,1901.0,0.9258558012723416,,
v1.0.0,1902.0,0.9253682272488164,,
v1.0.0,1903.0,0.9284622439620912,,
v1.0.0,1904.0,0.9030436501214072,,
v1.0.0,1905.0,0.9278809978584244,,
v1.0.0,1906.0,0.9344985673352436,,
v1.0.0,1907.0,0.9382390911438162,,
v1.0.0,1908.0,0.9370451068564276,,
v1.0.0,1909.0,0.940067140600316,,
v1.0.0,1910.0,0.9361231959118844,,
v1.0.0,1911.0,0.935338396853384,,
v1.0.0,1912.0,0.9420861026685816,,
v1.0.0,1913.0,0.951103431550867,,
v1.0.0,1914.0,0.901786339754816,,
v1.0.0,1915.0,0.9044472968891574,,
v1.0.0,1916.0,0.920873598763046,,
v1.0.0,1917.0,0.911135116695568,,
v1.0.0,1918.0,0.9059508947149396,,
v1.0.0,1919.0,0.8976985331310066,,
v1.0.0,1920.0,0.905446293494705,,
v1.0.0,1921.0,0.9267149818817944,,
v1.0.0,1922.0,0.9410140562248996,,
v1.0.0,1923.0,0.9575840500390932,,
v1.0.0,1924.0,0.9664570230607966,,
v1.0.0,1925.0,0.9679648930334612,,
v1.0.0,1926.0,0.9675076452599388,,
v1.0.0,1927.0,0.9772362331160858,,
v1.0.0,1928.0,0.976978550295858,,
v1.0.0,1929.0,0.9517766497461928,,
v1.0.0,1930.0,0.9570613055348722,,
v1.0.0,1931.0,0.9590394112520576,,
v1.0.0,1932.0,0.9410060975609756,,
v1.0.0,1933.0,0.9493359567142154,,
v1.0.0,1934.0,0.9495345418912298,,
v1.0.0,1935.0,0.9435503535722994,,
v1.0.0,1936.0,0.9415434824342483,,
v1.0.0,1937.0,0.9767222025286542,,
v1.0.0,1938.0,0.9746083880747852,,
v1.0.0,1939.0,0.9463544754001184,,
v1.0.0,1940.0,0.9516851284468536,,
v1.0.0,1941.0,0.9551206784083496,,
v1.0.0,1942.0,0.969683206540252,,
v1.0.0,1943.0,0.952535059331176,,
v1.0.0,1944.0,0.951549295774648,,
v1.0.0,1945.0,0.9459975114060556,,
v1.0.0,1946.0,0.962168758716876,,
v1.0.0,1947.0,0.972238155328668,,
v1.0.0,1948.0,0.9727729145211124,,
v1.0.0,1949.0,0.9587716321683069,,
v1.0.0,1950.0,0.9597090095131504,,
v1.0.0,1951.0,0.9627041239966788,,
v1.0.0,1952.0,0.9621154140517372,,
v1.0.0,1953.0,0.9470388124323488,,
v1.0.0,1954.0,0.9540183658422148,,
v1.0.0,1955.0,0.9497839790353424,,
v1.0.0,1956.0,0.938435284851667,,
v1.0.0,1957.0,0.9638779174147216,,
v1.0.0,1958.0,0.9393821391484944,,
v1.0.0,1959.0,0.9403033869491304,,
v1.0.0,1960.0,0.961965731500659,,
v1.0.0,1961.0,0.9675631842140828,,
v1.0.0,1962.0,0.9687343043696636,,
v1.0.0,1963.0,0.9653873322345184,,
v1.0.0,1964.0,0.9488648090815274,,
v1.0.0,1965.0,0.9617127926198475,,
v1.0.0,1966.0,0.9592215478758088,,
v1.0.0,1967.0,0.9610691695572332,,
v1.0.0,1968.0,0.959724550355638,,
v1.0.0,1969.0,0.9628600735105564,,
v1.0.0,1970.0,0.9583467482292336,,
v1.0.0,1971.0,0.9572790710062324,,
v1.0.0,1972.0,0.9581618323567866,,
v1.0.0,1973.0,0.9504128019569872,,
v1.0.0,1974.0,0.9468713789107764,,
v1.0.0,1975.0,0.941430155665996,,
v1.0.0,1976.0,0.940757328990228,,
v1.0.0,1977.0,0.9461660105649204,,
v1.0.0,1978.0,0.9705651833144648,,
v1.0.0,1979.0,0.9590049053959356,,
v1.0.0,1980.0,0.954537604697349,,
v1.0.0,1981.0,0.9652488324210314,,
v1.0.0,1982.0,0.9659714061887976,,
v1.0.0,1983.0,0.9742166673950096,,
v1.0.0,1984.0,0.9746437737852908,,
v1.0.0,1985.0,0.9630330441203618,,
v1.0.0,1986.0,0.9569795995466566,,
v1.0.0,1987.0,0.963462670349074,,
v1.0.0,1988.0,0.9703095961198496,,
v1.0.0,1989.0,0.9750551433727692,,
v1.0.0,1990.0,0.975358587716072,,
v1.0.0,1991.0,0.9748770912826532,,
v1.0.0,1992.0,0.9736997104104972,,
v1.0.0,1993.0,0.9878955291050452,,
v1.0.0,1994.0,0.9851290302055212,,
v1.0.0,1995.0,0.9794538121286138,,
v1.0.0,1996.0,0.9722167766668844,,
v1.0.0,1997.0,0.9759490090708904,,
v1.0.0,1998.0,0.9755362674306738,,
v1.0.0,1999.0,0.9491890959282264,,
v1.0.0,2000.0,0.9572115471195232,,
v1.0.0,2001.0,0.9641481030125988,,
v1.0.0,2002.0,0.9565379142291128,,
v1.0.0,2003.0,0.9725317076588886,,
v1.0.0,2004.0,0.9812592073803946,,
v1.0.0,2005.0,0.9821536064586948,,
v1.0.0,2006.0,0.9827433513062958,,
v1.0.0,2007.0,0.9842376574374236,,
v1.0.0,2008.0,0.9848522399452776,,
v1.0.0,2009.0,0.9831610044313146,,
v1.0.0,2010.0,0.9855653149919736,,
v1.0.0,2011.0,0.98627438103369,,
v1.0.0,2012.0,0.9880643866116728,,
v1.0.0,2013.0,0.988644341672703,,
v1.0.0,2014.0,0.9886378446263758,,
v1.0.0,2015.0,0.9812701949860724,,
v1.0.0,2016.0,0.9839345647428828,,
v1.0.0,2017.0,0.9793138304913416,,
v1.0.0,2018.0,0.976692497146633,,
v1.0.0,2019.0,0.9855894636315692,,
v1.0.0,2020.0,0.9884578024112908,,
v1.0.0,2021.0,0.9765679174050388,,
v1.0.0,2022.0,0.95754513414371,,
v1.1.0,1867.0,0.817607383741569,,
v1.1.0,1868.0,0.8289267945984364,,
v1.1.0,1869.0,0.8413468200083137,,
v1.1.0,1870.0,0.8799444262830991,,
v1.1.0,1871.0,0.8722685980849497,,
v1.1.0,1872.0,0.8152559753884988,,
v1.1.0,1873.0,0.8010423905489924,,
v1.1.0,1874.0,0.8393359100491918,,
v1.1.0,1875.0,0.8575325339546513,,
v1.1.0,1876.0,0.8829664665575162,,
v1.1.0,1877.0,0.8954729037313882,,
v1.1.0,1878.0,0.8842454774444699,,
v1.1.0,1879.0,0.865272856130404,,
v1.1.0,1880.0,0.8879092338186043,,
v1.1.0,1881.0,0.8772178180445451,,
v1.1.0,1882.0,0.8573934511434511,,
v1.1.0,1883.0,0.8722841225626741,,
v1.1.0,1884.0,0.7735321528424977,,
v1.1.0,1885.0,0.7867927094668118,,
v1.1.0,1886.0,0.7956769201253437,,
v1.1.0,1887.0,0.8245146881979042,,
v1.1.0,1888.0,0.8399100388468616,,
v1.1.0,1889.0,0.8843746309200425,,
v1.1.0,1890.0,0.8889428412874584,,
v1.1.0,1891.0,0.9028346105200504,,
v1.1.0,1892.0,0.8862340657228877,,
v1.1.0,1893.0,0.8936051159072742,,
v1.1.0,1894.0,0.9006901084456129,,
v1.1.0,1895.0,0.9159491884262526,,
v1.1.0,1896.0,0.9156291390728476,,
v1.1.0,1897.0,0.8882846916299559,,
v1.1.0,1898.0,0.8974523932063819,,
v1.1.0,1899.0,0.916147261697,,
v1.1.0,1900.0,0.927174305304944,,
v1.1.0,1901.0,0.9258558012723416,,
v1.1.0,1902.0,0.9253682272488164,,
v1.1.0,1903.0,0.9284622439620912,,
v1.1.0,1904.0,0.9030436501214072,,
v1.1.0,1905.0,0.9278809978584244,,
v1.1.0,1906.0,0.9344985673352436,,
v1.1.0,1907.0,0.9382390911438162,,
v1.1.0,1908.0,0.9370451068564276,,
v1.1.0,1909.0,0.940067140600316,,
v1.1.0,1910.0,0.9361231959118844,,
v1.1.0,1911.0,0.935338396853384,,
v1.1.0,1912.0,0.9420861026685816,,
v1.1.0,1913.0,0.951103431550867,,
v1.1.0,1914.0,0.901786339754816,,
v1.1.0,1915.0,0.9044472968891574,,
v1.1.0,1916.0,0.920873598763046,,
v1.1.0,1917.0,0.911135116695568,,
v1.1.0,1918.0,0.9059508947149396,,
v1.1.0,1919.0,0.8976985331310066,,
v1.1.0,1920.0,0.905446293494705,,
v1.1.0,1921.0,0.9263401224540796,,
v1.1.0,1922.0,0.9410140562248996,,
v1.1.0,1923.0,0.9575840500390932,,
v1.1.0,1924.0,0.9755719624464496,,
v1.1.0,1925.0,0.9679648930334612,,
v1.1.0,1926.0,0.9675076452599388,,
v1.1.0,1927.0,0.9772362331160858,,
v1.1.0,1928.0,0.976978550295858,,
v1.1.0,1929.0,0.9517766497461928,,
v1.1.0,1930.0,0.9570613055348722,,
v1.1.0,1931.0,0.9590394112520576,,
v1.1.0,1932.0,0.9410060975609756,,
v1.1.0,1933.0,0.9493359567142154,,
v1.1.0,1934.0,0.9495345418912298,,
v1.1.0,1935.0,0.9435503535722994,,
v1.1.0,1936.0,0.9415434824342483,,
v1.1.0,1937.0,0.9767222025286542,,
v1.1.0,1938.0,0.9746083880747852,,
v1.1.0,1939.0,0.9463544754001184,,
v1.1.0,1940.0,0.9512137638463352,,
v1.1.0,1941.0,0.9551206784083496,,
v1.1.0,1942.0,0.969683206540252,,
v1.1.0,1943.0,0.952535059331176,,
v1.1.0,1944.0,0.951549295774648,,
v1.1.0,1945.0,0.9459975114060556,,
v1.1.0,1946.0,0.962168758716876,,
v1.1.0,1947.0,0.972238155328668,,
v1.1.0,1948.0,0.9727729145211124,,
v1.1.0,1949.0,0.9587716321683069,,
v1.1.0,1950.0,0.9597090095131504,,
v1.1.0,1951.0,0.9627041239966788,,
v1.1.0,1952.0,0.9621154140517372,,
v1.1.0,1953.0,0.9470388124323488,,
v1.1.0,1954.0,0.9540183658422148,,
v1.1.0,1955.0,0.9497839790353424,,
v1.1.0,1956.0,0.938435284851667,,
v1.1.0,1957.0,0.9638779174147216,,
v1.1.0,1958.0,0.9393821391484944,,
v1.1.0,1959.0,0.9403033869491304,,
v1.1.0,1960.0,0.961965731500659,,
v1.1.0,1961.0,0.9675631842140828,,
v1.1.0,1962.0,0.9687343043696636,,
v1.1.0,1963.0,0.9653873322345184,,
v1.1.0,1964.0,0.9488648090815274,,
v1.1.0,1965.0,0.9617127926198475,,
v1.1.0,1966.0,0.9592215478758088,,
v1.1.0,1967.0,0.9550295857988166,,
v1.1.0,1968.0,0.959724550355638,,
v1.1.0,1969.0,0.9628600735105564,,
v1.1.0,1970.0,0.9583467482292336,,
v1.1.0,1971.0,0.9572790710062324,,
v1.1.0,1972.0,0.9581618323567866,,
v1.1.0,1973.0,0.9504128019569872,,
v1.1.0,1974.0,0.9468713789107764,,
v1.1.0,1975.0,0.941430155665996,,
v1.1.0,1976.0,0.940757328990228,,
v1.1.0,1977.0,0.9461660105649204,,
v1.1.0,1978.0,0.9705651833144648,,
v1.1.0,1979.0,0.9590049053959356,,
v1.1.0,1980.0,0.9549261721785685,,
v1.1.0,1981.0,0.965449706222066,,
v1.1.0,1982.0,0.9667547982765374,,
v1.1.0,1983.0,0.9742166673950096,,
v1.1.0,1984.0,0.9746437737852908,,
v1.1.0,1985.0,0.9632637991508216,,
v1.1.0,1986.0,0.957404608991311,,
v1.1.0,1987.0,0.963462670349074,,
v1.1.0,1988.0,0.9703095961198496,,
v1.1.0,1989.0,0.9750551433727692,,
v1.1.0,1990.0,0.975358587716072,,
v1.1.0,1991.0,0.9748770912826532,,
v1.1.0,1992.0,0.9736997104104972,,
v1.1.0,1993.0,0.98803519607691,,
v1.1.0,1994.0,0.9851290302055212,,
v1.1.0,1995.0,0.9794538121286138,,
v1.1.0,1996.0,0.9722167766668844,,
v1.1.0,1997.0,0.9759490090708904,,
v1.1.0,1998.0,0.9755362674306738,,
v1.1.0,1999.0,0.9491890959282264,,
v1.1.0,2000.0,0.9572115471195232,,
v1.1.0,2001.0,0.9641481030125988,,
v1.1.0,2002.0,0.9565379142291128,,
v1.1.0,2003.0,0.9725317076588886,,
v1.1.0,2004.0,0.9812592073803946,,
v1.1.0,2005.0,0.9821536064586948,,
v1.1.0,2006.0,0.9827433513062958,,
v1.1.0,2007.0,0.9842376574374236,,
v1.1.0,2008.0,0.9848522399452776,,
v1.1.0,2009.0,0.9831610044313146,,
v1.1.0,2010.0,0.9855653149919736,,
v1.1.0,2011.0,0.98627438103369,,
v1.1.0,2012.0,0.9880643866116728,,
v1.1.0,2013.0,0.988644341672703,,
v1.1.0,2014.0,0.9886378446263758,,
v1.1.0,2015.0,0.9812701949860724,,
v1.1.0,2016.0,0.9839345647428828,,
v1.1.0,2017.0,0.9793138304913416,,
v1.1.0,2018.0,0.976692497146633,,
v1.1.0,2019.0,0.9855894636315692,,
v1.1.0,2020.0,0.9884578024112908,,
v1.1.0,2021.0,0.9765679174050388,,
v1.1.0,2022.0,0.95754513414371,,
v1.2.0,1867.0,0.8192778067582449,,
v1.2.0,1868.0,0.8298909259689023,,
v1.2.0,1869.0,0.8371019843101062,,
v1.2.0,1870.0,0.8783621837549933,,
v1.2.0,1871.0,0.8683531233866805,,
v1.2.0,1872.0,0.8187556357078449,,
v1.2.0,1873.0,0.7983085447652377,,
v1.2.0,1874.0,0.8397345066746216,,
v1.2.0,1875.0,0.8544436328220112,,
v1.2.0,1876.0,0.8814072450151372,,
v1.2.0,1877.0,0.890584849419262,,
v1.2.0,1878.0,0.8845946078672101,,
v1.2.0,1879.0,0.8658558722091123,,
v1.2.0,1880.0,0.887322281871276,,
v1.2.0,1881.0,0.8660618556701031,,
v1.2.0,1882.0,0.8577861377108983,,
v1.2.0,1883.0,0.8683719530544689,,
v1.2.0,1884.0,0.7722898274079376,,
v1.2.0,1885.0,0.7887458844657288,,
v1.2.0,1886.0,0.7917133258678611,,
v1.2.0,1887.0,0.8246973001428893,,
v1.2.0,1888.0,0.8384969139537698,,
v1.2.0,1889.0,0.8852218555188852,,
v1.2.0,1890.0,0.8893445131280984,,
v1.2.0,1891.0,0.9041757659982794,,
v1.2.0,1892.0,0.886485280999108,,
v1.2.0,1893.0,0.8890204820955832,,
v1.2.0,1894.0,0.8986942818550203,,
v1.2.0,1895.0,0.9145256916996048,,
v1.2.0,1896.0,0.9115540150202196,,
v1.2.0,1897.0,0.8882657726302956,,
v1.2.0,1898.0,0.8931872646353989,,
v1.2.0,1899.0,0.913659409484044,,
v1.2.0,1900.0,0.9241455062350584,,
v1.2.0,1901.0,0.9259977271207968,,
v1.2.0,1902.0,0.92901878914405,,
v1.2.0,1903.0,0.9298866463920376,,
v1.2.0,1904.0,0.9004909652275143,,
v1.2.0,1905.0,0.9282929399367756,,
v1.2.0,1906.0,0.93467707893626,,
v1.2.0,1907.0,0.9327880345875204,,
v1.2.0,1908.0,0.9377978324126008,,
v1.2.0,1909.0,0.9382276400493084,,
v1.2.0,1910.0,0.9401823612639522,,
v1.2.0,1911.0,0.9356643881919928,,
v1.2.0,1912.0,0.9480840074436976,,
v1.2.0,1913.0,0.9629305312317572,,
v1.2.0,1914.0,0.9249065136098792,,
v1.2.0,1915.0,0.9266119249790054,,
v1.2.0,1916.0,0.942505133470226,,
v1.2.0,1917.0,0.9251543757541344,,
v1.2.0,1918.0,0.9129824561403508,,
v1.2.0,1919.0,0.9073202252376996,,
v1.2.0,1920.0,0.90496644295302,,
v1.2.0,1921.0,0.9257973789719348,,
v1.2.0,1922.0,0.941114187978498,,
v1.2.0,1923.0,0.9584731945909658,,
v1.2.0,1924.0,0.9777250319517984,,
v1.2.0,1925.0,0.9718875502008032,,
v1.2.0,1926.0,0.9705382436260624,,
v1.2.0,1927.0,0.9771048744460856,,
v1.2.0,1928.0,0.9785798924437152,,
v1.2.0,1929.0,0.9531726239955668,,
v1.2.0,1930.0,0.9562354452742312,,
v1.2.0,1931.0,0.9617744218971211,,
v1.2.0,1932.0,0.9425381466319316,,
v1.2.0,1933.0,0.9501522842639594,,
v1.2.0,1934.0,0.9513888888888888,,
v1.2.0,1935.0,0.9446835443037974,,
v1.2.0,1936.0,0.941661697475651,,
v1.2.0,1937.0,0.9777969655852966,,
v1.2.0,1938.0,0.9771082752269438,,
v1.2.0,1939.0,0.9504415584415584,,
v1.2.0,1940.0,0.9549704724409448,,
v1.2.0,1941.0,0.9570095984858726,,
v1.2.0,1942.0,0.9701737905119776,,
v1.2.0,1943.0,0.9524341223760608,,
v1.2.0,1944.0,0.9522912003769584,,
v1.2.0,1945.0,0.946895777566704,,
v1.2.0,1946.0,0.962183342445781,,
v1.2.0,1947.0,0.972235634958957,,
v1.2.0,1948.0,0.97280218078186,,
v1.2.0,1949.0,0.9583975346687212,,
v1.2.0,1950.0,0.9583043780403058,,
v1.2.0,1951.0,0.962672563999464,,
v1.2.0,1952.0,0.9621474335370792,,
v1.2.0,1953.0,0.94765180975172,,
v1.2.0,1954.0,0.9515816655907036,,
v1.2.0,1955.0,0.9510403916768666,,
v1.2.0,1956.0,0.9387987835783071,,
v1.2.0,1957.0,0.9637706162445656,,
v1.2.0,1958.0,0.9386579094119832,,
v1.2.0,1959.0,0.9389584790487696,,
v1.2.0,1960.0,0.9611621164532496,,
v1.2.0,1961.0,0.9644192342400412,,
v1.2.0,1962.0,0.9670606587868242,,
v1.2.0,1963.0,0.9637258785580896,,
v1.2.0,1964.0,0.9481819082532448,,
v1.2.0,1965.0,0.9603894779771616,,
v1.2.0,1966.0,0.9584681508668568,,
v1.2.0,1967.0,0.9483265978734255,,
v1.2.0,1968.0,0.9589714584058476,,
v1.2.0,1969.0,0.961673900581443,,
v1.2.0,1970.0,0.9571763259976188,,
v1.2.0,1971.0,0.9390231570431792,,
v1.2.0,1972.0,0.9352720450281424,,
v1.2.0,1973.0,0.9241821926337468,,
v1.2.0,1974.0,0.9270782429277298,,
v1.2.0,1975.0,0.9217210379617634,,
v1.2.0,1976.0,0.905949703537109,,
v1.2.0,1977.0,0.9064995051138238,,
v1.2.0,1978.0,0.940364392959568,,
v1.2.0,1979.0,0.9313165674482649,,
v1.2.0,1980.0,0.9445690483819288,,
v1.2.0,1981.0,0.9611228070175438,,
v1.2.0,1982.0,0.962809917355372,,
v1.2.0,1983.0,0.9749683013620188,,
v1.2.0,1984.0,0.977499897165892,,
v1.2.0,1985.0,0.9667979002624671,,
v1.2.0,1986.0,0.9623313593659556,,
v1.2.0,1987.0,0.9585895344459782,,
v1.2.0,1988.0,0.9684802843120665,,
v1.2.0,1989.0,0.9704511278195488,,
v1.2.0,1990.0,0.969894525689142,,
v1.2.0,1991.0,0.9695238435307352,,
v1.2.0,1992.0,0.96874950263405,,
v1.2.0,1993.0,0.9805776064111288,,
v1.2.0,1994.0,0.9821837390986754,,
v1.2.0,1995.0,0.9783052292823567,,
v1.2.0,1996.0,0.9699335440996192,,
v1.2.0,1997.0,0.97513303725043,,
v1.2.0,1998.0,0.9740199974898548,,
v1.2.0,1999.0,0.94707225343173,,
v1.2.0,2000.0,0.9562032738386962,,
v1.2.0,2001.0,0.9539407974402716,,
v1.2.0,2002.0,0.9544392523364486,,
v1.2.0,2003.0,0.9711851416854952,,
v1.2.0,2004.0,0.9820800232161644,,
v1.2.0,2005.0,0.9826919209246748,,
v1.2.0,2006.0,0.981415594740066,,
v1.2.0,2007.0,0.987052291691088,,
v1.2.0,2008.0,0.9873654098295522,,
v1.2.0,2009.0,0.9840550845046376,,
v1.2.0,2010.0,0.986677997123807,,
v1.2.0,2011.0,0.9873891625615764,,
v1.2.0,2012.0,0.9889687081456228,,
v1.2.0,2013.0,0.9910519789537184,,
v1.2.0,2014.0,0.9926476711676878,,
v1.2.0,2015.0,0.9870963406028428,,
v1.2.0,2016.0,0.9862815629849062,,
v1.2.0,2017.0,0.9811886192952052,,
v1.2.0,2018.0,0.9787822739507676,,
v1.2.0,2019.0,0.9884189181470268,,
v1.2.0,2020.0,0.9916720326250268,,
v1.2.0,2021.0,0.9818028790341304,,
v1.2.0,2022.0,0.9600122706028836,,
v1.3.0,1867.0,0.8192778067582449,,
v1.3.0,1868.0,0.8298909259689023,,
v1.3.0,1869.0,0.8371019843101062,,
v1.3.0,1870.0,0.8783621837549933,,
v1.3.0,1871.0,0.8683531233866805,,
v1.3.0,1872.0,0.8187556357078449,,
v1.3.0,1873.0,0.7982502187226597,,
v1.3.0,1874.0,0.8397345066746216,,
v1.3.0,1875.0,0.8544436328220112,,
v1.3.0,1876.0,0.8814072450151372,,
v1.3.0,1877.0,0.890584849419262,,
v1.3.0,1878.0,0.8846437165447134,,
v1.3.0,1879.0,0.8658558722091123,,
v1.3.0,1880.0,0.887322281871276,,
v1.3.0,1881.0,0.8660618556701031,,
v1.3.0,1882.0,0.8577861377108983,,
v1.3.0,1883.0,0.8683719530544689,,
v1.3.0,1884.0,0.7722898274079376,,
v1.3.0,1885.0,0.7887458844657288,,
v1.3.0,1886.0,0.7917133258678611,,
v1.3.0,1887.0,0.8246973001428893,,
v1.3.0,1888.0,0.8384969139537698,,
v1.3.0,1889.0,0.8852218555188852,,
v1.3.0,1890.0,0.8893445131280984,,
v1.3.0,1891.0,0.9041757659982794,,
v1.3.0,1892.0,0.886485280999108,,
v1.3.0,1893.0,0.8890204820955832,,
v1.3.0,1894.0,0.8986942818550203,,
v1.3.0,1895.0,0.914649209486166,,
v1.3.0,1896.0,0.9115540150202196,,
v1.3.0,1897.0,0.8882657726302956,,
v1.3.0,1898.0,0.8931872646353989,,
v1.3.0,1899.0,0.913659409484044,,
v1.3.0,1900.0,0.9241455062350584,,
v1.3.0,1901.0,0.9259977271207968,,
v1.3.0,1902.0,0.9295407098121086,,
v1.3.0,1903.0,0.9298866463920376,,
v1.3.0,1904.0,0.9004909652275143,,
v1.3.0,1905.0,0.9282929399367756,,
v1.3.0,1906.0,0.93467707893626,,
v1.3.0,1907.0,0.9327880345875204,,
v1.3.0,1908.0,0.9377978324126008,,
v1.3.0,1909.0,0.9387298543578504,,
v1.3.0,1910.0,0.9401823612639522,,
v1.3.0,1911.0,0.9355141590926164,,
v1.3.0,1912.0,0.9480840074436976,,
v1.3.0,1913.0,0.9629305312317572,,
v1.3.0,1914.0,0.9249065136098792,,
v1.3.0,1915.0,0.9266119249790054,,
v1.3.0,1916.0,0.942505133470226,,
v1.3.0,1917.0,0.9251543757541344,,
v1.3.0,1918.0,0.9124573955230756,,
v1.3.0,1919.0,0.9078790472987434,,
v1.3.0,1920.0,0.9051006711409396,,
v1.3.0,1921.0,0.9257973789719348,,
v1.3.0,1922.0,0.941114187978498,,
v1.3.0,1923.0,0.9584731945909658,,
v1.3.0,1924.0,0.9777250319517984,,
v1.3.0,1925.0,0.9718875502008032,,
v1.3.0,1926.0,0.9705382436260624,,
v1.3.0,1927.0,0.9771048744460856,,
v1.3.0,1928.0,0.9785798924437152,,
v1.3.0,1929.0,0.9531726239955668,,
v1.3.0,1930.0,0.9562354452742312,,
v1.3.0,1931.0,0.9617744218971211,,
v1.3.0,1932.0,0.9425381466319316,,
v1.3.0,1933.0,0.9501522842639594,,
v1.3.0,1934.0,0.9513888888888888,,
v1.3.0,1935.0,0.9446835443037974,,
v1.3.0,1936.0,0.941661697475651,,
v1.3.0,1937.0,0.9777969655852966,,
v1.3.0,1938.0,0.9771082752269438,,
v1.3.0,1939.0,0.9504415584415584,,
v1.3.0,1940.0,0.9549704724409448,,
v1.3.0,1941.0,0.9570095984858726,,
v1.3.0,1942.0,0.9701737905119776,,
v1.3.0,1943.0,0.9524341223760608,,
v1.3.0,1944.0,0.9522912003769584,,
v1.3.0,1945.0,0.946895777566704,,
v1.3.0,1946.0,0.962183342445781,,
v1.3.0,1947.0,0.972235634958957,,
v1.3.0,1948.0,0.97280218078186,,
v1.3.0,1949.0,0.9583975346687212,,
v1.3.0,1950.0,0.9583043780403058,,
v1.3.0,1951.0,0.962672563999464,,
v1.3.0,1952.0,0.9621474335370792,,
v1.3.0,1953.0,0.947726592880646,,
v1.3.0,1954.0,0.9515816655907036,,
v1.3.0,1955.0,0.9510403916768666,,
v1.3.0,1956.0,0.9387987835783071,,
v1.3.0,1957.0,0.9637706162445656,,
v1.3.0,1958.0,0.9386579094119832,,
v1.3.0,1959.0,0.9389584790487696,,
v1.3.0,1960.0,0.9611621164532496,,
v1.3.0,1961.0,0.9644192342400412,,
v1.3.0,1962.0,0.9670606587868242,,
v1.3.0,1963.0,0.9637258785580896,,
v1.3.0,1964.0,0.9481819082532448,,
v1.3.0,1965.0,0.9603894779771616,,
v1.3.0,1966.0,0.9584681508668568,,
v1.3.0,1967.0,0.9483265978734255,,
v1.3.0,1968.0,0.9589714584058476,,
v1.3.0,1969.0,0.961673900581443,,
v1.3.0,1970.0,0.9571763259976188,,
v1.3.0,1971.0,0.9390231570431792,,
v1.3.0,1972.0,0.9352720450281424,,
v1.3.0,1973.0,0.9237511375065856,,
v1.3.0,1974.0,0.9270782429277298,,
v1.3.0,1975.0,0.9217210379617634,,
v1.3.0,1976.0,0.905949703537109,,
v1.3.0,1977.0,0.9064995051138238,,
v1.3.0,1978.0,0.940420626440983,,
v1.3.0,1979.0,0.9313165674482649,,
v1.3.0,1980.0,0.9445690483819288,,
v1.3.0,1981.0,0.9611228070175438,,
v1.3.0,1982.0,0.962809917355372,,
v1.3.0,1983.0,0.9749683013620188,,
v1.3.0,1984.0,0.9779112335979596,,
v1.3.0,1985.0,0.9671478565179352,,
v1.3.0,1986.0,0.9625985128456298,,
v1.3.0,1987.0,0.9587568494583176,,
v1.3.0,1988.0,0.9685225926552716,,
v1.3.0,1989.0,0.9704511278195488,,
v1.3.0,1990.0,0.9710639432730924,,
v1.3.0,1991.0,0.9700702590609428,,
v1.3.0,1992.0,0.9751187045138816,,
v1.3.0,1993.0,0.9803607375795153,,
v1.3.0,1994.0,0.9784436630484636,,
v1.3.0,1995.0,0.9757803445106112,,
v1.3.0,1996.0,0.9697705113467024,,
v1.3.0,1997.0,0.977191283693754,,
v1.3.0,1998.0,0.9596489650987708,,
v1.3.0,1999.0,0.950702165008777,,
v1.3.0,2000.0,0.954138573383228,,
v1.3.0,2001.0,0.9546260063869024,,
v1.3.0,2002.0,0.9631946895058608,,
v1.3.0,2003.0,0.9752880934431204,,
v1.3.0,2004.0,0.982665695557174,,
v1.3.0,2005.0,0.9831064774592142,,
v1.3.0,2006.0,0.984611608786354,,
v1.3.0,2007.0,0.9864510144469882,,
v1.3.0,2008.0,0.9858626967976868,,
v1.3.0,2009.0,0.9855203729198369,,
v1.3.0,2010.0,0.987459604770212,,
v1.3.0,2011.0,0.9869928503747092,,
v1.3.0,2012.0,0.9906736996144984,,
v1.3.0,2013.0,0.9935787537794956,,
v1.3.0,2014.0,0.9888690856508726,,
v1.3.0,2015.0,0.98755061965029,,
v1.3.0,2016.0,0.9863418755280204,,
v1.3.0,2017.0,0.9787621922898282,,
v1.3.0,2018.0,0.981533045287246,,
v1.3.0,2019.0,0.9894047233904883,,
v1.3.0,2020.0,0.9909268465909092,,
v1.3.0,2021.0,0.9797286455454725,,
v1.3.0,2022.0,0.9661757792150036,,
v1.3.0,2023.0,0.9822468637992832,,
v1.4.0,1867.0,0.8192778067582449,,
v1.4.0,1868.0,0.8298909259689023,,
v1.4.0,1869.0,0.8371019843101062,,
v1.4.0,1870.0,0.8783621837549933,,
v1.4.0,1871.0,0.8683531233866805,,
v1.4.0,1872.0,0.8187556357078449,,
v1.4.0,1873.0,0.7982502187226597,,
v1.4.0,1874.0,0.8397345066746216,,
v1.4.0,1875.0,0.8544436328220112,,
v1.4.0,1876.0,0.8814072450151372,,
v1.4.0,1877.0,0.890584849419262,,
v1.4.0,1878.0,0.8846437165447134,,
v1.4.0,1879.0,0.8658558722091123,,
v1.4.0,1880.0,0.887322281871276,,
v1.4.0,1881.0,0.8660618556701031,,
v1.4.0,1882.0,0.8577861377108983,,
v1.4.0,1883.0,0.8683719530544689,,
v1.4.0,1884.0,0.7722898274079376,,
v1.4.0,1885.0,0.7887458844657288,,
v1.4.0,1886.0,0.7917133258678611,,
v1.4.0,1887.0,0.8246973001428893,,
v1.4.0,1888.0,0.8384969139537698,,
v1.4.0,1889.0,0.8852218555188852,,
v1.4.0,1890.0,0.8893445131280984,,
v1.4.0,1891.0,0.9041757659982794,,
v1.4.0,1892.0,0.886485280999108,,
v1.4.0,1893.0,0.8890204820955832,,
v1.4.0,1894.0,0.8986942818550203,,
v1.4.0,1895.0,0.914649209486166,,
v1.4.0,1896.0,0.9115540150202196,,
v1.4.0,1897.0,0.8882657726302956,,
v1.4.0,1898.0,0.8931872646353989,,
v1.4.0,1899.0,0.913659409484044,,
v1.4.0,1900.0,0.9241455062350584,,
v1.4.0,1901.0,0.9259977271207968,,
v1.4.0,1902.0,0.9295407098121086,,
v1.4.0,1903.0,0.9298866463920376,,
v1.4.0,1904.0,0.9004909652275143,,
v1.4.0,1905.0,0.9282929399367756,,
v1.4.0,1906.0,0.93467707893626,,
v1.4.0,1907.0,0.9327880345875204,,
v1.4.0,1908.0,0.9377978324126008,,
v1.4.0,1909.0,0.9387298543578504,,
v1.4.0,1910.0,0.9401823612639522,,
v1.4.0,1911.0,0.9355141590926164,,
v1.4.0,1912.0,0.9480840074436976,,
v1.4.0,1913.0,0.9629305312317572,,
v1.4.0,1914.0,0.9249065136098792,,
v1.4.0,1915.0,0.9266119249790054,,
v1.4.0,1916.0,0.942505133470226,,
v1.4.0,1917.0,0.9251543757541344,,
v1.4.0,1918.0,0.9124573955230756,,
v1.4.0,1919.0,0.9078790472987434,,
v1.4.0,1920.0,0.9051006711409396,,
v1.4.0,1921.0,0.9257973789719348,,
v1.4.0,1922.0,0.941114187978498,,
v1.4.0,1923.0,0.9584731945909658,,
v1.4.0,1924.0,0.9777250319517984,,
v1.4.0,1925.0,0.9718875502008032,,
v1.4.0,1926.0,0.9705382436260624,,
v1.4.0,1927.0,0.9771048744460856,,
v1.4.0,1928.0,0.9785798924437152,,
v1.4.0,1929.0,0.9531726239955668,,
v1.4.0,1930.0,0.9562354452742312,,
v1.4.0,1931.0,0.9617744218971211,,
v1.4.0,1932.0,0.9425381466319316,,
v1.4.0,1933.0,0.9501522842639594,,
v1.4.0,1934.0,0.9513888888888888,,
v1.4.0,1935.0,0.9446835443037974,,
v1.4.0,1936.0,0.941661697475651,,
v1.4.0,1937.0,0.9777969655852966,,
v1.4.0,1938.0,0.9771082752269438,,
v1.4.0,1939.0,0.9504415584415584,,
v1.4.0,1940.0,0.9549704724409448,,
v1.4.0,1941.0,0.9570095984858726,,
v1.4.0,1942.0,0.9701737905119776,,
v1.4.0,1943.0,0.9524341223760608,,
v1.4.0,1944.0,0.9522912003769584,,
v1.4.0,1945.0,0.946895777566704,,
v1.4.0,1946.0,0.962183342445781,,
v1.4.0,1947.0,0.972235634958957,,
v1.4.0,1948.0,0.97280218078186,,
v1.4.0,1949.0,0.9583975346687212,,
v1.4.0,1950.0,0.9583043780403058,,
v1.4.0,1951.0,0.962672563999464,,
v1.4.0,1952.0,0.9621474335370792,,
v1.4.0,1953.0,0.947726592880646,,
v1.4.0,1954.0,0.9515816655907036,,
v1.4.0,1955.0,0.9510403916768666,,
v1.4.0,1956.0,0.9387987835783071,,
v1.4.0,1957.0,0.9637706162445656,,
v1.4.0,1958.0,0.9386579094119832,,
v1.4.0,1959.0,0.9389584790487696,,
v1.4.0,1960.0,0.9611621164532496,,
v1.4.0,1961.0,0.9644192342400412,,
v1.4.0,1962.0,0.9670606587868242,,
v1.4.0,1963.0,0.9637258785580896,,
v1.4.0,1964.0,0.9481819082532448,,
v1.4.0,1965.0,0.9603894779771616,,
v1.4.0,1966.0,0.9584681508668568,,
v1.4.0,1967.0,0.9483265978734255,,
v1.4.0,1968.0,0.9589714584058476,,
v1.4.0,1969.0,0.961673900581443,,
v1.4.0,1970.0,0.9571763259976188,,
v1.4.0,1971.0,0.9390231570431792,,
v1.4.0,1972.0,0.9352720450281424,,
v1.4.0,1973.0,0.9237511375065856,,
v1.4.0,1974.0,0.9270782429277298,,
v1.4.0,1975.0,0.9217210379617634,,
v1.4.0,1976.0,0.905949703537109,,
v1.4.0,1977.0,0.9064995051138238,,
v1.4.0,1978.0,0.940420626440983,,
v1.4.0,1979.0,0.9313165674482649,,
v1.4.0,1980.0,0.9445690483819288,,
v1.4.0,1981.0,0.9611228070175438,,
v1.4.0,1982.0,0.962809917355372,,
v1.4.0,1983.0,0.9749683013620188,,
v1.4.0,1984.0,0.9779112335979596,,
v1.4.0,1985.0,0.9671478565179352,,
v1.4.0,1986.0,0.9625985128456298,,
v1.4.0,1987.0,0.9587568494583176,,
v1.4.0,1988.0,0.9685225926552716,,
v1.4.0,1989.0,0.9704511278195488,,
v1.4.0,1990.0,0.9710639432730924,,
v1.4.0,1991.0,0.9700702590609428,,
v1.4.0,1992.0,0.9751187045138816,,
v1.4.0,1993.0,0.9803607375795153,,
v1.4.0,1994.0,0.9784436630484636,,
v1.4.0,1995.0,0.9757803445106112,,
v1.4.0,1996.0,0.9697705113467024,,
v1.4.0,1997.0,0.977191283693754,,
v1.4.0,1998.0,0.9596489650987708,,
v1.4.0,1999.0,0.950702165008777,,
v1.4.0,2000.0,0.954138573383228,,
v1.4.0,2001.0,0.9546260063869024,,
v1.4.0,2002.0,0.9631946895058608,,
v1.4.0,2003.0,0.9752880934431204,,
v1.4.0,2004.0,0.982665695557174,,
v1.4.0,2005.0,0.9831064774592142,,
v1.4.0,2006.0,0.984611608786354,,
v1.4.0,2007.0,0.9864510144469882,,
v1.4.0,2008.0,0.9858626967976868,,
v1.4.0,2009.0,0.9855203729198369,,
v1.4.0,2010.0,0.987459604770212,,
v1.4.0,2011.0,0.9869928503747092,,
v1.4.0,2012.0,0.9906736996144984,,
v1.4.0,2013.0,0.9935787537794956,,
v1.4.0,2014.0,0.9888690856508726,,
v1.4.0,2015.0,0.98755061965029,,
v1.4.0,2016.0,0.9863418755280204,,
v1.4.0,2017.0,0.9787621922898282,,
v1.4.0,2018.0,0.981533045287246,,
v1.4.0,2019.0,0.9894047233904883,,
v1.4.0,2020.0,0.9909268465909092,,
v1.4.0,2021.0,0.9797286455454725,,
v1.4.0,2022.0,0.9661757792150036,,
v1.4.0,2023.0,0.9822468637992832,,
v1.4.1,1867.0,0.8192778067582449,,
v1.4.1,1868.0,0.8298909259689023,,
v1.4.1,1869.0,0.8371019843101062,,
v1.4.1,1870.0,0.8783621837549933,,
v1.4.1,1871.0,0.8683531233866805,,
v1.4.1,1872.0,0.8187556357078449,,
v1.4.1,1873.0,0.7982502187226597,,
v1.4.1,1874.0,0.8397345066746216,,
v1.4.1,1875.0,0.8544436328220112,,
v1.4.1,1876.0,0.8814072450151372,,
v1.4.1,1877.0,0.890584849419262,,
v1.4.1,1878.0,0.8846437165447134,,
v1.4.1,1879.0,0.8658558722091123,,
v1.4.1,1880.0,0.887322281871276,,
v1.4.1,1881.0,0.8660618556701031,,
v1.4.1,1882.0,0.8577861377108983,,
v1.4.1,1883.0,0.8683719530544689,,
v1.4.1,1884.0,0.7722898274079376,,
v1.4.1,1885.0,0.7887458844657288,,
v1.4.1,1886.0,0.7917133258678611,,
v1.4.1,1887.0,0.8246973001428893,,
v1.4.1,1888.0,0.8384969139537698,,
v1.4.1,1889.0,0.8852218555188852,,
v1.4.1,1890.0,0.8893445131280984,,
v1.4.1,1891.0,0.9041757659982794,,
v1.4.1,1892.0,0.886485280999108,,
v1.4.1,1893.0,0.8890204820955832,,
v1.4.1,1894.0,0.8986942818550203,,
v1.4.1,1895.0,0.914649209486166,,
v1.4.1,1896.0,0.9115540150202196,,
v1.4.1,1897.0,0.8882657726302956,,
v1.4.1,1898.0,0.8931872646353989,,
v1.4.1,1899.0,0.913659409484044,,
v1.4.1,1900.0,0.9241455062350584,,
v1.4.1,1901.0,0.9259977271207968,,
v1.4.1,1902.0,0.9295407098121086,,
v1.4.1,1903.0,0.9298866463920376,,
v1.4.1,1904.0,0.9004909652275143,,
v1.4.1,1905.0,0.9282929399367756,,
v1.4.1,1906.0,0.93467707893626,,
v1.4.1,1907.0,0.9327880345875204,,
v1.4.1,1908.0,0.9377978324126008,,
v1.4.1,1909.0,0.9387298543578504,,
v1.4.1,1910.0,0.9401823612639522,,
v1.4.1,1911.0,0.9355141590926164,,
v1.4.1,1912.0,0.9480840074436976,,
v1.4.1,1913.0,0.9629305312317572,,
v1.4.1,1914.0,0.9249065136098792,,
v1.4.1,1915.0,0.9266119249790054,,
v1.4.1,1916.0,0.942505133470226,,
v1.4.1,1917.0,0.9251543757541344,,
v1.4.1,1918.0,0.9124573955230756,,
v1.4.1,1919.0,0.9078790472987434,,
v1.4.1,1920.0,0.9051006711409396,,
v1.4.1,1921.0,0.9257973789719348,,
v1.4.1,1922.0,0.941114187978498,,
v1.4.1,1923.0,0.9584731945909658,,
v1.4.1,1924.0,0.9777250319517984,,
v1.4.1,1925.0,0.9718875502008032,,
v1.4.1,1926.0,0.9705382436260624,,
v1.4.1,1927.0,0.9771048744460856,,
v1.4.1,1928.0,0.9785798924437152,,
v1.4.1,1929.0,0.9531726239955668,,
v1.4.1,1930.0,0.9562354452742312,,
v1.4.1,1931.0,0.9617744218971211,,
v1.4.1,1932.0,0.9425381466319316,,
v1.4.1,1933.0,0.9501522842639594,,
v1.4.1,1934.0,0.9513888888888888,,
v1.4.1,1935.0,0.9446835443037974,,
v1.4.1,1936.0,0.941661697475651,,
v1.4.1,1937.0,0.9777969655852966,,
v1.4.1,1938.0,0.9771082752269438,,
v1.4.1,1939.0,0.9504415584415584,,
v1.4.1,1940.0,0.9549704724409448,,
v1.4.1,1941.0,0.9570095984858726,,
v1.4.1,1942.0,0.9701737905119776,,
v1.4.1,1943.0,0.9524341223760608,,
v1.4.1,1944.0,0.9522912003769584,,
v1.4.1,1945.0,0.946895777566704,,
v1.4.1,1946.0,0.962183342445781,,
v1.4.1,1947.0,0.972235634958957,,
v1.4.1,1948.0,0.97280218078186,,
v1.4.1,1949.0,0.9583975346687212,,
v1.4.1,1950.0,0.9583043780403058,,
v1.4.1,1951.0,0.962672563999464,,
v1.4.1,1952.0,0.9621474335370792,,
v1.4.1,1953.0,0.947726592880646,,
v1.4.1,1954.0,0.9515816655907036,,
v1.4.1,1955.0,0.9510403916768666,,
v1.4.1,1956.0,0.9387987835783071,,
v1.4.1,1957.0,0.9637706162445656,,
v1.4.1,1958.0,0.9386579094119832,,
v1.4.1,1959.0,0.9389584790487696,,
v1.4.1,1960.0,0.9611621164532496,,
v1.4.1,1961.0,0.9644192342400412,,
v1.4.1,1962.0,0.9670606587868242,,
v1.4.1,1963.0,0.9637258785580896,,
v1.4.1,1964.0,0.9481819082532448,,
v1.4.1,1965.0,0.9603894779771616,,
v1.4.1,1966.0,0.9584681508668568,,
v1.4.1,1967.0,0.9483265978734255,,
v1.4.1,1968.0,0.9589714584058476,,
v1.4.1,1969.0,0.961673900581443,,
v1.4.1,1970.0,0.9571763259976188,,
v1.4.1,1971.0,0.9390231570431792,,
v1.4.1,1972.0,0.9352720450281424,,
v1.4.1,1973.0,0.9237511375065856,,
v1.4.1,1974.0,0.9270782429277298,,
v1.4.1,1975.0,0.9217210379617634,,
v1.4.1,1976.0,0.905949703537109,,
v1.4.1,1977.0,0.9064995051138238,,
v1.4.1,1978.0,0.940420626440983,,
v1.4.1,1979.0,0.9313165674482649,,
v1.4.1,1980.0,0.9445690483819288,,
v1.4.1,1981.0,0.9611228070175438,,
v1.4.1,1982.0,0.962809917355372,,
v1.4.1,1983.0,0.9749683013620188,,
v1.4.1,1984.0,0.9779112335979596,,
v1.4.1,1985.0,0.9671478565179352,,
v1.4.1,1986.0,0.9625985128456298,,
v1.4.1,1987.0,0.9587568494583176,,
v1.4.1,1988.0,0.9685225926552716,,
v1.4.1,1989.0,0.9704511278195488,,
v1.4.1,1990.0,0.969894525689142,,
v1.4.1,1991.0,0.9695238435307352,,
v1.4.1,1992.0,0.96874950263405,,
v1.4.1,1993.0,0.9805776064111288,,
v1.4.1,1994.0,0.9826637609188832,,
v1.4.1,1995.0,0.9783052292823567,,
v1.4.1,1996.0,0.9699335440996192,,
v1.4.1,1997.0,0.97513303725043,,
v1.4.1,1998.0,0.9740199974898548,,
v1.4.1,1999.0,0.94707225343173,,
v1.4.1,2000.0,0.9562032738386962,,
v1.4.1,2001.0,0.9539407974402716,,
v1.4.1,2002.0,0.9544392523364486,,
v1.4.1,2003.0,0.9706839744353142,,
v1.4.1,2004.0,0.9820800232161644,,
v1.4.1,2005.0,0.9826919209246748,,
v1.4.1,2006.0,0.9813892871106478,,
v1.4.1,2007.0,0.987052291691088,,
v1.4.1,2008.0,0.9873654098295522,,
v1.4.1,2009.0,0.9840550845046376,,
v1.4.1,2010.0,0.986677997123807,,
v1.4.1,2011.0,0.9873891625615764,,
v1.4.1,2012.0,0.9889687081456228,,
v1.4.1,2013.0,0.9910519789537184,,
v1.4.1,2014.0,0.9926476711676878,,
v1.4.1,2015.0,0.9870963406028428,,
v1.4.1,2016.0,0.9862815629849062,,
v1.4.1,2017.0,0.9811886192952052,,
v1.4.1,2018.0,0.9787822739507676,,
v1.4.1,2019.0,0.9884189181470268,,
v1.4.1,2020.0,0.9916720326250268,,
v1.4.1,2021.0,0.987235748343812,,
v1.4.1,2022.0,0.9601501008932892,,
v1.4.1,2023.0,0.980580248471844,,
v1.4.2,1867.0,0.8192778067582449,,
v1.4.2,1868.0,0.8298909259689023,,
v1.4.2,1869.0,0.8371019843101062,,
v1.4.2,1870.0,0.8783621837549933,,
v1.4.2,1871.0,0.8683531233866805,,
v1.4.2,1872.0,0.8187556357078449,,
v1.4.2,1873.0,0.7982502187226597,,
v1.4.2,1874.0,0.8397345066746216,,
v1.4.2,1875.0,0.8544578078589862,,
v1.4.2,1876.0,0.8814134349391931,,
v1.4.2,1877.0,0.8909614099994861,,
v1.4.2,1878.0,0.8849987724036337,,
v1.4.2,1879.0,0.8688970899630951,,
v1.4.2,1880.0,0.887322281871276,,
v1.4.2,1881.0,0.8660618556701031,,
v1.4.2,1882.0,0.8577861377108983,,
v1.4.2,1883.0,0.8683957154892286,,
v1.4.2,1884.0,0.7724236641221374,,
v1.4.2,1885.0,0.7906016162825501,,
v1.4.2,1886.0,0.7916806628597022,,
v1.4.2,1887.0,0.8246973001428893,,
v1.4.2,1888.0,0.838688207176136,,
v1.4.2,1889.0,0.885227867993714,,
v1.4.2,1890.0,0.8895416437182547,,
v1.4.2,1891.0,0.90437429686983,,
v1.4.2,1892.0,0.8866157533864764,,
v1.4.2,1893.0,0.8892834760810528,,
v1.4.2,1894.0,0.8987056837366347,,
v1.4.2,1895.0,0.914649209486166,,
v1.4.2,1896.0,0.9121996303142328,,
v1.4.2,1897.0,0.8893087894672681,,
v1.4.2,1898.0,0.8931872646353989,,
v1.4.2,1899.0,0.9138213806470852,,
v1.4.2,1900.0,0.9244137218166548,,
v1.4.2,1901.0,0.9260026737967916,,
v1.4.2,1902.0,0.9295407098121086,,
v1.4.2,1903.0,0.930672268907563,,
v1.4.2,1904.0,0.9016094746431824,,
v1.4.2,1905.0,0.9282929399367756,,
v1.4.2,1906.0,0.93467707893626,,
v1.4.2,1907.0,0.9328877880076646,,
v1.4.2,1908.0,0.9378057007927136,,
v1.4.2,1909.0,0.9387382452296176,,
v1.4.2,1910.0,0.9401823612639522,,
v1.4.2,1911.0,0.9375798092090438,,
v1.4.2,1912.0,0.9480120001519008,,
v1.4.2,1913.0,0.9629318836878398,,
v1.4.2,1914.0,0.9256054611070048,,
v1.4.2,1915.0,0.9266153487287148,,
v1.4.2,1916.0,0.9425133689839572,,
v1.4.2,1917.0,0.9252280066716349,,
v1.4.2,1918.0,0.9127137637775936,,
v1.4.2,1919.0,0.9081570258040846,,
v1.4.2,1920.0,0.9053691275167786,,
v1.4.2,1921.0,0.9259857595883444,,
v1.4.2,1922.0,0.9419381107491857,,
v1.4.2,1923.0,0.9581854800038362,,
v1.4.2,1924.0,0.977816322804455,,
v1.4.2,1925.0,0.9718875502008032,,
v1.4.2,1926.0,0.9711048158640226,,
v1.4.2,1927.0,0.9772895125553914,,
v1.4.2,1928.0,0.978855267954794,,
v1.4.2,1929.0,0.9533616549686,,
v1.4.2,1930.0,0.9562354452742312,,
v1.4.2,1931.0,0.9617744218971211,,
v1.4.2,1932.0,0.9426870115370302,,
v1.4.2,1933.0,0.9501624035728786,,
v1.4.2,1934.0,0.951700194016134,,
v1.4.2,1935.0,0.9450702442728768,,
v1.4.2,1936.0,0.9418015691727084,,
v1.4.2,1937.0,0.9783090953906828,,
v1.4.2,1938.0,0.9777690081557484,,
v1.4.2,1939.0,0.9505557286797548,,
v1.4.2,1940.0,0.9553450608930988,,
v1.4.2,1941.0,0.9570095984858726,,
v1.4.2,1942.0,0.971230624706435,,
v1.4.2,1943.0,0.9518812102266384,,
v1.4.2,1944.0,0.9520668943587328,,
v1.4.2,1945.0,0.946895777566704,,
v1.4.2,1946.0,0.9618258017492712,,
v1.4.2,1947.0,0.97271849348141,,
v1.4.2,1948.0,0.97280218078186,,
v1.4.2,1949.0,0.9583975346687212,,
v1.4.2,1950.0,0.9583043780403058,,
v1.4.2,1951.0,0.962672563999464,,
v1.4.2,1952.0,0.9621474335370792,,
v1.4.2,1953.0,0.947726592880646,,
v1.4.2,1954.0,0.9515816655907036,,
v1.4.2,1955.0,0.9510403916768666,,
v1.4.2,1956.0,0.9387987835783071,,
v1.4.2,1957.0,0.9637706162445656,,
v1.4.2,1958.0,0.9386579094119832,,
v1.4.2,1959.0,0.9389584790487696,,
v1.4.2,1960.0,0.9611621164532496,,
v1.4.2,1961.0,0.9644192342400412,,
v1.4.2,1962.0,0.9670606587868242,,
v1.4.2,1963.0,0.9637258785580896,,
v1.4.2,1964.0,0.9481819082532448,,
v1.4.2,1965.0,0.9603894779771616,,
v1.4.2,1966.0,0.9584681508668568,,
v1.4.2,1967.0,0.9483265978734255,,
v1.4.2,1968.0,0.9589714584058476,,
v1.4.2,1969.0,0.961673900581443,,
v1.4.2,1970.0,0.9571763259976188,,
v1.4.2,1971.0,0.9390231570431792,,
v1.4.2,1972.0,0.9352720450281424,,
v1.4.2,1973.0,0.9237511375065856,,
v1.4.2,1974.0,0.9270782429277298,,
v1.4.2,1975.0,0.9217210379617634,,
v1.4.2,1976.0,0.905949703537109,,
v1.4.2,1977.0,0.9064995051138238,,
v1.4.2,1978.0,0.940420626440983,,
v1.4.2,1979.0,0.9313165674482649,,
v1.4.2,1980.0,0.9445690483819288,,
v1.4.2,1981.0,0.9611228070175438,,
v1.4.2,1982.0,0.962809917355372,,
v1.4.2,1983.0,0.9749683013620188,,
v1.4.2,1984.0,0.9779112335979596,,
v1.4.2,1985.0,0.9671478565179352,,
v1.4.2,1986.0,0.9625985128456298,,
v1.4.2,1987.0,0.9587568494583176,,
v1.4.2,1988.0,0.9685225926552716,,
v1.4.2,1989.0,0.9704511278195488,,
v1.4.2,1990.0,0.969894525689142,,
v1.4.2,1991.0,0.9695238435307352,,
v1.4.2,1992.0,0.96874950263405,,
v1.4.2,1993.0,0.9805776064111288,,
v1.4.2,1994.0,0.9826637609188832,,
v1.4.2,1995.0,0.9783052292823567,,
v1.4.2,1996.0,0.9699335440996192,,
v1.4.2,1997.0,0.97513303725043,,
v1.4.2,1998.0,0.9740199974898548,,
v1.4.2,1999.0,0.94707225343173,,
v1.4.2,2000.0,0.9562032738386962,,
v1.4.2,2001.0,0.9539407974402716,,
v1.4.2,2002.0,0.9544392523364486,,
v1.4.2,2003.0,0.9706839744353142,,
v1.4.2,2004.0,0.9820800232161644,,
v1.4.2,2005.0,0.9826919209246748,,
v1.4.2,2006.0,0.9813892871106478,,
v1.4.2,2007.0,0.987052291691088,,
v1.4.2,2008.0,0.9873654098295522,,
v1.4.2,2009.0,0.9840550845046376,,
v1.4.2,2010.0,0.986677997123807,,
v1.4.2,2011.0,0.9873891625615764,,
v1.4.2,2012.0,0.9889687081456228,,
v1.4.2,2013.0,0.9910519789537184,,
v1.4.2,2014.0,0.9926476711676878,,
v1.4.2,2015.0,0.9870963406028428,,
v1.4.2,2016.0,0.9862815629849062,,
v1.4.2,2017.0,0.9811886192952052,,
v1.4.2,2018.0,0.9787822739507676,,
v1.4.2,2019.0,0.9884189181470268,,
v1.4.2,2020.0,0.9916720326250268,,
v1.4.2,2021.0,0.987235748343812,,
v1.4.2,2022.0,0.9601501008932892,,
v1.4.2,2023.0,0.980580248471844,,
v1.4.3,1867.0,0.8192778067582449,14135.0,3118.0
v1.4.3,1868.0,0.8298909259689023,14304.0,2932.0
v1.4.3,1869.0,0.8371502740121142,14512.0,2823.0
v1.4.3,1870.0,0.8783621837549933,13193.0,1827.0
v1.4.3,1871.0,0.8683531233866805,16820.0,2550.0
v1.4.3,1872.0,0.8187556357078449,12712.0,2814.0
v1.4.3,1873.0,0.7982502187226597,13686.0,3459.0
v1.4.3,1874.0,0.8397345066746216,11260.0,2149.0
v1.4.3,1875.0,0.8545427930125891,17513.0,2981.0
v1.4.3,1876.0,0.8814589665653495,16820.0,2262.0
v1.4.3,1877.0,0.8909484090206982,17304.0,2118.0
v1.4.3,1878.0,0.8849997538522129,17977.0,2336.0
v1.4.3,1879.0,0.8689329212870387,14340.0,2163.0
v1.4.3,1880.0,0.8870881883243626,14998.0,1909.0
v1.4.3,1881.0,0.8660714285714286,10476.0,1620.0
v1.4.3,1882.0,0.8578302211020735,14976.0,2482.0
v1.4.3,1883.0,0.8682511914097847,14393.0,2184.0
v1.4.3,1884.0,0.7724445861904002,9688.0,2854.0
v1.4.3,1885.0,0.7912933678071072,13160.0,3471.0
v1.4.3,1886.0,0.7921120738156858,14079.0,3695.0
v1.4.3,1887.0,0.8253153085114417,10928.0,2313.0
v1.4.3,1888.0,0.8386607630254139,13827.0,2660.0
v1.4.3,1889.0,0.8853969256685618,16819.0,2177.0
v1.4.3,1890.0,0.8898913643896151,14499.0,1794.0
v1.4.3,1891.0,0.904173312068049,13606.0,1442.0
v1.4.3,1892.0,0.8864680183712333,15827.0,2027.0
v1.4.3,1893.0,0.8890675241157556,12719.0,1587.0
v1.4.3,1894.0,0.8985170930495812,15875.0,1793.0
v1.4.3,1895.0,0.9145766078966971,14732.0,1376.0
v1.4.3,1896.0,0.912234815460622,15695.0,1510.0
v1.4.3,1897.0,0.8891609033600587,14528.0,1811.0
v1.4.3,1898.0,0.8933623503808488,15599.0,1862.0
v1.4.3,1899.0,0.9142621599340478,12199.0,1144.0
v1.4.3,1900.0,0.9244597313258486,14245.0,1164.0
v1.4.3,1901.0,0.9258036255812386,13738.0,1101.0
v1.4.3,1902.0,0.9296464823241162,15936.0,1206.0
v1.4.3,1903.0,0.9306820706509664,16756.0,1248.0
v1.4.3,1904.0,0.9014815946234916,17706.0,1935.0
v1.4.3,1905.0,0.9285336436732966,17553.0,1351.0
v1.4.3,1906.0,0.9347814569536425,17644.0,1231.0
v1.4.3,1907.0,0.9328445885614924,19850.0,1429.0
v1.4.3,1908.0,0.9381648654375928,22136.0,1459.0
v1.4.3,1909.0,0.9390925756186984,20491.0,1329.0
v1.4.3,1910.0,0.940425868131,23805.0,1508.0
v1.4.3,1911.0,0.9376586955697882,24742.0,1645.0
v1.4.3,1912.0,0.9484327217125382,24811.0,1349.0
v1.4.3,1913.0,0.9631204633770803,26272.0,1006.0
v1.4.3,1914.0,0.9254090471607316,21153.0,1705.0
v1.4.3,1915.0,0.926914044152184,19734.0,1556.0
v1.4.3,1916.0,0.9425871744448177,19652.0,1197.0
v1.4.3,1917.0,0.9254897762552188,25935.0,2088.0
v1.4.3,1918.0,0.913338841457817,29847.0,2832.0
v1.4.3,1919.0,0.907728901519832,29385.0,2987.0
v1.4.3,1920.0,0.905899925317401,13343.0,1386.0
v1.4.3,1921.0,0.92580994821149,15374.0,1232.0
v1.4.3,1922.0,0.9420194366661176,11438.0,704.0
v1.4.3,1923.0,0.9587688734030198,9906.0,426.0
v1.4.3,1924.0,0.9777327935222672,10626.0,242.0
v1.4.3,1925.0,0.971964655830697,8910.0,257.0
v1.4.3,1926.0,0.9712168709033911,10224.0,303.0
v1.4.3,1927.0,0.977519739897817,10523.0,242.0
v1.4.3,1928.0,0.9787136434535278,10667.0,232.0
v1.4.3,1929.0,0.9532501396908176,10236.0,502.0
v1.4.3,1930.0,0.9560761346998536,11754.0,540.0
v1.4.3,1931.0,0.9616814412353446,10089.0,402.0
v1.4.3,1932.0,0.9428893058161352,12564.0,761.0
v1.4.3,1933.0,0.9502032520325204,9350.0,490.0
v1.4.3,1934.0,0.9516804576565532,9316.0,473.0
v1.4.3,1935.0,0.9450424211725972,7463.0,434.0
v1.4.3,1936.0,0.9417495029821074,9474.0,586.0
v1.4.3,1937.0,0.9784083898827884,7930.0,175.0
v1.4.3,1938.0,0.977733860342556,7421.0,169.0
v1.4.3,1939.0,0.9505750699409388,9174.0,477.0
v1.4.3,1940.0,0.9555693069306932,7721.0,359.0
v1.4.3,1941.0,0.957227937195452,7072.0,316.0
v1.4.3,1942.0,0.9711968022572302,8261.0,245.0
v1.4.3,1943.0,0.9518274281882196,8516.0,431.0
v1.4.3,1944.0,0.9520329994107248,8078.0,407.0
v1.4.3,1945.0,0.9470679813181112,10950.0,612.0
v1.4.3,1946.0,0.9618508715889386,10539.0,418.0
v1.4.3,1947.0,0.972688821752266,8049.0,226.0
v1.4.3,1948.0,0.9728484244613276,15622.0,436.0
v1.4.3,1949.0,0.9587738709941808,11698.0,503.0
v1.4.3,1950.0,0.9588253573648228,12342.0,530.0
v1.4.3,1951.0,0.9630279314532452,14274.0,548.0
v1.4.3,1952.0,0.9625195210827694,12943.0,504.0
v1.4.3,1953.0,0.948081264108352,12600.0,690.0
v1.4.3,1954.0,0.9520489934197668,14613.0,736.0
v1.4.3,1955.0,0.9513062508548762,13910.0,712.0
v1.4.3,1956.0,0.9392663476874004,14723.0,952.0
v1.4.3,1957.0,0.9636642071557844,13844.0,522.0
v1.4.3,1958.0,0.9384250296633984,15027.0,986.0
v1.4.3,1959.0,0.938815873420952,14715.0,959.0
v1.4.3,1960.0,0.9610831157792484,15830.0,641.0
v1.4.3,1961.0,0.964612094108497,14883.0,546.0
v1.4.3,1962.0,0.967215090700898,16049.0,544.0
v1.4.3,1963.0,0.9649522075557578,16960.0,616.0
v1.4.3,1964.0,0.948096541428216,19052.0,1043.0
v1.4.3,1965.0,0.9603316783538928,18762.0,775.0
v1.4.3,1966.0,0.958515072210914,19778.0,856.0
v1.4.3,1967.0,0.9484328799526908,24057.0,1308.0
v1.4.3,1968.0,0.959029626074436,21980.0,939.0
v1.4.3,1969.0,0.9618342586880526,23387.0,928.0
v1.4.3,1970.0,0.9571654393337704,24826.0,1111.0
v1.4.3,1971.0,0.9386927970449416,18297.0,1195.0
v1.4.3,1972.0,0.9350108616944244,20660.0,1436.0
v1.4.3,1973.0,0.9234321827904716,18995.0,1575.0
v1.4.3,1974.0,0.9271908631671424,16886.0,1326.0
v1.4.3,1975.0,0.9157818009889482,46486.0,4275.0
v1.4.3,1976.0,0.8937350852476927,31085.0,3696.0
v1.4.3,1977.0,0.9461957607052178,33167.0,1886.0
v1.4.3,1978.0,0.9251260470840448,23303.0,1886.0
v1.4.3,1979.0,0.9373392367699768,22229.0,1486.0
v1.4.3,1980.0,0.965289410013028,20746.0,746.0
v1.4.3,1981.0,0.9572868542629148,22793.0,1017.0
v1.4.3,1982.0,0.9718546810348748,21374.0,619.0
v1.4.3,1983.0,0.9793562521065048,23246.0,490.0
v1.4.3,1984.0,0.9742276695768972,23210.0,614.0
v1.4.3,1985.0,0.9612588570902733,20892.0,842.0
v1.4.3,1986.0,0.956162836164574,22008.0,1009.0
v1.4.3,1987.0,0.9653490328006727,22956.0,824.0
v1.4.3,1988.0,0.9753543340202716,23191.0,586.0
v1.4.3,1989.0,0.9724684206853236,27869.0,789.0
v1.4.3,1990.0,0.9677639666712198,120445.0,4012.0
v1.4.3,1991.0,0.970113206221512,110460.0,3403.0
v1.4.3,1992.0,0.977149490598604,127946.0,2992.0
v1.4.3,1993.0,0.9829511678965182,124016.0,2151.0
v1.4.3,1994.0,0.9774381220733414,96436.0,2226.0
v1.4.3,1995.0,0.9709962168978562,79310.0,2369.0
v1.4.3,1996.0,0.9721472713029856,100521.0,2880.0
v1.4.3,1997.0,0.9794246940152856,107390.0,2256.0
v1.4.3,1998.0,0.9505117790414296,87756.0,4569.0
v1.4.3,1999.0,0.9521435964482214,104871.0,5271.0
v1.4.3,2000.0,0.9542393972453294,111959.0,5369.0
v1.4.3,2001.0,0.9542381337416348,110934.0,5320.0
v1.4.3,2002.0,0.9646643109540636,97461.0,3570.0
v1.4.3,2003.0,0.9818487042283076,74864.0,1384.0
v1.4.3,2004.0,0.9827473271679638,88519.0,1554.0
v1.4.3,2005.0,0.9829681032383736,80741.0,1399.0
v1.4.3,2006.0,0.9842762710216778,81002.0,1294.0
v1.4.3,2007.0,0.9866711658511896,99416.0,1343.0
v1.4.3,2008.0,0.9859180589641092,91997.0,1314.0
v1.4.3,2009.0,0.9856212141283012,81845.0,1194.0
v1.4.3,2010.0,0.986925387544923,73597.0,975.0
v1.4.3,2011.0,0.9888045950719886,77812.0,881.0
v1.4.3,2012.0,0.9903699706182169,82582.0,803.0
v1.4.3,2013.0,0.9932093421093808,95216.0,651.0
v1.4.3,2014.0,0.9871909623107068,81617.0,1059.0
v1.4.3,2015.0,0.986458585648869,85523.0,1174.0
v1.4.3,2016.0,0.984250692071726,78931.0,1263.0
v1.4.3,2017.0,0.9779125317194628,82085.0,1854.0
v1.4.3,2018.0,0.9863878753859108,56232.0,776.0
v1.4.3,2019.0,0.991677742870952,65657.0,551.0
v1.4.3,2020.0,0.990027543904202,101361.0,1021.0
v1.4.3,2021.0,0.961219704707958,82811.0,3341.0
v1.4.3,2022.0,0.9794392032855288,74646.0,1567.0
v1.5.0,1867.0,0.8759056395989103,15112.0,2141.0
v1.5.0,1868.0,0.8819911812485496,15202.0,2034.0
v1.5.0,1869.0,0.89201038361696,15463.0,1872.0
v1.5.0,1870.0,0.9025299600532624,13556.0,1464.0
v1.5.0,1871.0,0.8901393908105317,17242.0,2128.0
v1.5.0,1872.0,0.8522478423289965,13232.0,2294.0
v1.5.0,1873.0,0.8334791484397783,14290.0,2855.0
v1.5.0,1874.0,0.8638228055783429,11583.0,1826.0
v1.5.0,1875.0,0.873621547770079,17904.0,2590.0
v1.5.0,1876.0,0.9013206162876009,17199.0,1883.0
v1.5.0,1877.0,0.9133971784574194,17740.0,1682.0
v1.5.0,1878.0,0.9183773937872298,18655.0,1658.0
v1.5.0,1879.0,0.9015936496394596,14879.0,1624.0
v1.5.0,1880.0,0.9048323179748032,15298.0,1609.0
v1.5.0,1881.0,0.8961640211640212,10840.0,1256.0
v1.5.0,1882.0,0.8983274143659068,15683.0,1775.0
v1.5.0,1883.0,0.8944320443988659,14827.0,1750.0
v1.5.0,1884.0,0.8259448253867007,10359.0,2183.0
v1.5.0,1885.0,0.825386326739222,13727.0,2904.0
v1.5.0,1886.0,0.8124789017666254,14441.0,3333.0
v1.5.0,1887.0,0.8668529567253228,11478.0,1763.0
v1.5.0,1888.0,0.868441802632377,14318.0,2169.0
v1.5.0,1889.0,0.8910296904611498,16926.0,2070.0
v1.5.0,1890.0,0.8967041060578163,14610.0,1683.0
v1.5.0,1891.0,0.9263024986709196,13939.0,1109.0
v1.5.0,1892.0,0.9241626526268624,16500.0,1354.0
v1.5.0,1893.0,0.9287012442331888,13286.0,1020.0
v1.5.0,1894.0,0.9354765678062033,16528.0,1140.0
v1.5.0,1895.0,0.929103551030544,14966.0,1142.0
v1.5.0,1896.0,0.9257192676547517,15927.0,1278.0
v1.5.0,1897.0,0.940449231899137,15366.0,973.0
v1.5.0,1898.0,0.9276673730026918,16198.0,1263.0
v1.5.0,1899.0,0.9207824327362664,12286.0,1057.0
v1.5.0,1900.0,0.9352326562398598,14411.0,998.0
v1.5.0,1901.0,0.9485814407978974,14076.0,763.0
v1.5.0,1902.0,0.9514642398786606,16310.0,832.0
v1.5.0,1903.0,0.9535658742501666,17168.0,836.0
v1.5.0,1904.0,0.9385469171630773,18434.0,1207.0
v1.5.0,1905.0,0.940753279729158,17784.0,1120.0
v1.5.0,1906.0,0.952953642384106,17987.0,888.0
v1.5.0,1907.0,0.941350627379106,20031.0,1248.0
v1.5.0,1908.0,0.9419792328883236,22226.0,1369.0
v1.5.0,1909.0,0.9437213565536204,20592.0,1228.0
v1.5.0,1910.0,0.9456800853316478,23938.0,1375.0
v1.5.0,1911.0,0.9516049569863948,25110.0,1277.0
v1.5.0,1912.0,0.9535168195718654,24944.0,1216.0
v1.5.0,1913.0,0.9734218051176772,26553.0,725.0
v1.5.0,1914.0,0.9412022049173157,21514.0,1344.0
v1.5.0,1915.0,0.9467825270079848,20157.0,1133.0
v1.5.0,1916.0,0.955585399779366,19923.0,926.0
v1.5.0,1917.0,0.9424401384576956,26410.0,1613.0
v1.5.0,1918.0,0.9367483705131736,30612.0,2067.0
v1.5.0,1919.0,0.9252749289509452,29953.0,2419.0
v1.5.0,1920.0,0.9257926539479936,13636.0,1093.0
v1.5.0,1921.0,0.9418282548476454,15640.0,966.0
v1.5.0,1922.0,0.951243617196508,11550.0,592.0
v1.5.0,1923.0,0.967673248161053,9998.0,334.0
v1.5.0,1924.0,0.98675009201325,10724.0,144.0
v1.5.0,1925.0,0.986800479982546,9046.0,121.0
v1.5.0,1926.0,0.9866058706184098,10386.0,141.0
v1.5.0,1927.0,0.9804923362749652,10555.0,210.0
v1.5.0,1928.0,0.9790806496008808,10671.0,228.0
v1.5.0,1929.0,0.973365617433414,10452.0,286.0
v1.5.0,1930.0,0.9821864324060516,12075.0,219.0
v1.5.0,1931.0,0.9775998474883232,10256.0,235.0
v1.5.0,1932.0,0.9675046904315197,12892.0,433.0
v1.5.0,1933.0,0.9807926829268292,9651.0,189.0
v1.5.0,1934.0,0.9796710593523342,9590.0,199.0
v1.5.0,1935.0,0.9767000126630366,7713.0,184.0
v1.5.0,1936.0,0.9714711729622266,9773.0,287.0
v1.5.0,1937.0,0.9801357186921652,7944.0,161.0
v1.5.0,1938.0,0.981159420289855,7447.0,143.0
v1.5.0,1939.0,0.9550305667806444,9217.0,434.0
v1.5.0,1940.0,0.9627475247524752,7779.0,301.0
v1.5.0,1941.0,0.9668381158635624,7143.0,245.0
v1.5.0,1942.0,0.9773101340230426,8313.0,193.0
v1.5.0,1943.0,0.9687045937185648,8667.0,280.0
v1.5.0,1944.0,0.9657041838538596,8194.0,291.0
v1.5.0,1945.0,0.958917142362913,11087.0,475.0
v1.5.0,1946.0,0.9655015058866478,10579.0,378.0
v1.5.0,1947.0,0.9783685800604228,8096.0,179.0
v1.5.0,1948.0,0.9795740440901732,15730.0,328.0
v1.5.0,1949.0,0.973526760101631,11878.0,323.0
v1.5.0,1950.0,0.9690801740211312,12474.0,398.0
v1.5.0,1951.0,0.9803670219943328,14531.0,291.0
v1.5.0,1952.0,0.9793262437718452,13169.0,278.0
v1.5.0,1953.0,0.9839729119638826,13077.0,213.0
v1.5.0,1954.0,0.9814971659391492,15065.0,284.0
v1.5.0,1955.0,0.9842018875666804,14391.0,231.0
v1.5.0,1956.0,0.9859649122807016,15455.0,220.0
v1.5.0,1957.0,0.9854517611026034,14157.0,209.0
v1.5.0,1958.0,0.9712108911509398,15552.0,461.0
v1.5.0,1959.0,0.9762664284802858,15302.0,372.0
v1.5.0,1960.0,0.9823325845425293,16180.0,291.0
v1.5.0,1961.0,0.9853522587335536,15203.0,226.0
v1.5.0,1962.0,0.9810763575001508,16279.0,314.0
v1.5.0,1963.0,0.9857191624943104,17325.0,251.0
v1.5.0,1964.0,0.9727295347101268,19547.0,548.0
v1.5.0,1965.0,0.982392383682244,19193.0,344.0
v1.5.0,1966.0,0.9851216438887274,20327.0,307.0
v1.5.0,1967.0,0.9764242065838754,24767.0,598.0
v1.5.0,1968.0,0.9784894628910512,22426.0,493.0
v1.5.0,1969.0,0.9842484063335388,23932.0,383.0
v1.5.0,1970.0,0.987546747889116,25614.0,323.0
v1.5.0,1971.0,0.9633182844243792,18777.0,715.0
v1.5.0,1972.0,0.953747284576394,21074.0,1022.0
v1.5.0,1973.0,0.9466699076324744,19473.0,1097.0
v1.5.0,1974.0,0.9476718647045904,17259.0,953.0
v1.5.0,1975.0,0.9296310159374322,47189.0,3572.0
v1.5.0,1976.0,0.9002328857709669,31311.0,3470.0
v1.5.0,1977.0,0.9515875959261688,33356.0,1697.0
v1.5.0,1978.0,0.9338600182619398,23523.0,1666.0
v1.5.0,1979.0,0.9479232553236348,22480.0,1235.0
v1.5.0,1980.0,0.9779918109063838,21019.0,473.0
v1.5.0,1981.0,0.977362452750945,23271.0,539.0
v1.5.0,1982.0,0.980584731505479,21566.0,427.0
v1.5.0,1983.0,0.9891304347826086,23478.0,258.0
v1.5.0,1984.0,0.9861064472800536,23493.0,331.0
v1.5.0,1985.0,0.9818257108677648,21339.0,395.0
v1.5.0,1986.0,0.981839509927445,22599.0,418.0
v1.5.0,1987.0,0.9857022708158116,23440.0,340.0
v1.5.0,1988.0,0.9855322370357908,23433.0,344.0
v1.5.0,1989.0,0.9779119268616092,28025.0,633.0
v1.5.0,1990.0,0.9871280843986276,122855.0,1602.0
v1.5.0,1991.0,0.985210296584492,112179.0,1684.0
v1.5.0,1992.0,0.9872764209014954,129272.0,1666.0
v1.5.0,1993.0,0.9884835178770994,124714.0,1453.0
v1.5.0,1994.0,0.9918915083821532,97862.0,800.0
v1.5.0,1995.0,0.9916747266739308,80999.0,680.0
v1.5.0,1996.0,0.9930464889120996,102682.0,719.0
v1.5.0,1997.0,0.992813235320942,108858.0,788.0
v1.5.0,1998.0,0.989374492282697,91344.0,981.0
v1.5.0,1999.0,0.9905758021463202,109104.0,1038.0
v1.5.0,2000.0,0.9817434883403792,115186.0,2142.0
v1.5.0,2001.0,0.9920174789684656,115326.0,928.0
v1.5.0,2002.0,0.9911611287624592,100138.0,893.0
v1.5.0,2003.0,0.9946883852691218,75843.0,405.0
v1.5.0,2004.0,0.9943712322227528,89566.0,507.0
v1.5.0,2005.0,0.992707572437302,81541.0,599.0
v1.5.0,2006.0,0.992575580830174,81685.0,611.0
v1.5.0,2007.0,0.993519189352812,100106.0,653.0
v1.5.0,2008.0,0.9947594602994289,92822.0,489.0
v1.5.0,2009.0,0.9938221799395464,82526.0,513.0
v1.5.0,2010.0,0.9939789733412004,74123.0,449.0
v1.5.0,2011.0,0.9941290839083528,78231.0,462.0
v1.5.0,2012.0,0.9940756730826888,82891.0,494.0
v1.5.0,2013.0,0.995587637038814,95444.0,423.0
v1.5.0,2014.0,0.994557066137694,82226.0,450.0
v1.5.0,2015.0,0.9941866500570954,86193.0,504.0
v1.5.0,2016.0,0.9923685063720478,79582.0,612.0
v1.5.0,2017.0,0.9924111557202254,83302.0,637.0
v1.5.0,2018.0,0.9930185237159695,56610.0,398.0
v1.5.0,2019.0,0.992840744320928,65734.0,474.0
v1.5.0,2020.0,0.9917172940555956,101534.0,848.0
v1.5.0,2021.0,0.9845273470145788,84819.0,1333.0
v1.5.0,2022.0,0.9886633513967432,75349.0,864.0
v1.5.1,1867.0,0.8759056395989103,15112.0,2141.0
v1.5.1,1868.0,0.8819911812485496,15202.0,2034.0
v1.5.1,1869.0,0.8900487915579258,7844.0,969.0
v1.5.1,1870.0,0.9003568124752214,6813.0,754.0
v1.5.1,1871.0,0.8905833422203263,8351.0,1026.0
v1.5.1,1872.0,0.8431785291409025,6409.0,1192.0
v1.5.1,1873.0,0.8320976388730467,7295.0,1472.0
v1.5.1,1874.0,0.8623449379751901,6465.0,1032.0
v1.5.1,1875.0,0.8690099589923843,7417.0,1118.0
v1.5.1,1876.0,0.8959447124788108,6871.0,798.0
v1.5.1,1877.0,0.905980802362786,7362.0,764.0
v1.5.1,1878.0,0.9128677863366588,7229.0,690.0
v1.5.1,1879.0,0.8911574618096357,6067.0,741.0
v1.5.1,1880.0,0.8941584731058415,6184.0,732.0
v1.5.1,1881.0,0.9042728019720624,4402.0,466.0
v1.5.1,1882.0,0.8901276221211677,6068.0,749.0
v1.5.1,1883.0,0.8867692307692308,5764.0,736.0
v1.5.1,1884.0,0.8172810146650813,4124.0,922.0
v1.5.1,1885.0,0.8075088475150023,5248.0,1251.0
v1.5.1,1886.0,0.8176081730769231,5442.0,1214.0
v1.5.1,1887.0,0.8617918055283278,4396.0,705.0
v1.5.1,1888.0,0.8623456790123457,5588.0,892.0
v1.5.1,1889.0,0.8853372434017596,6038.0,782.0
v1.5.1,1890.0,0.893283823054569,5533.0,661.0
v1.5.1,1891.0,0.9236264670862392,5430.0,449.0
v1.5.1,1892.0,0.9147799184362256,6505.0,606.0
v1.5.1,1893.0,0.9227920755415664,4984.0,417.0
v1.5.1,1894.0,0.9218630304887392,6017.0,510.0
v1.5.1,1895.0,0.9156586578293288,5526.0,509.0
v1.5.1,1896.0,0.9182239258904328,5749.0,512.0
v1.5.1,1897.0,0.9253903040262942,5631.0,454.0
v1.5.1,1898.0,0.9195211173927502,5530.0,484.0
v1.5.1,1899.0,0.9095666736445468,4345.0,432.0
v1.5.1,1900.0,0.9280521901211556,4979.0,386.0
v1.5.1,1901.0,0.9358461831334476,4916.0,337.0
v1.5.1,1902.0,0.9488881513441751,5718.0,308.0
v1.5.1,1903.0,0.9423510466988728,5852.0,358.0
v1.5.1,1904.0,0.92692750287687,6444.0,508.0
v1.5.1,1905.0,0.9262853005068792,6396.0,509.0
v1.5.1,1906.0,0.933786078098472,6050.0,429.0
v1.5.1,1907.0,0.9126463398945066,7094.0,679.0
v1.5.1,1908.0,0.9255709383504912,7822.0,629.0
v1.5.1,1909.0,0.9353915100211628,7514.0,519.0
v1.5.1,1910.0,0.938497552670781,8820.0,578.0
v1.5.1,1911.0,0.9382928402494088,8728.0,574.0
v1.5.1,1912.0,0.9371129617766388,8777.0,589.0
v1.5.1,1913.0,0.9632724646652224,9337.0,356.0
v1.5.1,1914.0,0.9212617679422912,7535.0,644.0
v1.5.1,1915.0,0.9361166335321404,7063.0,482.0
v1.5.1,1916.0,0.9377195352607404,6941.0,461.0
v1.5.1,1917.0,0.9228468899521532,9258.0,774.0
v1.5.1,1918.0,0.9176810578859796,10479.0,940.0
v1.5.1,1919.0,0.9068051145627736,10567.0,1086.0
v1.5.1,1920.0,0.9300670701783084,11371.0,855.0
v1.5.1,1921.0,0.9443664573328407,12782.0,753.0
v1.5.1,1922.0,0.954483695652174,9835.0,469.0
v1.5.1,1923.0,0.9670240977747032,8387.0,286.0
v1.5.1,1924.0,0.9865911455323084,8535.0,116.0
v1.5.1,1925.0,0.9889658711829612,7708.0,86.0
v1.5.1,1926.0,0.9876830892143807,8901.0,111.0
v1.5.1,1927.0,0.9834094198864268,8832.0,149.0
v1.5.1,1928.0,0.9835304054054054,9316.0,156.0
v1.5.1,1929.0,0.976699444206926,9138.0,218.0
v1.5.1,1930.0,0.9830540928674006,10268.0,177.0
v1.5.1,1931.0,0.9779042517576164,8763.0,198.0
v1.5.1,1932.0,0.9731777410084472,11175.0,308.0
v1.5.1,1933.0,0.9821306624174824,8629.0,157.0
v1.5.1,1934.0,0.9811342592592592,8477.0,163.0
v1.5.1,1935.0,0.984624145785877,6916.0,108.0
v1.5.1,1936.0,0.9790521978021978,8553.0,183.0
v1.5.1,1937.0,0.983223822172515,7033.0,120.0
v1.5.1,1938.0,0.9835304686330288,6569.0,110.0
v1.5.1,1939.0,0.9585504500236854,8094.0,350.0
v1.5.1,1940.0,0.9655172413793104,6720.0,240.0
v1.5.1,1941.0,0.9671903881700554,6279.0,213.0
v1.5.1,1942.0,0.980158198149886,7311.0,148.0
v1.5.1,1943.0,0.9734986945169712,7457.0,203.0
v1.5.1,1944.0,0.9677770224337184,7118.0,237.0
v1.5.1,1945.0,0.9658341658341658,9668.0,342.0
v1.5.1,1946.0,0.9710550887021476,9360.0,279.0
v1.5.1,1947.0,0.9791186440677966,7221.0,154.0
v1.5.1,1948.0,0.9815382370110916,13451.0,253.0
v1.5.1,1949.0,0.9760591133004928,9907.0,243.0
v1.5.1,1950.0,0.972250022745883,10686.0,305.0
v1.5.1,1951.0,0.9837054445750096,12557.0,208.0
v1.5.1,1952.0,0.9846113491300166,11261.0,176.0
v1.5.1,1953.0,0.9859356803726596,11006.0,157.0
v1.5.1,1954.0,0.9817553447998714,12215.0,227.0
v1.5.1,1955.0,0.9860226614837484,11922.0,169.0
v1.5.1,1956.0,0.9873195325032466,12925.0,166.0
v1.5.1,1957.0,0.9856169568508706,11718.0,171.0
v1.5.1,1958.0,0.9750675414897724,12632.0,323.0
v1.5.1,1959.0,0.9786940527283876,12770.0,278.0
v1.5.1,1960.0,0.9828609585991986,13247.0,231.0
v1.5.1,1961.0,0.98597292448214,12090.0,172.0
v1.5.1,1962.0,0.9823141486810552,13108.0,236.0
v1.5.1,1963.0,0.9892703862660944,13830.0,150.0
v1.5.1,1964.0,0.9716005837995622,15977.0,467.0
v1.5.1,1965.0,0.9827259964597448,16100.0,283.0
v1.5.1,1966.0,0.9858139398557946,16817.0,242.0
v1.5.1,1967.0,0.977439394647111,20926.0,483.0
v1.5.1,1968.0,0.980456535334584,18813.0,375.0
v1.5.1,1969.0,0.9839400955712104,19973.0,326.0
v1.5.1,1970.0,0.9876163873370576,21214.0,266.0
v1.5.1,1971.0,0.9638066312325994,15232.0,572.0
v1.5.1,1972.0,0.9557346348107372,16841.0,780.0
v1.5.1,1973.0,0.9551675892694202,15702.0,737.0
v1.5.1,1974.0,0.9509488251010482,13881.0,716.0
v1.5.1,1975.0,0.934308108678078,26582.0,1869.0
v1.5.1,1976.0,0.9043447037701976,12593.0,1332.0
v1.5.1,1977.0,0.9579876340960736,18128.0,795.0
v1.5.1,1978.0,0.9444928948853436,18411.0,1082.0
v1.5.1,1979.0,0.9581160191591273,18003.0,787.0
v1.5.1,1980.0,0.9831057625549642,16992.0,292.0
v1.5.1,1981.0,0.9828446993838964,18505.0,323.0
v1.5.1,1982.0,0.9817062745768508,17226.0,321.0
v1.5.1,1983.0,0.9888615186890864,18466.0,208.0
v1.5.1,1984.0,0.989095401804899,18413.0,203.0
v1.5.1,1985.0,0.9837445912758742,16824.0,278.0
v1.5.1,1986.0,0.9846119536128456,17660.0,276.0
v1.5.1,1987.0,0.986873828020359,18420.0,245.0
v1.5.1,1988.0,0.987580277055358,18607.0,234.0
v1.5.1,1989.0,0.9866711096301232,20727.0,280.0
v1.5.1,1990.0,0.9745778437557988,15756.0,411.0
v1.5.1,1991.0,0.9738921735058244,16637.0,446.0
v1.5.1,1992.0,0.9744293712316968,18101.0,475.0
v1.5.1,1993.0,0.9767658533744832,16774.0,399.0
v1.5.1,1994.0,0.9774733637747336,19266.0,444.0
v1.5.1,1995.0,0.9684761579606236,17020.0,554.0
v1.5.1,1996.0,0.971078771078771,21019.0,626.0
v1.5.1,1997.0,0.971020281365109,21880.0,653.0
v1.5.1,1998.0,0.9660841155421874,18629.0,654.0
v1.5.1,1999.0,0.9638480659369412,22102.0,829.0
v1.5.1,2000.0,0.954043287198653,23230.0,1119.0
v1.5.1,2001.0,0.9686519064161052,23144.0,749.0
v1.5.1,2002.0,0.9650213573801614,20333.0,737.0
v1.5.1,2003.0,0.984116416206962,20694.0,334.0
v1.5.1,2004.0,0.9819070312184484,24313.0,448.0
v1.5.1,2005.0,0.9789079084052212,21674.0,467.0
v1.5.1,2006.0,0.9769918662652228,21741.0,512.0
v1.5.1,2007.0,0.9772126302690932,25130.0,586.0
v1.5.1,2008.0,0.9812461389109522,22237.0,425.0
v1.5.1,2009.0,0.9774812757303704,19707.0,454.0
v1.5.1,2010.0,0.9803172895939768,18229.0,366.0
v1.5.1,2011.0,0.9791330592704376,18816.0,401.0
v1.5.1,2012.0,0.9775707384403036,19831.0,455.0
v1.5.1,2013.0,0.9843871301647544,22824.0,362.0
v1.5.1,2014.0,0.9816153588356394,20503.0,384.0
v1.5.1,2015.0,0.9802447632580098,21386.0,431.0
v1.5.1,2016.0,0.9750434998757146,19613.0,502.0
v1.5.1,2017.0,0.9736906569986772,19874.0,537.0
v1.5.1,2018.0,0.9792491467576792,14346.0,304.0
v1.5.1,2019.0,0.9753093872623,16156.0,409.0
v1.5.1,2020.0,0.9732336628888352,24216.0,666.0
v1.5.1,2021.0,0.9676253650809366,19547.0,654.0
v1.5.1,2022.0,0.9714709340968352,19001.0,558.0
v1.5.1,2023.0,0.3978738308129713,9656.0,14613.0
v1.5.1,2024.0,0.2201356970890785,5029.0,17816.0
v1.6.0,1867.0,0.8759056395989103,15112.0,2141.0
v1.6.0,1868.0,0.8819911812485496,15202.0,2034.0
v1.6.0,1869.0,0.8900487915579258,7844.0,969.0
v1.6.0,1870.0,0.9003568124752214,6813.0,754.0
v1.6.0,1871.0,0.8905833422203263,8351.0,1026.0
v1.6.0,1872.0,0.8431785291409025,6409.0,1192.0
v1.6.0,1873.0,0.8320976388730467,7295.0,1472.0
v1.6.0,1874.0,0.8623449379751901,6465.0,1032.0
v1.6.0,1875.0,0.8690099589923843,7417.0,1118.0
v1.6.0,1876.0,0.8959447124788108,6871.0,798.0
v1.6.0,1877.0,0.905980802362786,7362.0,764.0
v1.6.0,1878.0,0.9128677863366588,7229.0,690.0
v1.6.0,1879.0,0.8911574618096357,6067.0,741.0
v1.6.0,1880.0,0.8941584731058415,6184.0,732.0
v1.6.0,1881.0,0.9042728019720624,4402.0,466.0
v1.6.0,1882.0,0.8901276221211677,6068.0,749.0
v1.6.0,1883.0,0.8867692307692308,5764.0,736.0
v1.6.0,1884.0,0.8172810146650813,4124.0,922.0
v1.6.0,1885.0,0.8075088475150023,5248.0,1251.0
v1.6.0,1886.0,0.8176081730769231,5442.0,1214.0
v1.6.0,1887.0,0.8617918055283278,4396.0,705.0
v1.6.0,1888.0,0.8623456790123457,5588.0,892.0
v1.6.0,1889.0,0.8853372434017596,6038.0,782.0
v1.6.0,1890.0,0.893283823054569,5533.0,661.0
v1.6.0,1891.0,0.9236264670862392,5430.0,449.0
v1.6.0,1892.0,0.9147799184362256,6505.0,606.0
v1.6.0,1893.0,0.9227920755415664,4984.0,417.0
v1.6.0,1894.0,0.9218630304887392,6017.0,510.0
v1.6.0,1895.0,0.9156586578293288,5526.0,509.0
v1.6.0,1896.0,0.9182239258904328,5749.0,512.0
v1.6.0,1897.0,0.9253903040262942,5631.0,454.0
v1.6.0,1898.0,0.9195211173927502,5530.0,484.0
v1.6.0,1899.0,0.9095666736445468,4345.0,432.0
v1.6.0,1900.0,0.9280521901211556,4979.0,386.0
v1.6.0,1901.0,0.9358461831334476,4916.0,337.0
v1.6.0,1902.0,0.9488881513441751,5718.0,308.0
v1.6.0,1903.0,0.9423510466988728,5852.0,358.0
v1.6.0,1904.0,0.92692750287687,6444.0,508.0
v1.6.0,1905.0,0.9262853005068792,6396.0,509.0
v1.6.0,1906.0,0.933786078098472,6050.0,429.0
v1.6.0,1907.0,0.9126463398945066,7094.0,679.0
v1.6.0,1908.0,0.9255709383504912,7822.0,629.0
v1.6.0,1909.0,0.9353915100211628,7514.0,519.0
v1.6.0,1910.0,0.938497552670781,8820.0,578.0
v1.6.0,1911.0,0.9382928402494088,8728.0,574.0
v1.6.0,1912.0,0.9371129617766388,8777.0,589.0
v1.6.0,1913.0,0.9632724646652224,9337.0,356.0
v1.6.0,1914.0,0.9212617679422912,7535.0,644.0
v1.6.0,1915.0,0.9361166335321404,7063.0,482.0
v1.6.0,1916.0,0.9377195352607404,6941.0,461.0
v1.6.0,1917.0,0.9228468899521532,9258.0,774.0
v1.6.0,1918.0,0.9176810578859796,10479.0,940.0
v1.6.0,1919.0,0.9068051145627736,10567.0,1086.0
v1.6.0,1920.0,0.9300670701783084,11371.0,855.0
v1.6.0,1921.0,0.9443664573328407,12782.0,753.0
v1.6.0,1922.0,0.954483695652174,9835.0,469.0
v1.6.0,1923.0,0.9670240977747032,8387.0,286.0
v1.6.0,1924.0,0.9865911455323084,8535.0,116.0
v1.6.0,1925.0,0.9889658711829612,7708.0,86.0
v1.6.0,1926.0,0.9876830892143807,8901.0,111.0
v1.6.0,1927.0,0.9834094198864268,8832.0,149.0
v1.6.0,1928.0,0.9835304054054054,9316.0,156.0
v1.6.0,1929.0,0.976699444206926,9138.0,218.0
v1.6.0,1930.0,0.9830540928674006,10268.0,177.0
v1.6.0,1931.0,0.9779042517576164,8763.0,198.0
v1.6.0,1932.0,0.9731777410084472,11175.0,308.0
v1.6.0,1933.0,0.9821306624174824,8629.0,157.0
v1.6.0,1934.0,0.9811342592592592,8477.0,163.0
v1.6.0,1935.0,0.984624145785877,6916.0,108.0
v1.6.0,1936.0,0.9790521978021978,8553.0,183.0
v1.6.0,1937.0,0.983223822172515,7033.0,120.0
v1.6.0,1938.0,0.9835304686330288,6569.0,110.0
v1.6.0,1939.0,0.9585504500236854,8094.0,350.0
v1.6.0,1940.0,0.9655172413793104,6720.0,240.0
v1.6.0,1941.0,0.9671903881700554,6279.0,213.0
v1.6.0,1942.0,0.980158198149886,7311.0,148.0
v1.6.0,1943.0,0.9734986945169712,7457.0,203.0
v1.6.0,1944.0,0.9677770224337184,7118.0,237.0
v1.6.0,1945.0,0.9658341658341658,9668.0,342.0
v1.6.0,1946.0,0.9710550887021476,9360.0,279.0
v1.6.0,1947.0,0.9791186440677966,7221.0,154.0
v1.6.0,1948.0,0.9815382370110916,13451.0,253.0
v1.6.0,1949.0,0.9760591133004928,9907.0,243.0
v1.6.0,1950.0,0.972250022745883,10686.0,305.0
v1.6.0,1951.0,0.9837054445750096,12557.0,208.0
v1.6.0,1952.0,0.9846113491300166,11261.0,176.0
v1.6.0,1953.0,0.9859356803726596,11006.0,157.0
v1.6.0,1954.0,0.9817553447998714,12215.0,227.0
v1.6.0,1955.0,0.9860226614837484,11922.0,169.0
v1.6.0,1956.0,0.9873195325032466,12925.0,166.0
v1.6.0,1957.0,0.9856169568508706,11718.0,171.0
v1.6.0,1958.0,0.9750675414897724,12632.0,323.0
v1.6.0,1959.0,0.9786940527283876,12770.0,278.0
v1.6.0,1960.0,0.9828609585991986,13247.0,231.0
v1.6.0,1961.0,0.98597292448214,12090.0,172.0
v1.6.0,1962.0,0.9823141486810552,13108.0,236.0
v1.6.0,1963.0,0.9892703862660944,13830.0,150.0
v1.6.0,1964.0,0.9716005837995622,15977.0,467.0
v1.6.0,1965.0,0.9827259964597448,16100.0,283.0
v1.6.0,1966.0,0.9858139398557946,16817.0,242.0
v1.6.0,1967.0,0.977439394647111,20926.0,483.0
v1.6.0,1968.0,0.980456535334584,18813.0,375.0
v1.6.0,1969.0,0.9839400955712104,19973.0,326.0
v1.6.0,1970.0,0.9876163873370576,21214.0,266.0
v1.6.0,1971.0,0.9638066312325994,15232.0,572.0
v1.6.0,1972.0,0.9557346348107372,16841.0,780.0
v1.6.0,1973.0,0.9551675892694202,15702.0,737.0
v1.6.0,1974.0,0.9509488251010482,13881.0,716.0
v1.6.0,1975.0,0.934308108678078,26582.0,1869.0
v1.6.0,1976.0,0.9043447037701976,12593.0,1332.0
v1.6.0,1977.0,0.9579876340960736,18128.0,795.0
v1.6.0,1978.0,0.9444928948853436,18411.0,1082.0
v1.6.0,1979.0,0.9581160191591273,18003.0,787.0
v1.6.0,1980.0,0.9831057625549642,16992.0,292.0
v1.6.0,1981.0,0.9828446993838964,18505.0,323.0
v1.6.0,1982.0,0.9817062745768508,17226.0,321.0
v1.6.0,1983.0,0.9888615186890864,18466.0,208.0
v1.6.0,1984.0,0.989095401804899,18413.0,203.0
v1.6.0,1985.0,0.9837445912758742,16824.0,278.0
v1.6.0,1986.0,0.9846119536128456,17660.0,276.0
v1.6.0,1987.0,0.986873828020359,18420.0,245.0
v1.6.0,1988.0,0.987580277055358,18607.0,234.0
v1.6.0,1989.0,0.9866711096301232,20727.0,280.0
v1.6.0,1990.0,0.9745778437557988,15756.0,411.0
v1.6.0,1991.0,0.9738921735058244,16637.0,446.0
v1.6.0,1992.0,0.9744293712316968,18101.0,475.0
v1.6.0,1993.0,0.9767658533744832,16774.0,399.0
v1.6.0,1994.0,0.9774733637747336,19266.0,444.0
v1.6.0,1995.0,0.9684761579606236,17020.0,554.0
v1.6.0,1996.0,0.971078771078771,21019.0,626.0
v1.6.0,1997.0,0.971020281365109,21880.0,653.0
v1.6.0,1998.0,0.9660841155421874,18629.0,654.0
v1.6.0,1999.0,0.9638480659369412,22102.0,829.0
v1.6.0,2000.0,0.954043287198653,23230.0,1119.0
v1.6.0,2001.0,0.9686519064161052,23144.0,749.0
v1.6.0,2002.0,0.9650213573801614,20333.0,737.0
v1.6.0,2003.0,0.984116416206962,20694.0,334.0
v1.6.0,2004.0,0.9819070312184484,24313.0,448.0
v1.6.0,2005.0,0.9789079084052212,21674.0,467.0
v1.6.0,2006.0,0.9769918662652228,21741.0,512.0
v1.6.0,2007.0,0.9772126302690932,25130.0,586.0
v1.6.0,2008.0,0.9812461389109522,22237.0,425.0
v1.6.0,2009.0,0.9774812757303704,19707.0,454.0
v1.6.0,2010.0,0.9803172895939768,18229.0,366.0
v1.6.0,2011.0,0.9791330592704376,18816.0,401.0
v1.6.0,2012.0,0.9775707384403036,19831.0,455.0
v1.6.0,2013.0,0.9843871301647544,22824.0,362.0
v1.6.0,2014.0,0.9816153588356394,20503.0,384.0
v1.6.0,2015.0,0.9802447632580098,21386.0,431.0
v1.6.0,2016.0,0.9750434998757146,19613.0,502.0
v1.6.0,2017.0,0.9736906569986772,19874.0,537.0
v1.6.0,2018.0,0.9792491467576792,14346.0,304.0
v1.6.0,2019.0,0.9753093872623,16156.0,409.0
v1.6.0,2020.0,0.9732336628888352,24216.0,666.0
v1.6.0,2021.0,0.9676253650809366,19547.0,654.0
v1.6.0,2022.0,0.9714709340968352,19001.0,558.0
v1.6.0,2023.0,0.3978738308129713,9656.0,14613.0
v1.6.0,2024.0,0.2201356970890785,5029.0,17816.0
<<<<<<< HEAD
v99.99.99,1867.0,0.8759056395989103,15112.0,2141.0
v99.99.99,1868.0,0.8819911812485496,15202.0,2034.0
v99.99.99,1869.0,0.8900487915579258,7844.0,969.0
v99.99.99,1870.0,0.9003568124752214,6813.0,754.0
v99.99.99,1871.0,0.8905833422203263,8351.0,1026.0
v99.99.99,1872.0,0.8431785291409025,6409.0,1192.0
v99.99.99,1873.0,0.8320976388730467,7295.0,1472.0
v99.99.99,1874.0,0.8623449379751901,6465.0,1032.0
v99.99.99,1875.0,0.8690099589923843,7417.0,1118.0
v99.99.99,1876.0,0.8959447124788108,6871.0,798.0
v99.99.99,1877.0,0.9059808023627861,7362.0,764.0
v99.99.99,1878.0,0.9128677863366587,7229.0,690.0
v99.99.99,1879.0,0.8911574618096357,6067.0,741.0
v99.99.99,1880.0,0.8941584731058415,6184.0,732.0
v99.99.99,1881.0,0.9042728019720625,4402.0,466.0
v99.99.99,1882.0,0.8901276221211677,6068.0,749.0
v99.99.99,1883.0,0.8867692307692308,5764.0,736.0
v99.99.99,1884.0,0.8172810146650813,4124.0,922.0
v99.99.99,1885.0,0.8075088475150023,5248.0,1251.0
v99.99.99,1886.0,0.8176081730769231,5442.0,1214.0
v99.99.99,1887.0,0.8617918055283278,4396.0,705.0
v99.99.99,1888.0,0.8623456790123457,5588.0,892.0
v99.99.99,1889.0,0.8853372434017596,6038.0,782.0
v99.99.99,1890.0,0.893283823054569,5533.0,661.0
v99.99.99,1891.0,0.9236264670862392,5430.0,449.0
v99.99.99,1892.0,0.9147799184362255,6505.0,606.0
v99.99.99,1893.0,0.9227920755415664,4984.0,417.0
v99.99.99,1894.0,0.9218630304887391,6017.0,510.0
v99.99.99,1895.0,0.9156586578293289,5526.0,509.0
v99.99.99,1896.0,0.9182239258904329,5749.0,512.0
v99.99.99,1897.0,0.9253903040262942,5631.0,454.0
v99.99.99,1898.0,0.9195211173927502,5530.0,484.0
v99.99.99,1899.0,0.9095666736445468,4345.0,432.0
v99.99.99,1900.0,0.9280521901211556,4979.0,386.0
v99.99.99,1901.0,0.9358461831334476,4916.0,337.0
v99.99.99,1902.0,0.9488881513441753,5718.0,308.0
v99.99.99,1903.0,0.9423510466988728,5852.0,358.0
v99.99.99,1904.0,0.92692750287687,6444.0,508.0
v99.99.99,1905.0,0.9262853005068791,6396.0,509.0
v99.99.99,1906.0,0.933786078098472,6050.0,429.0
v99.99.99,1907.0,0.9126463398945066,7094.0,679.0
v99.99.99,1908.0,0.9255709383504911,7822.0,629.0
v99.99.99,1909.0,0.9353915100211627,7514.0,519.0
v99.99.99,1910.0,0.938497552670781,8820.0,578.0
v99.99.99,1911.0,0.9382928402494087,8728.0,574.0
v99.99.99,1912.0,0.9371129617766389,8777.0,589.0
v99.99.99,1913.0,0.9632724646652223,9337.0,356.0
v99.99.99,1914.0,0.9212617679422912,7535.0,644.0
v99.99.99,1915.0,0.9361166335321405,7063.0,482.0
v99.99.99,1916.0,0.9377195352607404,6941.0,461.0
v99.99.99,1917.0,0.9228468899521531,9258.0,774.0
v99.99.99,1918.0,0.9176810578859795,10479.0,940.0
v99.99.99,1919.0,0.9068051145627736,10567.0,1086.0
v99.99.99,1920.0,0.9300670701783085,11371.0,855.0
v99.99.99,1921.0,0.9443664573328407,12782.0,753.0
v99.99.99,1922.0,0.954483695652174,9835.0,469.0
v99.99.99,1923.0,0.9670240977747031,8387.0,286.0
v99.99.99,1924.0,0.9865911455323084,8535.0,116.0
v99.99.99,1925.0,0.9889658711829612,7708.0,86.0
v99.99.99,1926.0,0.9876830892143809,8901.0,111.0
v99.99.99,1927.0,0.9834094198864269,8832.0,149.0
v99.99.99,1928.0,0.9835304054054054,9316.0,156.0
v99.99.99,1929.0,0.976699444206926,9138.0,218.0
v99.99.99,1930.0,0.9830540928674006,10268.0,177.0
v99.99.99,1931.0,0.9779042517576163,8763.0,198.0
v99.99.99,1932.0,0.9731777410084472,11175.0,308.0
v99.99.99,1933.0,0.9821306624174824,8629.0,157.0
v99.99.99,1934.0,0.9811342592592592,8477.0,163.0
v99.99.99,1935.0,0.984624145785877,6916.0,108.0
v99.99.99,1936.0,0.9790521978021978,8553.0,183.0
v99.99.99,1937.0,0.983223822172515,7033.0,120.0
v99.99.99,1938.0,0.9835304686330288,6569.0,110.0
v99.99.99,1939.0,0.9585504500236854,8094.0,350.0
v99.99.99,1940.0,0.9655172413793104,6720.0,240.0
v99.99.99,1941.0,0.9671903881700554,6279.0,213.0
v99.99.99,1942.0,0.980158198149886,7311.0,148.0
v99.99.99,1943.0,0.9734986945169712,7457.0,203.0
v99.99.99,1944.0,0.9677770224337185,7118.0,237.0
v99.99.99,1945.0,0.9658341658341658,9668.0,342.0
v99.99.99,1946.0,0.9710550887021475,9360.0,279.0
v99.99.99,1947.0,0.9791186440677966,7221.0,154.0
v99.99.99,1948.0,0.9815382370110917,13451.0,253.0
v99.99.99,1949.0,0.9760591133004927,9907.0,243.0
v99.99.99,1950.0,0.972250022745883,10686.0,305.0
v99.99.99,1951.0,0.9837054445750097,12557.0,208.0
v99.99.99,1952.0,0.9846113491300166,11261.0,176.0
v99.99.99,1953.0,0.9859356803726597,11006.0,157.0
v99.99.99,1954.0,0.9817553447998714,12215.0,227.0
v99.99.99,1955.0,0.9860226614837483,11922.0,169.0
v99.99.99,1956.0,0.9873195325032466,12925.0,166.0
v99.99.99,1957.0,0.9856169568508706,11718.0,171.0
v99.99.99,1958.0,0.9750675414897723,12632.0,323.0
v99.99.99,1959.0,0.9786940527283875,12770.0,278.0
v99.99.99,1960.0,0.9828609585991986,13247.0,231.0
v99.99.99,1961.0,0.9859729244821399,12090.0,172.0
v99.99.99,1962.0,0.9823141486810552,13108.0,236.0
v99.99.99,1963.0,0.9892703862660944,13830.0,150.0
v99.99.99,1964.0,0.9716005837995622,15977.0,467.0
v99.99.99,1965.0,0.9827259964597449,16100.0,283.0
v99.99.99,1966.0,0.9858139398557946,16817.0,242.0
v99.99.99,1967.0,0.977439394647111,20926.0,483.0
v99.99.99,1968.0,0.9804565353345841,18813.0,375.0
v99.99.99,1969.0,0.9839400955712104,19973.0,326.0
v99.99.99,1970.0,0.9876163873370577,21214.0,266.0
v99.99.99,1971.0,0.9638066312325994,15232.0,572.0
v99.99.99,1972.0,0.9557346348107372,16841.0,780.0
v99.99.99,1973.0,0.9551675892694202,15702.0,737.0
v99.99.99,1974.0,0.9509488251010482,13881.0,716.0
v99.99.99,1975.0,0.9343081086780781,26582.0,1869.0
v99.99.99,1976.0,0.9043447037701975,12593.0,1332.0
v99.99.99,1977.0,0.9579876340960736,18128.0,795.0
v99.99.99,1978.0,0.9444928948853435,18411.0,1082.0
v99.99.99,1979.0,0.9581160191591271,18003.0,787.0
v99.99.99,1980.0,0.9831057625549642,16992.0,292.0
v99.99.99,1981.0,0.9828446993838963,18505.0,323.0
v99.99.99,1982.0,0.9817062745768508,17226.0,321.0
v99.99.99,1983.0,0.9888615186890864,18466.0,208.0
v99.99.99,1984.0,0.989095401804899,18413.0,203.0
v99.99.99,1985.0,0.9837445912758742,16824.0,278.0
v99.99.99,1986.0,0.9846119536128457,17660.0,276.0
v99.99.99,1987.0,0.986873828020359,18420.0,245.0
v99.99.99,1988.0,0.987580277055358,18607.0,234.0
v99.99.99,1989.0,0.9866711096301233,20727.0,280.0
v99.99.99,1990.0,0.9745778437557988,15756.0,411.0
v99.99.99,1991.0,0.9738921735058245,16637.0,446.0
v99.99.99,1992.0,0.9744293712316968,18101.0,475.0
v99.99.99,1993.0,0.9767658533744832,16774.0,399.0
v99.99.99,1994.0,0.9774733637747336,19266.0,444.0
v99.99.99,1995.0,0.9684761579606237,17020.0,554.0
v99.99.99,1996.0,0.971078771078771,21019.0,626.0
v99.99.99,1997.0,0.971020281365109,21880.0,653.0
v99.99.99,1998.0,0.9660841155421874,18629.0,654.0
v99.99.99,1999.0,0.9638480659369413,22102.0,829.0
v99.99.99,2000.0,0.954043287198653,23230.0,1119.0
v99.99.99,2001.0,0.9686519064161051,23144.0,749.0
v99.99.99,2002.0,0.9650213573801614,20333.0,737.0
v99.99.99,2003.0,0.9841164162069621,20694.0,334.0
v99.99.99,2004.0,0.9819070312184484,24313.0,448.0
v99.99.99,2005.0,0.9789079084052211,21674.0,467.0
v99.99.99,2006.0,0.9769918662652227,21741.0,512.0
v99.99.99,2007.0,0.9772126302690932,25130.0,586.0
v99.99.99,2008.0,0.9812461389109522,22237.0,425.0
v99.99.99,2009.0,0.9774812757303705,19707.0,454.0
v99.99.99,2010.0,0.9803172895939769,18229.0,366.0
v99.99.99,2011.0,0.9791330592704376,18816.0,401.0
v99.99.99,2012.0,0.9775707384403036,19831.0,455.0
v99.99.99,2013.0,0.9843871301647545,22824.0,362.0
v99.99.99,2014.0,0.9816153588356394,20503.0,384.0
v99.99.99,2015.0,0.9802447632580098,21386.0,431.0
v99.99.99,2016.0,0.9750434998757146,19613.0,502.0
v99.99.99,2017.0,0.9736906569986772,19874.0,537.0
v99.99.99,2018.0,0.9792491467576792,14346.0,304.0
v99.99.99,2019.0,0.9753093872623,16156.0,409.0
v99.99.99,2020.0,0.9732336628888353,24216.0,666.0
v99.99.99,2021.0,0.9676253650809366,19547.0,654.0
v99.99.99,2022.0,0.9714709340968353,19001.0,558.0
v99.99.99,2023.0,0.3978738308129713,9656.0,14613.0
v99.99.99,2024.0,0.22013569708907857,5029.0,17816.0
=======
v99.99.99,1867.0,0.9580362835448908,16529.0,724.0
v99.99.99,1868.0,0.9611858899976793,16567.0,669.0
v99.99.99,1869.0,0.9543855667763531,8411.0,402.0
v99.99.99,1870.0,0.9565217391304348,7238.0,329.0
v99.99.99,1871.0,0.956915857950304,8973.0,404.0
v99.99.99,1872.0,0.9565846599131693,7271.0,330.0
v99.99.99,1873.0,0.9589369225504734,8407.0,360.0
v99.99.99,1874.0,0.9538482059490463,7151.0,346.0
v99.99.99,1875.0,0.9374340949033392,8001.0,534.0
v99.99.99,1876.0,0.9495370974051376,7282.0,387.0
v99.99.99,1877.0,0.9558208220526705,7767.0,359.0
v99.99.99,1878.0,0.9597171360020205,7600.0,319.0
v99.99.99,1879.0,0.9528495887191539,6487.0,321.0
v99.99.99,1880.0,0.9352226720647774,6468.0,448.0
v99.99.99,1881.0,0.9593262119967132,4670.0,198.0
v99.99.99,1882.0,0.9439636203608626,6435.0,382.0
v99.99.99,1883.0,0.9458461538461539,6148.0,352.0
v99.99.99,1884.0,0.939556084026952,4741.0,305.0
v99.99.99,1885.0,0.9541467918141252,6201.0,298.0
v99.99.99,1886.0,0.9543269230769231,6352.0,304.0
v99.99.99,1887.0,0.9286414428543422,4737.0,364.0
v99.99.99,1888.0,0.9541666666666667,6183.0,297.0
v99.99.99,1889.0,0.9605571847507332,6551.0,269.0
v99.99.99,1890.0,0.9530190506942202,5903.0,291.0
v99.99.99,1891.0,0.9506718829732947,5589.0,290.0
v99.99.99,1892.0,0.9472648010125159,6736.0,375.0
v99.99.99,1893.0,0.9548231808924273,5157.0,244.0
v99.99.99,1894.0,0.9462233798069557,6176.0,351.0
v99.99.99,1895.0,0.9497928748964375,5732.0,303.0
v99.99.99,1896.0,0.949209391471011,5943.0,318.0
v99.99.99,1897.0,0.9479046836483155,5768.0,317.0
v99.99.99,1898.0,0.9368141004323246,5634.0,380.0
v99.99.99,1899.0,0.9263135859325937,4425.0,352.0
v99.99.99,1900.0,0.9515377446411929,5105.0,260.0
v99.99.99,1901.0,0.9444127165429278,4961.0,292.0
v99.99.99,1902.0,0.9656488549618321,5819.0,207.0
v99.99.99,1903.0,0.9531400966183575,5919.0,291.0
v99.99.99,1904.0,0.9408803222094362,6541.0,411.0
v99.99.99,1905.0,0.9443881245474294,6521.0,384.0
v99.99.99,1906.0,0.9504553171785769,6158.0,321.0
v99.99.99,1907.0,0.9253827351087096,7193.0,580.0
v99.99.99,1908.0,0.9369305407644066,7918.0,533.0
v99.99.99,1909.0,0.9500809162205901,7632.0,401.0
v99.99.99,1910.0,0.9393487976165141,8828.0,570.0
v99.99.99,1911.0,0.9456030961083638,8796.0,506.0
v99.99.99,1912.0,0.9391415759128764,8796.0,570.0
v99.99.99,1913.0,0.9677086557309399,9380.0,313.0
v99.99.99,1914.0,0.9400904756082651,7689.0,490.0
v99.99.99,1915.0,0.9555997349237906,7210.0,335.0
v99.99.99,1916.0,0.954066468522021,7062.0,340.0
v99.99.99,1917.0,0.9447767145135566,9478.0,554.0
v99.99.99,1918.0,0.9369471932743673,10699.0,720.0
v99.99.99,1919.0,0.9265425212391659,10797.0,856.0
v99.99.99,1920.0,0.9532962538851628,11655.0,571.0
v99.99.99,1921.0,0.9501292944218692,12860.0,675.0
v99.99.99,1922.0,0.9608889751552795,9901.0,403.0
v99.99.99,1923.0,0.9689842038510319,8404.0,269.0
v99.99.99,1924.0,0.9886718298462606,8553.0,98.0
v99.99.99,1925.0,0.9903772132409546,7719.0,75.0
v99.99.99,1926.0,0.9896804260985352,8919.0,93.0
v99.99.99,1927.0,0.9853023048658278,8849.0,132.0
v99.99.99,1928.0,0.9872255067567568,9351.0,121.0
v99.99.99,1929.0,0.9797990594271055,9167.0,189.0
v99.99.99,1930.0,0.9856390617520344,10295.0,150.0
v99.99.99,1931.0,0.9827028233456088,8806.0,155.0
v99.99.99,1932.0,0.978315771139946,11234.0,249.0
v99.99.99,1933.0,0.9865695424539039,8668.0,118.0
v99.99.99,1934.0,0.9844907407407407,8506.0,134.0
v99.99.99,1935.0,0.9870444191343963,6933.0,91.0
v99.99.99,1936.0,0.9808836996336996,8569.0,167.0
v99.99.99,1937.0,0.9843422340276807,7041.0,112.0
v99.99.99,1938.0,0.9880221590058392,6599.0,80.0
v99.99.99,1939.0,0.9629322595926101,8131.0,313.0
v99.99.99,1940.0,0.9675287356321839,6734.0,226.0
v99.99.99,1941.0,0.9713493530499075,6306.0,186.0
v99.99.99,1942.0,0.981230727979622,7319.0,140.0
v99.99.99,1943.0,0.9761096605744125,7477.0,183.0
v99.99.99,1944.0,0.980693405846363,7213.0,142.0
v99.99.99,1945.0,0.9788211788211788,9798.0,212.0
v99.99.99,1946.0,0.9779022720199191,9426.0,213.0
v99.99.99,1947.0,0.9812881355932204,7237.0,138.0
v99.99.99,1948.0,0.986573263280794,13520.0,184.0
v99.99.99,1949.0,0.9824630541871922,9972.0,178.0
v99.99.99,1950.0,0.9761623146210536,10729.0,262.0
v99.99.99,1951.0,0.9860556208382295,12587.0,178.0
v99.99.99,1952.0,0.9875841566844452,11295.0,142.0
v99.99.99,1953.0,0.986294006987369,11010.0,153.0
v99.99.99,1954.0,0.9823983282430477,12223.0,219.0
v99.99.99,1955.0,0.9869324290794806,11933.0,158.0
v99.99.99,1956.0,0.9884653578794592,12940.0,151.0
v99.99.99,1957.0,0.9864580704853225,11728.0,161.0
v99.99.99,1958.0,0.9774604399845619,12663.0,292.0
v99.99.99,1959.0,0.9798436541998774,12785.0,263.0
v99.99.99,1960.0,0.9844190532719989,13268.0,210.0
v99.99.99,1961.0,0.9883379546566629,12119.0,143.0
v99.99.99,1962.0,0.9831384892086331,13119.0,225.0
v99.99.99,1963.0,0.9917024320457797,13864.0,116.0
v99.99.99,1964.0,0.9766480175139869,16060.0,384.0
v99.99.99,1965.0,0.9866935237746445,16165.0,218.0
v99.99.99,1966.0,0.9885104636848584,16863.0,196.0
v99.99.99,1967.0,0.9850997244149656,21090.0,319.0
v99.99.99,1968.0,0.983739837398374,18876.0,312.0
v99.99.99,1969.0,0.9855165279077787,20005.0,294.0
v99.99.99,1970.0,0.9896182495344507,21257.0,223.0
v99.99.99,1971.0,0.9712098202986585,15349.0,455.0
v99.99.99,1972.0,0.9640769536348675,16988.0,633.0
v99.99.99,1973.0,0.9644138937891599,15854.0,585.0
v99.99.99,1974.0,0.9608138658628486,14025.0,572.0
v99.99.99,1975.0,0.9462233313416049,26921.0,1530.0
v99.99.99,1976.0,0.9162657091561939,12759.0,1166.0
v99.99.99,1977.0,0.9656502668710035,18273.0,650.0
v99.99.99,1978.0,0.9571128097265685,18657.0,836.0
v99.99.99,1979.0,0.9708355508249069,18242.0,548.0
v99.99.99,1980.0,0.9894121731080768,17101.0,183.0
v99.99.99,1981.0,0.9898024219247928,18636.0,192.0
v99.99.99,1982.0,0.9893429076195361,17360.0,187.0
v99.99.99,1983.0,0.994163007389954,18565.0,109.0
v99.99.99,1984.0,0.9932316287064891,18490.0,126.0
v99.99.99,1985.0,0.9907613144661443,16944.0,158.0
v99.99.99,1986.0,0.9911909009812667,17778.0,158.0
v99.99.99,1987.0,0.9924457540851862,18524.0,141.0
v99.99.99,1988.0,0.9927816994851654,18705.0,136.0
v99.99.99,1989.0,0.9908125862807635,20814.0,193.0
v99.99.99,1990.0,0.9803303024679904,15849.0,318.0
v99.99.99,1991.0,0.9800971726277586,16743.0,340.0
v99.99.99,1992.0,0.9822889750215331,18247.0,329.0
v99.99.99,1993.0,0.9811914051126769,16850.0,323.0
v99.99.99,1994.0,0.9801116184677828,19318.0,392.0
v99.99.99,1995.0,0.9725162171389553,17091.0,483.0
v99.99.99,1996.0,0.9746823746823747,21097.0,548.0
v99.99.99,1997.0,0.9746593884524919,21962.0,571.0
v99.99.99,1998.0,0.9684177773168076,18674.0,609.0
v99.99.99,1999.0,0.9638480659369413,22102.0,829.0
v99.99.99,2000.0,0.9560967596205183,23280.0,1069.0
v99.99.99,2001.0,0.9704097434395011,23186.0,707.0
v99.99.99,2002.0,0.968343616516374,20403.0,667.0
v99.99.99,2003.0,0.9863515312916112,20741.0,287.0
v99.99.99,2004.0,0.9848956019546868,24387.0,374.0
v99.99.99,2005.0,0.9822952892823269,21749.0,392.0
v99.99.99,2006.0,0.980002696265672,21808.0,445.0
v99.99.99,2007.0,0.979973557318401,25201.0,515.0
v99.99.99,2008.0,0.9837172359015092,22293.0,369.0
v99.99.99,2009.0,0.981052527156391,19779.0,382.0
v99.99.99,2010.0,0.982844850766335,18276.0,319.0
v99.99.99,2011.0,0.9814747359109122,18861.0,356.0
v99.99.99,2012.0,0.9802819678596076,19886.0,400.0
v99.99.99,2013.0,0.9866298628482705,22876.0,310.0
v99.99.99,2014.0,0.984057068990281,20554.0,333.0
v99.99.99,2015.0,0.9828115689599853,21442.0,375.0
v99.99.99,2016.0,0.9777777777777777,19668.0,447.0
v99.99.99,2017.0,0.974817500367449,19897.0,514.0
v99.99.99,2018.0,0.9839590443686007,14415.0,235.0
v99.99.99,2019.0,0.9791729550256565,16220.0,345.0
v99.99.99,2020.0,0.9774937705972189,24322.0,560.0
v99.99.99,2021.0,0.9714865600712836,19625.0,576.0
v99.99.99,2022.0,0.9780663633110077,19130.0,429.0
v99.99.99,2023.0,0.9868968643124975,23951.0,318.0
v99.99.99,2024.0,0.9871744364193478,22552.0,293.0
>>>>>>> origin/dev
