pdf_url,docDate
https://pdf.swedeb.se/riksdagen-records-pdf/1867/prot-1867--ak--0128.pdf,1867-01-28
https://pdf.swedeb.se/riksdagen-records-pdf/1867/prot-1867--ak--0430.pdf,1867-04-30
https://pdf.swedeb.se/riksdagen-records-pdf/1867/prot-1867--ak--0516.pdf,1867-05-16
https://pdf.swedeb.se/riksdagen-records-pdf/1867/prot-1867--fk--0204.pdf,1867-02-04
https://pdf.swedeb.se/riksdagen-records-pdf/1867/prot-1867--fk--0228.pdf,1867-02-28
https://pdf.swedeb.se/riksdagen-records-pdf/1867/prot-1867--fk--0416.pdf,1867-04-16
https://pdf.swedeb.se/riksdagen-records-pdf/1868/prot-1868--ak--0203.pdf,1868-02-03
https://pdf.swedeb.se/riksdagen-records-pdf/1868/prot-1868--ak--0401.pdf,1868-04-01
https://pdf.swedeb.se/riksdagen-records-pdf/1868/prot-1868--ak--0420.pdf,1868-04-20
https://pdf.swedeb.se/riksdagen-records-pdf/1868/prot-1868--fk--0401.pdf,1868-04-01
https://pdf.swedeb.se/riksdagen-records-pdf/1868/prot-1868--fk--0423.pdf,1868-04-23
https://pdf.swedeb.se/riksdagen-records-pdf/1868/prot-1868--fk--0509.pdf,1868-05-09
https://pdf.swedeb.se/riksdagen-records-pdf/1869/prot-1869--ak--0310.pdf,1869-03-10
https://pdf.swedeb.se/riksdagen-records-pdf/1869/prot-1869--ak--0414.pdf,1869-04-14
https://pdf.swedeb.se/riksdagen-records-pdf/1869/prot-1869--ak--0420.pdf,1869-04-20
https://pdf.swedeb.se/riksdagen-records-pdf/1869/prot-1869--fk--0312.pdf,1869-03-12
https://pdf.swedeb.se/riksdagen-records-pdf/1869/prot-1869--fk--0407.pdf,1869-04-07
https://pdf.swedeb.se/riksdagen-records-pdf/1869/prot-1869--fk--0507.pdf,1869-05-07
https://pdf.swedeb.se/riksdagen-records-pdf/1870/prot-1870--ak--0219.pdf,1870-02-19
https://pdf.swedeb.se/riksdagen-records-pdf/1870/prot-1870--ak--0305.pdf,1870-03-05
https://pdf.swedeb.se/riksdagen-records-pdf/1870/prot-1870--ak--0423.pdf,1870-04-23
https://pdf.swedeb.se/riksdagen-records-pdf/1870/prot-1870--fk--0126.pdf,1870-01-26
https://pdf.swedeb.se/riksdagen-records-pdf/1870/prot-1870--fk--0401.pdf,1870-04-01
https://pdf.swedeb.se/riksdagen-records-pdf/1870/prot-1870--fk--0514.pdf,1870-05-14
https://pdf.swedeb.se/riksdagen-records-pdf/1871/prot-1871--ak--0131.pdf,1871-01-31
https://pdf.swedeb.se/riksdagen-records-pdf/1871/prot-1871--ak--0309.pdf,1871-03-09
https://pdf.swedeb.se/riksdagen-records-pdf/1871/prot-1871--fk--0123.pdf,1871-01-23
https://pdf.swedeb.se/riksdagen-records-pdf/1871/prot-1871--fk--0420.pdf,1871-04-20
https://pdf.swedeb.se/riksdagen-records-pdf/1871/prot-1871-urtima-ak--0912.pdf,1871-09-12
https://pdf.swedeb.se/riksdagen-records-pdf/1871/prot-1871-urtima-fk--0916.pdf,1871-09-16
https://pdf.swedeb.se/riksdagen-records-pdf/1872/prot-1872--ak--0127.pdf,1872-01-27
https://pdf.swedeb.se/riksdagen-records-pdf/1872/prot-1872--ak--0312.pdf,1872-03-12
https://pdf.swedeb.se/riksdagen-records-pdf/1872/prot-1872--ak--0508.pdf,1872-05-08
https://pdf.swedeb.se/riksdagen-records-pdf/1872/prot-1872--fk--0221.pdf,1872-02-21
https://pdf.swedeb.se/riksdagen-records-pdf/1872/prot-1872--fk--0316.pdf,1872-03-16
https://pdf.swedeb.se/riksdagen-records-pdf/1872/prot-1872--fk--0320.pdf,1872-03-20
https://pdf.swedeb.se/riksdagen-records-pdf/1873/prot-1873--ak--0401.pdf,1873-04-01
https://pdf.swedeb.se/riksdagen-records-pdf/1873/prot-1873--ak--0515.pdf,1873-05-15
https://pdf.swedeb.se/riksdagen-records-pdf/1873/prot-1873--ak--0519.pdf,1873-05-19
https://pdf.swedeb.se/riksdagen-records-pdf/1873/prot-1873--fk--0122.pdf,1873-01-22
https://pdf.swedeb.se/riksdagen-records-pdf/1873/prot-1873--fk--0326.pdf,1873-03-26
https://pdf.swedeb.se/riksdagen-records-pdf/1873/prot-1873--fk--0402.pdf,1873-04-02
https://pdf.swedeb.se/riksdagen-records-pdf/1874/prot-1874--ak--0131.pdf,1874-01-31
https://pdf.swedeb.se/riksdagen-records-pdf/1874/prot-1874--ak--0226.pdf,1874-02-26
https://pdf.swedeb.se/riksdagen-records-pdf/1874/prot-1874--ak--0404.pdf,1874-04-04
https://pdf.swedeb.se/riksdagen-records-pdf/1874/prot-1874--fk--0218.pdf,1874-02-18
https://pdf.swedeb.se/riksdagen-records-pdf/1874/prot-1874--fk--0226.pdf,1874-02-26
https://pdf.swedeb.se/riksdagen-records-pdf/1874/prot-1874--fk--0324.pdf,1874-03-24
https://pdf.swedeb.se/riksdagen-records-pdf/1875/prot-1875--ak--012.pdf,1875-03-03
https://pdf.swedeb.se/riksdagen-records-pdf/1875/prot-1875--ak--021.pdf,1875-03-17
https://pdf.swedeb.se/riksdagen-records-pdf/1875/prot-1875--ak--051.pdf,1875-05-14
https://pdf.swedeb.se/riksdagen-records-pdf/1875/prot-1875--fk--003.pdf,1875-02-10
https://pdf.swedeb.se/riksdagen-records-pdf/1875/prot-1875--fk--041.pdf,1875-05-15
https://pdf.swedeb.se/riksdagen-records-pdf/1875/prot-1875--fk--044.pdf,1875-05-21
https://pdf.swedeb.se/riksdagen-records-pdf/1876/prot-1876--ak--006.pdf,1876-02-09
https://pdf.swedeb.se/riksdagen-records-pdf/1876/prot-1876--ak--015.pdf,1876-03-04
https://pdf.swedeb.se/riksdagen-records-pdf/1876/prot-1876--ak--022.pdf,1876-03-15
https://pdf.swedeb.se/riksdagen-records-pdf/1876/prot-1876--fk--004.pdf,1876-02-05
https://pdf.swedeb.se/riksdagen-records-pdf/1876/prot-1876--fk--004.pdf,1876-02-09
https://pdf.swedeb.se/riksdagen-records-pdf/1876/prot-1876--fk--004.pdf,1876-02-12
https://pdf.swedeb.se/riksdagen-records-pdf/1876/prot-1876--fk--009.pdf,1876-03-04
https://pdf.swedeb.se/riksdagen-records-pdf/1876/prot-1876--fk--009.pdf,1876-03-07
https://pdf.swedeb.se/riksdagen-records-pdf/1876/prot-1876--fk--033.pdf,1876-05-02
https://pdf.swedeb.se/riksdagen-records-pdf/1877/prot-1877--ak--006.pdf,1877-02-07
https://pdf.swedeb.se/riksdagen-records-pdf/1877/prot-1877--ak--058.pdf,1877-05-09
https://pdf.swedeb.se/riksdagen-records-pdf/1877/prot-1877--ak--064.pdf,1877-05-17
https://pdf.swedeb.se/riksdagen-records-pdf/1877/prot-1877--ak--064.pdf,1877-05-18
https://pdf.swedeb.se/riksdagen-records-pdf/1877/prot-1877--ak--064.pdf,1877-05-19
https://pdf.swedeb.se/riksdagen-records-pdf/1877/prot-1877--ak--064.pdf,1877-05-22
https://pdf.swedeb.se/riksdagen-records-pdf/1877/prot-1877--ak--064.pdf,1877-05-23
https://pdf.swedeb.se/riksdagen-records-pdf/1877/prot-1877--ak--064.pdf,1877-05-24
https://pdf.swedeb.se/riksdagen-records-pdf/1877/prot-1877--ak--064.pdf,1877-05-25
https://pdf.swedeb.se/riksdagen-records-pdf/1877/prot-1877--ak--064.pdf,1877-05-31
https://pdf.swedeb.se/riksdagen-records-pdf/1877/prot-1877--fk--011.pdf,1877-03-01
https://pdf.swedeb.se/riksdagen-records-pdf/1877/prot-1877--fk--011.pdf,1877-03-02
https://pdf.swedeb.se/riksdagen-records-pdf/1877/prot-1877--fk--011.pdf,1877-03-03
https://pdf.swedeb.se/riksdagen-records-pdf/1877/prot-1877--fk--021.pdf,1877-04-09
https://pdf.swedeb.se/riksdagen-records-pdf/1877/prot-1877--fk--032.pdf,1877-04-28
https://pdf.swedeb.se/riksdagen-records-pdf/1878/prot-1878--ak--006.pdf,1878-02-08
https://pdf.swedeb.se/riksdagen-records-pdf/1878/prot-1878--ak--006.pdf,1878-02-09
https://pdf.swedeb.se/riksdagen-records-pdf/1878/prot-1878--ak--022.pdf,1878-03-16
https://pdf.swedeb.se/riksdagen-records-pdf/1878/prot-1878--ak--063.pdf,1878-05-18
https://pdf.swedeb.se/riksdagen-records-pdf/1878/prot-1878--ak--063.pdf,1878-05-19
https://pdf.swedeb.se/riksdagen-records-pdf/1878/prot-1878--fk--005.pdf,1878-02-02
https://pdf.swedeb.se/riksdagen-records-pdf/1878/prot-1878--fk--005.pdf,1878-02-04
https://pdf.swedeb.se/riksdagen-records-pdf/1878/prot-1878--fk--023.pdf,1878-03-30
https://pdf.swedeb.se/riksdagen-records-pdf/1878/prot-1878--fk--023.pdf,1878-04-02
https://pdf.swedeb.se/riksdagen-records-pdf/1878/prot-1878--fk--032.pdf,1878-04-27
https://pdf.swedeb.se/riksdagen-records-pdf/1879/prot-1879--ak--002.pdf,1879-01-22
https://pdf.swedeb.se/riksdagen-records-pdf/1879/prot-1879--ak--002.pdf,1879-01-23
https://pdf.swedeb.se/riksdagen-records-pdf/1879/prot-1879--ak--041.pdf,1879-04-23
https://pdf.swedeb.se/riksdagen-records-pdf/1879/prot-1879--ak--054.pdf,1879-05-07
https://pdf.swedeb.se/riksdagen-records-pdf/1879/prot-1879--fk--003.pdf,1879-01-25
https://pdf.swedeb.se/riksdagen-records-pdf/1879/prot-1879--fk--014.pdf,1879-03-05
https://pdf.swedeb.se/riksdagen-records-pdf/1879/prot-1879--fk--036.pdf,1879-05-06
https://pdf.swedeb.se/riksdagen-records-pdf/1880/prot-1880--ak--018.pdf,1880-03-06
https://pdf.swedeb.se/riksdagen-records-pdf/1880/prot-1880--ak--019.pdf,1880-03-08
https://pdf.swedeb.se/riksdagen-records-pdf/1880/prot-1880--ak--039.pdf,1880-04-14
https://pdf.swedeb.se/riksdagen-records-pdf/1880/prot-1880--fk--004.pdf,1880-01-28
https://pdf.swedeb.se/riksdagen-records-pdf/1880/prot-1880--fk--004.pdf,1880-01-31
https://pdf.swedeb.se/riksdagen-records-pdf/1880/prot-1880--fk--006.pdf,1880-02-14
https://pdf.swedeb.se/riksdagen-records-pdf/1880/prot-1880--fk--006.pdf,1880-02-18
https://pdf.swedeb.se/riksdagen-records-pdf/1880/prot-1880--fk--006.pdf,1880-02-20
https://pdf.swedeb.se/riksdagen-records-pdf/1880/prot-1880--fk--025.pdf,1880-04-09
https://pdf.swedeb.se/riksdagen-records-pdf/1881/prot-1881--ak--001.pdf,1881-01-17
https://pdf.swedeb.se/riksdagen-records-pdf/1881/prot-1881--ak--001.pdf,1881-01-18
https://pdf.swedeb.se/riksdagen-records-pdf/1881/prot-1881--ak--001.pdf,1881-01-19
https://pdf.swedeb.se/riksdagen-records-pdf/1881/prot-1881--ak--038.pdf,1881-04-06
https://pdf.swedeb.se/riksdagen-records-pdf/1881/prot-1881--ak--040.pdf,1881-04-11
https://pdf.swedeb.se/riksdagen-records-pdf/1881/prot-1881--fk--023.pdf,1881-03-24
https://pdf.swedeb.se/riksdagen-records-pdf/1881/prot-1881--fk--023.pdf,1881-03-26
https://pdf.swedeb.se/riksdagen-records-pdf/1881/prot-1881--fk--037.pdf,1881-04-19
https://pdf.swedeb.se/riksdagen-records-pdf/1881/prot-1881--fk--037.pdf,1881-04-20
https://pdf.swedeb.se/riksdagen-records-pdf/1881/prot-1881--fk--037.pdf,1881-04-21
https://pdf.swedeb.se/riksdagen-records-pdf/1881/prot-1881--fk--039.pdf,1881-04-23
https://pdf.swedeb.se/riksdagen-records-pdf/1881/prot-1881--fk--039.pdf,1881-04-25
https://pdf.swedeb.se/riksdagen-records-pdf/1881/prot-1881--fk--039.pdf,1881-04-26
https://pdf.swedeb.se/riksdagen-records-pdf/1881/prot-1881--fk--039.pdf,1881-04-27
https://pdf.swedeb.se/riksdagen-records-pdf/1881/prot-1881--fk--039.pdf,1881-04-28
https://pdf.swedeb.se/riksdagen-records-pdf/1881/prot-1881--fk--039.pdf,1881-04-29
https://pdf.swedeb.se/riksdagen-records-pdf/1882/prot-1882--ak--001.pdf,1882-01-18
https://pdf.swedeb.se/riksdagen-records-pdf/1882/prot-1882--ak--006.pdf,1882-02-04
https://pdf.swedeb.se/riksdagen-records-pdf/1882/prot-1882--ak--006.pdf,1882-02-06
https://pdf.swedeb.se/riksdagen-records-pdf/1882/prot-1882--ak--039.pdf,1882-04-21
https://pdf.swedeb.se/riksdagen-records-pdf/1882/prot-1882--ak--039.pdf,1882-04-22
https://pdf.swedeb.se/riksdagen-records-pdf/1882/prot-1882--fk--025.pdf,1882-03-29
https://pdf.swedeb.se/riksdagen-records-pdf/1882/prot-1882--fk--045.pdf,1882-05-10
https://pdf.swedeb.se/riksdagen-records-pdf/1882/prot-1882--fk--047.pdf,1882-05-11
https://pdf.swedeb.se/riksdagen-records-pdf/1883/prot-1883--ak--002.pdf,1883-01-18
https://pdf.swedeb.se/riksdagen-records-pdf/1883/prot-1883--ak--002.pdf,1883-01-20
https://pdf.swedeb.se/riksdagen-records-pdf/1883/prot-1883--ak--023.pdf,1883-04-07
https://pdf.swedeb.se/riksdagen-records-pdf/1883/prot-1883--ak--038.pdf,1883-05-07
https://pdf.swedeb.se/riksdagen-records-pdf/1883/prot-1883--fk--012.pdf,1883-02-24
https://pdf.swedeb.se/riksdagen-records-pdf/1883/prot-1883--fk--025.pdf,1883-04-11
https://pdf.swedeb.se/riksdagen-records-pdf/1883/prot-1883--fk--034.pdf,1883-05-07
https://pdf.swedeb.se/riksdagen-records-pdf/1884/prot-1884--ak--001.pdf,1884-01-16
https://pdf.swedeb.se/riksdagen-records-pdf/1884/prot-1884--ak--001.pdf,1884-01-17
https://pdf.swedeb.se/riksdagen-records-pdf/1884/prot-1884--ak--008.pdf,1884-02-12
https://pdf.swedeb.se/riksdagen-records-pdf/1884/prot-1884--ak--008.pdf,1884-02-13
https://pdf.swedeb.se/riksdagen-records-pdf/1884/prot-1884--ak--049.pdf,1884-05-07
https://pdf.swedeb.se/riksdagen-records-pdf/1884/prot-1884--fk--015.pdf,1884-03-11
https://pdf.swedeb.se/riksdagen-records-pdf/1884/prot-1884--fk--015.pdf,1884-03-12
https://pdf.swedeb.se/riksdagen-records-pdf/1884/prot-1884--fk--018.pdf,1884-03-18
https://pdf.swedeb.se/riksdagen-records-pdf/1884/prot-1884--fk--018.pdf,1884-03-19
https://pdf.swedeb.se/riksdagen-records-pdf/1884/prot-1884--fk--033.pdf,1884-04-28
https://pdf.swedeb.se/riksdagen-records-pdf/1885/prot-1885--ak--008.pdf,1885-02-07
https://pdf.swedeb.se/riksdagen-records-pdf/1885/prot-1885--ak--019.pdf,1885-03-06
https://pdf.swedeb.se/riksdagen-records-pdf/1885/prot-1885--ak--019.pdf,1885-03-07
https://pdf.swedeb.se/riksdagen-records-pdf/1885/prot-1885--ak--020.pdf,1885-03-10
https://pdf.swedeb.se/riksdagen-records-pdf/1885/prot-1885--fk--004.pdf,1885-01-26
https://pdf.swedeb.se/riksdagen-records-pdf/1885/prot-1885--fk--004.pdf,1885-01-27
https://pdf.swedeb.se/riksdagen-records-pdf/1885/prot-1885--fk--004.pdf,1885-01-28
https://pdf.swedeb.se/riksdagen-records-pdf/1885/prot-1885--fk--030.pdf,1885-04-24
https://pdf.swedeb.se/riksdagen-records-pdf/1885/prot-1885--fk--030.pdf,1885-04-25
https://pdf.swedeb.se/riksdagen-records-pdf/1885/prot-1885--fk--035.pdf,1885-05-01
https://pdf.swedeb.se/riksdagen-records-pdf/1885/prot-1885--fk--035.pdf,1885-05-02
https://pdf.swedeb.se/riksdagen-records-pdf/1886/prot-1886--ak--023.pdf,1886-03-13
https://pdf.swedeb.se/riksdagen-records-pdf/1886/prot-1886--ak--023.pdf,1886-03-16
https://pdf.swedeb.se/riksdagen-records-pdf/1886/prot-1886--ak--039.pdf,1886-04-14
https://pdf.swedeb.se/riksdagen-records-pdf/1886/prot-1886--ak--057.pdf,1886-05-12
https://pdf.swedeb.se/riksdagen-records-pdf/1886/prot-1886--fk--006.pdf,1886-02-09
https://pdf.swedeb.se/riksdagen-records-pdf/1886/prot-1886--fk--006.pdf,1886-02-10
https://pdf.swedeb.se/riksdagen-records-pdf/1886/prot-1886--fk--032.pdf,1886-04-20
https://pdf.swedeb.se/riksdagen-records-pdf/1886/prot-1886--fk--039.pdf,1886-05-08
https://pdf.swedeb.se/riksdagen-records-pdf/1886/prot-1886--fk--039.pdf,1886-05-11
https://pdf.swedeb.se/riksdagen-records-pdf/1887/prot-1887-janmar-fk--002.pdf,1887-01-19
https://pdf.swedeb.se/riksdagen-records-pdf/1887/prot-1887-janmar-fk--002.pdf,1887-01-20
https://pdf.swedeb.se/riksdagen-records-pdf/1887/prot-1887-janmar-fk--002.pdf,1887-01-21
https://pdf.swedeb.se/riksdagen-records-pdf/1887/prot-1887-janmar-fk--002.pdf,1887-01-22
https://pdf.swedeb.se/riksdagen-records-pdf/1887/prot-1887-janmar-fk--011.pdf,1887-03-01
https://pdf.swedeb.se/riksdagen-records-pdf/1887/prot-1887-majjul-ak--004.pdf,1887-05-25
https://pdf.swedeb.se/riksdagen-records-pdf/1887/prot-1887-majjul-ak--013.pdf,1887-06-15
https://pdf.swedeb.se/riksdagen-records-pdf/1887/prot-1887-majjul-ak--031.pdf,1887-07-03
https://pdf.swedeb.se/riksdagen-records-pdf/1887/prot-1887-majjul-ak--031.pdf,1887-07-04
https://pdf.swedeb.se/riksdagen-records-pdf/1887/prot-1887-majjul-ak--031.pdf,1887-07-05
https://pdf.swedeb.se/riksdagen-records-pdf/1887/prot-1887-majjul-ak--031.pdf,1887-07-06
https://pdf.swedeb.se/riksdagen-records-pdf/1887/prot-1887-majjul-ak--031.pdf,1887-07-07
https://pdf.swedeb.se/riksdagen-records-pdf/1887/prot-1887-majjul-ak--031.pdf,1887-07-08
https://pdf.swedeb.se/riksdagen-records-pdf/1887/prot-1887-majjul-ak--031.pdf,1887-07-09
https://pdf.swedeb.se/riksdagen-records-pdf/1887/prot-1887-majjul-ak--031.pdf,1887-07-16
https://pdf.swedeb.se/riksdagen-records-pdf/1887/prot-1887-majjul-fk--001.pdf,1887-05-04
https://pdf.swedeb.se/riksdagen-records-pdf/1887/prot-1887-majjul-fk--001.pdf,1887-05-05
https://pdf.swedeb.se/riksdagen-records-pdf/1887/prot-1887-majjul-fk--001.pdf,1887-05-06
https://pdf.swedeb.se/riksdagen-records-pdf/1888/prot-1888--ak--002.pdf,1888-01-20
https://pdf.swedeb.se/riksdagen-records-pdf/1888/prot-1888--ak--002.pdf,1888-01-24
https://pdf.swedeb.se/riksdagen-records-pdf/1888/prot-1888--ak--025.pdf,1888-03-21
https://pdf.swedeb.se/riksdagen-records-pdf/1888/prot-1888--ak--035.pdf,1888-04-18
https://pdf.swedeb.se/riksdagen-records-pdf/1888/prot-1888--fk--004.pdf,1888-02-04
https://pdf.swedeb.se/riksdagen-records-pdf/1888/prot-1888--fk--004.pdf,1888-02-06
https://pdf.swedeb.se/riksdagen-records-pdf/1888/prot-1888--fk--004.pdf,1888-02-08
https://pdf.swedeb.se/riksdagen-records-pdf/1888/prot-1888--fk--017.pdf,1888-03-21
https://pdf.swedeb.se/riksdagen-records-pdf/1888/prot-1888--fk--029.pdf,1888-04-21
https://pdf.swedeb.se/riksdagen-records-pdf/1889/prot-1889--ak--019.pdf,1889-03-12
https://pdf.swedeb.se/riksdagen-records-pdf/1889/prot-1889--ak--019.pdf,1889-03-13
https://pdf.swedeb.se/riksdagen-records-pdf/1889/prot-1889--ak--032.pdf,1889-04-08
https://pdf.swedeb.se/riksdagen-records-pdf/1889/prot-1889--ak--032.pdf,1889-04-10
https://pdf.swedeb.se/riksdagen-records-pdf/1889/prot-1889--ak--032.pdf,1889-04-12
https://pdf.swedeb.se/riksdagen-records-pdf/1889/prot-1889--ak--037.pdf,1889-04-17
https://pdf.swedeb.se/riksdagen-records-pdf/1889/prot-1889--ak--037.pdf,1889-04-20
https://pdf.swedeb.se/riksdagen-records-pdf/1889/prot-1889--fk--002.pdf,1889-01-18
https://pdf.swedeb.se/riksdagen-records-pdf/1889/prot-1889--fk--002.pdf,1889-01-19
https://pdf.swedeb.se/riksdagen-records-pdf/1889/prot-1889--fk--027.pdf,1889-04-06
https://pdf.swedeb.se/riksdagen-records-pdf/1889/prot-1889--fk--027.pdf,1889-04-08
https://pdf.swedeb.se/riksdagen-records-pdf/1889/prot-1889--fk--027.pdf,1889-04-10
https://pdf.swedeb.se/riksdagen-records-pdf/1889/prot-1889--fk--027.pdf,1889-04-12
https://pdf.swedeb.se/riksdagen-records-pdf/1889/prot-1889--fk--028.pdf,1889-04-13
https://pdf.swedeb.se/riksdagen-records-pdf/1890/prot-1890--ak--003.pdf,1890-01-25
https://pdf.swedeb.se/riksdagen-records-pdf/1890/prot-1890--ak--026.pdf,1890-04-16
https://pdf.swedeb.se/riksdagen-records-pdf/1890/prot-1890--ak--041.pdf,1890-05-07
https://pdf.swedeb.se/riksdagen-records-pdf/1890/prot-1890--fk--022.pdf,1890-04-11
https://pdf.swedeb.se/riksdagen-records-pdf/1890/prot-1890--fk--022.pdf,1890-04-15
https://pdf.swedeb.se/riksdagen-records-pdf/1890/prot-1890--fk--030.pdf,1890-04-30
https://pdf.swedeb.se/riksdagen-records-pdf/1890/prot-1890--fk--032.pdf,1890-05-03
https://pdf.swedeb.se/riksdagen-records-pdf/1891/prot-1891--ak--019.pdf,1891-03-14
https://pdf.swedeb.se/riksdagen-records-pdf/1891/prot-1891--ak--019.pdf,1891-03-16
https://pdf.swedeb.se/riksdagen-records-pdf/1891/prot-1891--ak--026.pdf,1891-04-07
https://pdf.swedeb.se/riksdagen-records-pdf/1891/prot-1891--ak--026.pdf,1891-04-08
https://pdf.swedeb.se/riksdagen-records-pdf/1891/prot-1891--ak--038.pdf,1891-04-27
https://pdf.swedeb.se/riksdagen-records-pdf/1891/prot-1891--ak--038.pdf,1891-04-28
https://pdf.swedeb.se/riksdagen-records-pdf/1891/prot-1891--ak--038.pdf,1891-04-29
https://pdf.swedeb.se/riksdagen-records-pdf/1891/prot-1891--fk--013.pdf,1891-03-17
https://pdf.swedeb.se/riksdagen-records-pdf/1891/prot-1891--fk--014.pdf,1891-03-18
https://pdf.swedeb.se/riksdagen-records-pdf/1891/prot-1891--fk--018.pdf,1891-04-11
https://pdf.swedeb.se/riksdagen-records-pdf/1891/prot-1891--fk--018.pdf,1891-04-13
https://pdf.swedeb.se/riksdagen-records-pdf/1892/prot-1892--ak--002.pdf,1892-01-25
https://pdf.swedeb.se/riksdagen-records-pdf/1892/prot-1892--ak--002.pdf,1892-01-26
https://pdf.swedeb.se/riksdagen-records-pdf/1892/prot-1892--ak--008.pdf,1892-02-13
https://pdf.swedeb.se/riksdagen-records-pdf/1892/prot-1892--ak--047.pdf,1892-05-19
https://pdf.swedeb.se/riksdagen-records-pdf/1892/prot-1892--ak--047.pdf,1892-05-20
https://pdf.swedeb.se/riksdagen-records-pdf/1892/prot-1892--ak--047.pdf,1892-05-21
https://pdf.swedeb.se/riksdagen-records-pdf/1892/prot-1892--ak--047.pdf,1892-05-22
https://pdf.swedeb.se/riksdagen-records-pdf/1892/prot-1892--ak--047.pdf,1892-05-23
https://pdf.swedeb.se/riksdagen-records-pdf/1892/prot-1892--ak--047.pdf,1892-05-31
https://pdf.swedeb.se/riksdagen-records-pdf/1892/prot-1892--fk--010.pdf,1892-02-27
https://pdf.swedeb.se/riksdagen-records-pdf/1892/prot-1892--fk--010.pdf,1892-03-01
https://pdf.swedeb.se/riksdagen-records-pdf/1892/prot-1892--fk--029.pdf,1892-04-29
https://pdf.swedeb.se/riksdagen-records-pdf/1892/prot-1892--fk--029.pdf,1892-04-30
https://pdf.swedeb.se/riksdagen-records-pdf/1892/prot-1892--fk--035.pdf,1892-05-09
https://pdf.swedeb.se/riksdagen-records-pdf/1893/prot-1893--ak--011.pdf,1893-02-28
https://pdf.swedeb.se/riksdagen-records-pdf/1893/prot-1893--ak--011.pdf,1893-03-01
https://pdf.swedeb.se/riksdagen-records-pdf/1893/prot-1893--ak--028.pdf,1893-04-12
https://pdf.swedeb.se/riksdagen-records-pdf/1893/prot-1893--ak--042.pdf,1893-05-03
https://pdf.swedeb.se/riksdagen-records-pdf/1893/prot-1893--fk--006.pdf,1893-02-14
https://pdf.swedeb.se/riksdagen-records-pdf/1893/prot-1893--fk--006.pdf,1893-02-15
https://pdf.swedeb.se/riksdagen-records-pdf/1893/prot-1893--fk--025.pdf,1893-04-12
https://pdf.swedeb.se/riksdagen-records-pdf/1893/prot-1893--fk--025.pdf,1893-04-14
https://pdf.swedeb.se/riksdagen-records-pdf/1893/prot-1893--fk--026.pdf,1893-04-15
https://pdf.swedeb.se/riksdagen-records-pdf/1894/prot-1894--ak--002.pdf,1894-01-18
https://pdf.swedeb.se/riksdagen-records-pdf/1894/prot-1894--ak--002.pdf,1894-01-19
https://pdf.swedeb.se/riksdagen-records-pdf/1894/prot-1894--ak--033.pdf,1894-04-21
https://pdf.swedeb.se/riksdagen-records-pdf/1894/prot-1894--ak--035.pdf,1894-04-25
https://pdf.swedeb.se/riksdagen-records-pdf/1894/prot-1894--fk--013.pdf,1894-03-10
https://pdf.swedeb.se/riksdagen-records-pdf/1894/prot-1894--fk--017.pdf,1894-03-31
https://pdf.swedeb.se/riksdagen-records-pdf/1894/prot-1894--fk--034.pdf,1894-05-02
https://pdf.swedeb.se/riksdagen-records-pdf/1895/prot-1895--ak--017.pdf,1895-03-13
https://pdf.swedeb.se/riksdagen-records-pdf/1895/prot-1895--ak--017.pdf,1895-03-15
https://pdf.swedeb.se/riksdagen-records-pdf/1895/prot-1895--ak--021.pdf,1895-03-22
https://pdf.swedeb.se/riksdagen-records-pdf/1895/prot-1895--ak--021.pdf,1895-03-23
https://pdf.swedeb.se/riksdagen-records-pdf/1895/prot-1895--ak--021.pdf,1895-03-26
https://pdf.swedeb.se/riksdagen-records-pdf/1895/prot-1895--ak--041.pdf,1895-05-08
https://pdf.swedeb.se/riksdagen-records-pdf/1895/prot-1895--fk--006.pdf,1895-02-12
https://pdf.swedeb.se/riksdagen-records-pdf/1895/prot-1895--fk--006.pdf,1895-02-13
https://pdf.swedeb.se/riksdagen-records-pdf/1895/prot-1895--fk--006.pdf,1895-02-15
https://pdf.swedeb.se/riksdagen-records-pdf/1895/prot-1895--fk--006.pdf,1895-02-16
https://pdf.swedeb.se/riksdagen-records-pdf/1895/prot-1895--fk--006.pdf,1895-02-19
https://pdf.swedeb.se/riksdagen-records-pdf/1895/prot-1895--fk--009.pdf,1895-02-26
https://pdf.swedeb.se/riksdagen-records-pdf/1895/prot-1895--fk--009.pdf,1895-02-27
https://pdf.swedeb.se/riksdagen-records-pdf/1895/prot-1895--fk--009.pdf,1895-03-01
https://pdf.swedeb.se/riksdagen-records-pdf/1895/prot-1895--fk--017.pdf,1895-03-27
https://pdf.swedeb.se/riksdagen-records-pdf/1895/prot-1895--fk--017.pdf,1895-03-29
https://pdf.swedeb.se/riksdagen-records-pdf/1896/prot-1896--ak--003.pdf,1896-01-22
https://pdf.swedeb.se/riksdagen-records-pdf/1896/prot-1896--ak--003.pdf,1896-01-24
https://pdf.swedeb.se/riksdagen-records-pdf/1896/prot-1896--ak--003.pdf,1896-01-25
https://pdf.swedeb.se/riksdagen-records-pdf/1896/prot-1896--ak--003.pdf,1896-01-27
https://pdf.swedeb.se/riksdagen-records-pdf/1896/prot-1896--ak--025-01.pdf,1896-03-28
https://pdf.swedeb.se/riksdagen-records-pdf/1896/prot-1896--ak--025-01.pdf,1896-04-02
https://pdf.swedeb.se/riksdagen-records-pdf/1896/prot-1896--ak--033.pdf,1896-04-21
https://pdf.swedeb.se/riksdagen-records-pdf/1896/prot-1896--ak--033.pdf,1896-04-22
https://pdf.swedeb.se/riksdagen-records-pdf/1896/prot-1896--fk--001.pdf,1896-01-16
https://pdf.swedeb.se/riksdagen-records-pdf/1896/prot-1896--fk--001.pdf,1896-01-18
https://pdf.swedeb.se/riksdagen-records-pdf/1896/prot-1896--fk--001.pdf,1896-01-20
https://pdf.swedeb.se/riksdagen-records-pdf/1896/prot-1896--fk--003.pdf,1896-01-24
https://pdf.swedeb.se/riksdagen-records-pdf/1896/prot-1896--fk--003.pdf,1896-01-25
https://pdf.swedeb.se/riksdagen-records-pdf/1896/prot-1896--fk--003.pdf,1896-01-27
https://pdf.swedeb.se/riksdagen-records-pdf/1896/prot-1896--fk--003.pdf,1896-01-28
https://pdf.swedeb.se/riksdagen-records-pdf/1896/prot-1896--fk--003.pdf,1896-01-30
https://pdf.swedeb.se/riksdagen-records-pdf/1896/prot-1896--fk--018.pdf,1896-04-15
https://pdf.swedeb.se/riksdagen-records-pdf/1896/prot-1896--fk--018.pdf,1896-04-15
https://pdf.swedeb.se/riksdagen-records-pdf/1897/prot-1897--ak--001.pdf,1897-01-18
https://pdf.swedeb.se/riksdagen-records-pdf/1897/prot-1897--ak--001.pdf,1897-01-19
https://pdf.swedeb.se/riksdagen-records-pdf/1897/prot-1897--ak--001.pdf,1897-01-20
https://pdf.swedeb.se/riksdagen-records-pdf/1897/prot-1897--ak--001.pdf,1897-01-21
https://pdf.swedeb.se/riksdagen-records-pdf/1897/prot-1897--ak--001.pdf,1897-01-22
https://pdf.swedeb.se/riksdagen-records-pdf/1897/prot-1897--ak--016.pdf,1897-03-17
https://pdf.swedeb.se/riksdagen-records-pdf/1897/prot-1897--ak--016.pdf,1897-03-19
https://pdf.swedeb.se/riksdagen-records-pdf/1897/prot-1897--ak--046.pdf,1897-05-14
https://pdf.swedeb.se/riksdagen-records-pdf/1897/prot-1897--ak--046.pdf,1897-05-15
https://pdf.swedeb.se/riksdagen-records-pdf/1897/prot-1897--ak--046.pdf,1897-05-16
https://pdf.swedeb.se/riksdagen-records-pdf/1897/prot-1897--ak--046.pdf,1897-05-17
https://pdf.swedeb.se/riksdagen-records-pdf/1897/prot-1897--ak--046.pdf,1897-05-18
https://pdf.swedeb.se/riksdagen-records-pdf/1897/prot-1897--ak--046.pdf,1897-05-19
https://pdf.swedeb.se/riksdagen-records-pdf/1897/prot-1897--ak--046.pdf,1897-05-20
https://pdf.swedeb.se/riksdagen-records-pdf/1897/prot-1897--ak--046.pdf,1897-05-28
https://pdf.swedeb.se/riksdagen-records-pdf/1897/prot-1897--fk--007.pdf,1897-02-24
https://pdf.swedeb.se/riksdagen-records-pdf/1897/prot-1897--fk--007.pdf,1897-02-26
https://pdf.swedeb.se/riksdagen-records-pdf/1897/prot-1897--fk--027.pdf,1897-05-04
https://pdf.swedeb.se/riksdagen-records-pdf/1897/prot-1897--fk--027.pdf,1897-05-05
https://pdf.swedeb.se/riksdagen-records-pdf/1897/prot-1897--fk--027.pdf,1897-05-06
https://pdf.swedeb.se/riksdagen-records-pdf/1897/prot-1897--fk--029.pdf,1897-05-08
https://pdf.swedeb.se/riksdagen-records-pdf/1898/prot-1898--ak--017.pdf,1898-03-16
https://pdf.swedeb.se/riksdagen-records-pdf/1898/prot-1898--ak--036.pdf,1898-05-04
https://pdf.swedeb.se/riksdagen-records-pdf/1898/prot-1898--ak--036.pdf,1898-05-06
https://pdf.swedeb.se/riksdagen-records-pdf/1898/prot-1898--ak--039.pdf,1898-05-08
https://pdf.swedeb.se/riksdagen-records-pdf/1898/prot-1898--ak--039.pdf,1898-05-09
https://pdf.swedeb.se/riksdagen-records-pdf/1898/prot-1898--fk--005.pdf,1898-02-08
https://pdf.swedeb.se/riksdagen-records-pdf/1898/prot-1898--fk--005.pdf,1898-02-09
https://pdf.swedeb.se/riksdagen-records-pdf/1898/prot-1898--fk--028.pdf,1898-04-27
https://pdf.swedeb.se/riksdagen-records-pdf/1898/prot-1898--fk--028.pdf,1898-04-29
https://pdf.swedeb.se/riksdagen-records-pdf/1898/prot-1898--fk--029.pdf,1898-05-02
https://pdf.swedeb.se/riksdagen-records-pdf/1899/prot-1899--ak--004.pdf,1899-01-30
https://pdf.swedeb.se/riksdagen-records-pdf/1899/prot-1899--ak--004.pdf,1899-02-01
https://pdf.swedeb.se/riksdagen-records-pdf/1899/prot-1899--ak--004.pdf,1899-02-04
https://pdf.swedeb.se/riksdagen-records-pdf/1899/prot-1899--ak--012.pdf,1899-03-08
https://pdf.swedeb.se/riksdagen-records-pdf/1899/prot-1899--ak--017.pdf,1899-03-22
https://pdf.swedeb.se/riksdagen-records-pdf/1899/prot-1899--fk--002.pdf,1899-01-20
https://pdf.swedeb.se/riksdagen-records-pdf/1899/prot-1899--fk--002.pdf,1899-01-21
https://pdf.swedeb.se/riksdagen-records-pdf/1899/prot-1899--fk--002.pdf,1899-01-23
https://pdf.swedeb.se/riksdagen-records-pdf/1899/prot-1899--fk--016.pdf,1899-04-05
https://pdf.swedeb.se/riksdagen-records-pdf/1899/prot-1899--fk--016.pdf,1899-04-06
https://pdf.swedeb.se/riksdagen-records-pdf/1899/prot-1899--fk--027.pdf,1899-05-06
https://pdf.swedeb.se/riksdagen-records-pdf/1899/prot-1899--fk--027.pdf,1899-05-08
https://pdf.swedeb.se/riksdagen-records-pdf/1900/prot-1900--ak--007.pdf,1900-02-03
https://pdf.swedeb.se/riksdagen-records-pdf/1900/prot-1900--ak--035.pdf,1900-04-05
https://pdf.swedeb.se/riksdagen-records-pdf/1900/prot-1900--ak--056.pdf,1900-05-12
https://pdf.swedeb.se/riksdagen-records-pdf/1900/prot-1900--ak--056.pdf,1900-05-13
https://pdf.swedeb.se/riksdagen-records-pdf/1900/prot-1900--ak--056.pdf,1900-05-14
https://pdf.swedeb.se/riksdagen-records-pdf/1900/prot-1900--ak--056.pdf,1900-05-15
https://pdf.swedeb.se/riksdagen-records-pdf/1900/prot-1900--ak--056.pdf,1900-05-22
https://pdf.swedeb.se/riksdagen-records-pdf/1900/prot-1900--fk--007.pdf,1900-02-06
https://pdf.swedeb.se/riksdagen-records-pdf/1900/prot-1900--fk--007.pdf,1900-02-07
https://pdf.swedeb.se/riksdagen-records-pdf/1900/prot-1900--fk--010.pdf,1900-02-16
https://pdf.swedeb.se/riksdagen-records-pdf/1900/prot-1900--fk--040.pdf,1900-05-12
https://pdf.swedeb.se/riksdagen-records-pdf/1900/prot-1900--fk--040.pdf,1900-05-13
https://pdf.swedeb.se/riksdagen-records-pdf/1900/prot-1900--fk--040.pdf,1900-05-14
https://pdf.swedeb.se/riksdagen-records-pdf/1900/prot-1900--fk--040.pdf,1900-05-15
https://pdf.swedeb.se/riksdagen-records-pdf/1901/prot-1901--ak--003.pdf,1901-02-01
https://pdf.swedeb.se/riksdagen-records-pdf/1901/prot-1901--ak--003.pdf,1901-02-05
https://pdf.swedeb.se/riksdagen-records-pdf/1901/prot-1901--ak--013.pdf,1901-03-13
https://pdf.swedeb.se/riksdagen-records-pdf/1901/prot-1901--ak--025.pdf,1901-04-20
https://pdf.swedeb.se/riksdagen-records-pdf/1901/prot-1901--ak--025.pdf,1901-04-23
https://pdf.swedeb.se/riksdagen-records-pdf/1901/prot-1901--fk--004.pdf,1901-01-23
https://pdf.swedeb.se/riksdagen-records-pdf/1901/prot-1901--fk--004.pdf,1901-01-24
https://pdf.swedeb.se/riksdagen-records-pdf/1901/prot-1901--fk--004.pdf,1901-01-25
https://pdf.swedeb.se/riksdagen-records-pdf/1901/prot-1901--fk--004.pdf,1901-01-26
https://pdf.swedeb.se/riksdagen-records-pdf/1901/prot-1901--fk--004.pdf,1901-01-27
https://pdf.swedeb.se/riksdagen-records-pdf/1901/prot-1901--fk--004.pdf,1901-01-28
https://pdf.swedeb.se/riksdagen-records-pdf/1901/prot-1901--fk--004.pdf,1901-01-30
https://pdf.swedeb.se/riksdagen-records-pdf/1901/prot-1901--fk--021.pdf,1901-04-13
https://pdf.swedeb.se/riksdagen-records-pdf/1901/prot-1901--fk--028.pdf,1901-05-08
https://pdf.swedeb.se/riksdagen-records-pdf/1901/prot-1901--fk--028.pdf,1901-05-10
https://pdf.swedeb.se/riksdagen-records-pdf/1901/prot-1901--fk--028.pdf,1901-05-11
https://pdf.swedeb.se/riksdagen-records-pdf/1902/prot-1902--ak--010.pdf,1902-02-14
https://pdf.swedeb.se/riksdagen-records-pdf/1902/prot-1902--ak--020.pdf,1902-03-11
https://pdf.swedeb.se/riksdagen-records-pdf/1902/prot-1902--ak--020.pdf,1902-03-12
https://pdf.swedeb.se/riksdagen-records-pdf/1902/prot-1902--ak--024.pdf,1902-03-19
https://pdf.swedeb.se/riksdagen-records-pdf/1902/prot-1902--fk--007.pdf,1902-02-07
https://pdf.swedeb.se/riksdagen-records-pdf/1902/prot-1902--fk--007.pdf,1902-02-07
https://pdf.swedeb.se/riksdagen-records-pdf/1902/prot-1902--fk--020.pdf,1902-04-03
https://pdf.swedeb.se/riksdagen-records-pdf/1902/prot-1902--fk--034.pdf,1902-05-11
https://pdf.swedeb.se/riksdagen-records-pdf/1902/prot-1902--fk--034.pdf,1902-05-12
https://pdf.swedeb.se/riksdagen-records-pdf/1902/prot-1902--fk--034.pdf,1902-05-13
https://pdf.swedeb.se/riksdagen-records-pdf/1902/prot-1902--fk--034.pdf,1902-05-14
https://pdf.swedeb.se/riksdagen-records-pdf/1903/prot-1903--ak--018.pdf,1903-02-24
https://pdf.swedeb.se/riksdagen-records-pdf/1903/prot-1903--ak--045.pdf,1903-04-25
https://pdf.swedeb.se/riksdagen-records-pdf/1903/prot-1903--ak--053.pdf,1903-05-05
https://pdf.swedeb.se/riksdagen-records-pdf/1903/prot-1903--fk--013.pdf,1903-02-14
https://pdf.swedeb.se/riksdagen-records-pdf/1903/prot-1903--fk--021.pdf,1903-03-07
https://pdf.swedeb.se/riksdagen-records-pdf/1903/prot-1903--fk--022.pdf,1903-03-10
https://pdf.swedeb.se/riksdagen-records-pdf/1903/prot-1903--fk--022.pdf,1903-03-11
https://pdf.swedeb.se/riksdagen-records-pdf/1904/prot-1904--ak--042.pdf,1904-04-20
https://pdf.swedeb.se/riksdagen-records-pdf/1904/prot-1904--ak--049.pdf,1904-05-03
https://pdf.swedeb.se/riksdagen-records-pdf/1904/prot-1904--ak--050.pdf,1904-05-03
https://pdf.swedeb.se/riksdagen-records-pdf/1904/prot-1904--fk--019.pdf,1904-02-20
https://pdf.swedeb.se/riksdagen-records-pdf/1904/prot-1904--fk--024.pdf,1904-03-04
https://pdf.swedeb.se/riksdagen-records-pdf/1904/prot-1904--fk--024.pdf,1904-03-05
https://pdf.swedeb.se/riksdagen-records-pdf/1904/prot-1904--fk--058.pdf,1904-05-18
https://pdf.swedeb.se/riksdagen-records-pdf/1905/prot-1905--ak--010.pdf,1905-02-10
https://pdf.swedeb.se/riksdagen-records-pdf/1905/prot-1905--ak--010.pdf,1905-02-11
https://pdf.swedeb.se/riksdagen-records-pdf/1905/prot-1905--ak--012.pdf,1905-02-17
https://pdf.swedeb.se/riksdagen-records-pdf/1905/prot-1905--ak--012.pdf,1905-02-18
https://pdf.swedeb.se/riksdagen-records-pdf/1905/prot-1905--ak--015.pdf,1905-02-25
https://pdf.swedeb.se/riksdagen-records-pdf/1905/prot-1905--fk--005.pdf,1905-01-24
https://pdf.swedeb.se/riksdagen-records-pdf/1905/prot-1905--fk--031.pdf,1905-04-05
https://pdf.swedeb.se/riksdagen-records-pdf/1905/prot-1905--fk--040.pdf,1905-05-03
https://pdf.swedeb.se/riksdagen-records-pdf/1906/prot-1906--ak--009.pdf,1906-02-03
https://pdf.swedeb.se/riksdagen-records-pdf/1906/prot-1906--ak--013.pdf,1906-02-10
https://pdf.swedeb.se/riksdagen-records-pdf/1906/prot-1906--ak--029.pdf,1906-03-16
https://pdf.swedeb.se/riksdagen-records-pdf/1906/prot-1906--ak--029.pdf,1906-03-17
https://pdf.swedeb.se/riksdagen-records-pdf/1906/prot-1906--fk--026.pdf,1906-03-17
https://pdf.swedeb.se/riksdagen-records-pdf/1906/prot-1906--fk--030.pdf,1906-03-28
https://pdf.swedeb.se/riksdagen-records-pdf/1906/prot-1906--fk--030.pdf,1906-03-28
https://pdf.swedeb.se/riksdagen-records-pdf/1906/prot-1906--fk--040.pdf,1906-04-28
https://pdf.swedeb.se/riksdagen-records-pdf/1907/prot-1907--ak--002.pdf,1907-01-16
https://pdf.swedeb.se/riksdagen-records-pdf/1907/prot-1907--ak--002.pdf,1907-01-17
https://pdf.swedeb.se/riksdagen-records-pdf/1907/prot-1907--ak--004.pdf,1907-01-22
https://pdf.swedeb.se/riksdagen-records-pdf/1907/prot-1907--ak--043.pdf,1907-04-24
https://pdf.swedeb.se/riksdagen-records-pdf/1907/prot-1907--fk--042.pdf,1907-05-12
https://pdf.swedeb.se/riksdagen-records-pdf/1907/prot-1907--fk--042.pdf,1907-05-13
https://pdf.swedeb.se/riksdagen-records-pdf/1907/prot-1907--fk--048.pdf,1907-05-22
https://pdf.swedeb.se/riksdagen-records-pdf/1907/prot-1907--fk--055.pdf,1907-05-28
https://pdf.swedeb.se/riksdagen-records-pdf/1907/prot-1907--fk--055.pdf,1907-05-29
https://pdf.swedeb.se/riksdagen-records-pdf/1908/prot-1908--ak--023.pdf,1908-03-10
https://pdf.swedeb.se/riksdagen-records-pdf/1908/prot-1908--ak--036.pdf,1908-03-28
https://pdf.swedeb.se/riksdagen-records-pdf/1908/prot-1908--ak--058.pdf,1908-05-08
https://pdf.swedeb.se/riksdagen-records-pdf/1908/prot-1908--fk--014.pdf,1908-02-21
https://pdf.swedeb.se/riksdagen-records-pdf/1908/prot-1908--fk--040.pdf,1908-04-22
https://pdf.swedeb.se/riksdagen-records-pdf/1908/prot-1908--fk--059.pdf,1908-05-23
https://pdf.swedeb.se/riksdagen-records-pdf/1909/prot-1909--ak--054.pdf,1909-05-04
https://pdf.swedeb.se/riksdagen-records-pdf/1909/prot-1909--ak--054.pdf,1909-05-05
https://pdf.swedeb.se/riksdagen-records-pdf/1909/prot-1909--ak--071.pdf,1909-05-20
https://pdf.swedeb.se/riksdagen-records-pdf/1909/prot-1909--ak--071.pdf,1909-05-21
https://pdf.swedeb.se/riksdagen-records-pdf/1909/prot-1909--ak--072.pdf,1909-05-22
https://pdf.swedeb.se/riksdagen-records-pdf/1909/prot-1909--ak--072.pdf,1909-05-23
https://pdf.swedeb.se/riksdagen-records-pdf/1909/prot-1909--ak--072.pdf,1909-05-24
https://pdf.swedeb.se/riksdagen-records-pdf/1909/prot-1909--ak--072.pdf,1909-05-25
https://pdf.swedeb.se/riksdagen-records-pdf/1909/prot-1909--ak--072.pdf,1909-05-26
https://pdf.swedeb.se/riksdagen-records-pdf/1909/prot-1909--ak--072.pdf,1909-06-02
https://pdf.swedeb.se/riksdagen-records-pdf/1909/prot-1909--fk--013.pdf,1909-02-23
https://pdf.swedeb.se/riksdagen-records-pdf/1909/prot-1909--fk--013.pdf,1909-02-24
https://pdf.swedeb.se/riksdagen-records-pdf/1909/prot-1909--fk--013.pdf,1909-02-25
https://pdf.swedeb.se/riksdagen-records-pdf/1909/prot-1909--fk--021.pdf,1909-03-23
https://pdf.swedeb.se/riksdagen-records-pdf/1909/prot-1909--fk--021.pdf,1909-03-24
https://pdf.swedeb.se/riksdagen-records-pdf/1909/prot-1909--fk--021.pdf,1909-03-25
https://pdf.swedeb.se/riksdagen-records-pdf/1909/prot-1909--fk--021.pdf,1909-03-26
https://pdf.swedeb.se/riksdagen-records-pdf/1909/prot-1909--fk--031.pdf,1909-04-23
https://pdf.swedeb.se/riksdagen-records-pdf/1910/prot-1910--ak--023.pdf,1910-03-17
https://pdf.swedeb.se/riksdagen-records-pdf/1910/prot-1910--ak--043.pdf,1910-05-10
https://pdf.swedeb.se/riksdagen-records-pdf/1910/prot-1910--ak--043.pdf,1910-05-11
https://pdf.swedeb.se/riksdagen-records-pdf/1910/prot-1910--ak--047.pdf,1910-05-14
https://pdf.swedeb.se/riksdagen-records-pdf/1910/prot-1910--fk--015.pdf,1910-03-16
https://pdf.swedeb.se/riksdagen-records-pdf/1910/prot-1910--fk--020.pdf,1910-04-09
https://pdf.swedeb.se/riksdagen-records-pdf/1910/prot-1910--fk--020.pdf,1910-04-12
https://pdf.swedeb.se/riksdagen-records-pdf/1910/prot-1910--fk--027.pdf,1910-05-07
https://pdf.swedeb.se/riksdagen-records-pdf/1911/prot-1911--ak--022.pdf,1911-03-22
https://pdf.swedeb.se/riksdagen-records-pdf/1911/prot-1911--ak--022.pdf,1911-03-23
https://pdf.swedeb.se/riksdagen-records-pdf/1911/prot-1911--ak--031.pdf,1911-04-07
https://pdf.swedeb.se/riksdagen-records-pdf/1911/prot-1911--ak--031.pdf,1911-04-10
https://pdf.swedeb.se/riksdagen-records-pdf/1911/prot-1911--ak--051.pdf,1911-05-17
https://pdf.swedeb.se/riksdagen-records-pdf/1911/prot-1911--fk--012.pdf,1911-03-11
https://pdf.swedeb.se/riksdagen-records-pdf/1911/prot-1911--fk--012.pdf,1911-03-14
https://pdf.swedeb.se/riksdagen-records-pdf/1911/prot-1911--fk--024.pdf,1911-05-03
https://pdf.swedeb.se/riksdagen-records-pdf/1911/prot-1911--fk--024.pdf,1911-05-03
https://pdf.swedeb.se/riksdagen-records-pdf/1911/prot-1911--fk--032.pdf,1911-05-23
https://pdf.swedeb.se/riksdagen-records-pdf/1911/prot-1911--fk--032.pdf,1911-05-24
https://pdf.swedeb.se/riksdagen-records-pdf/1911/prot-1911--fk--032.pdf,1911-05-25
https://pdf.swedeb.se/riksdagen-records-pdf/1912/prot-1912--ak--014.pdf,1912-03-06
https://pdf.swedeb.se/riksdagen-records-pdf/1912/prot-1912--ak--014.pdf,1912-03-08
https://pdf.swedeb.se/riksdagen-records-pdf/1912/prot-1912--ak--033.pdf,1912-04-20
https://pdf.swedeb.se/riksdagen-records-pdf/1912/prot-1912--ak--033.pdf,1912-04-23
https://pdf.swedeb.se/riksdagen-records-pdf/1912/prot-1912--ak--044.pdf,1912-05-11
https://pdf.swedeb.se/riksdagen-records-pdf/1912/prot-1912--fk--013.pdf,1912-03-06
https://pdf.swedeb.se/riksdagen-records-pdf/1912/prot-1912--fk--013.pdf,1912-03-08
https://pdf.swedeb.se/riksdagen-records-pdf/1912/prot-1912--fk--033.pdf,1912-05-08
https://pdf.swedeb.se/riksdagen-records-pdf/1912/prot-1912--fk--035.pdf,1912-05-11
https://pdf.swedeb.se/riksdagen-records-pdf/1912/prot-1912--fk--035.pdf,1912-05-13
https://pdf.swedeb.se/riksdagen-records-pdf/1913/prot-1913--ak--011.pdf,1913-02-26
https://pdf.swedeb.se/riksdagen-records-pdf/1913/prot-1913--ak--030.pdf,1913-04-12
https://pdf.swedeb.se/riksdagen-records-pdf/1913/prot-1913--ak--048.pdf,1913-05-21
https://pdf.swedeb.se/riksdagen-records-pdf/1913/prot-1913--fk--027.pdf,1913-04-29
https://pdf.swedeb.se/riksdagen-records-pdf/1913/prot-1913--fk--027.pdf,1913-04-30
https://pdf.swedeb.se/riksdagen-records-pdf/1913/prot-1913--fk--027.pdf,1913-05-02
https://pdf.swedeb.se/riksdagen-records-pdf/1913/prot-1913--fk--028.pdf,1913-05-03
https://pdf.swedeb.se/riksdagen-records-pdf/1913/prot-1913--fk--040.pdf,1913-05-28
https://pdf.swedeb.se/riksdagen-records-pdf/1913/prot-1913--fk--040.pdf,1913-05-29
https://pdf.swedeb.se/riksdagen-records-pdf/1913/prot-1913--fk--040.pdf,1913-05-30
https://pdf.swedeb.se/riksdagen-records-pdf/1913/prot-1913--fk--040.pdf,1913-05-31
https://pdf.swedeb.se/riksdagen-records-pdf/1913/prot-1913--fk--040.pdf,1913-06-01
https://pdf.swedeb.se/riksdagen-records-pdf/1913/prot-1913--fk--040.pdf,1913-06-02
https://pdf.swedeb.se/riksdagen-records-pdf/1914/prot-1914-a-ak--001.pdf,1914-01-15
https://pdf.swedeb.se/riksdagen-records-pdf/1914/prot-1914-b-ak--036.pdf,1914-07-11
https://pdf.swedeb.se/riksdagen-records-pdf/1914/prot-1914-b-ak--085.pdf,1914-09-13
https://pdf.swedeb.se/riksdagen-records-pdf/1914/prot-1914-b-fk--010.pdf,1914-06-02
https://pdf.swedeb.se/riksdagen-records-pdf/1914/prot-1914-b-fk--026.pdf,1914-07-01
https://pdf.swedeb.se/riksdagen-records-pdf/1914/prot-1914-b-fk--084.pdf,1914-09-20
https://pdf.swedeb.se/riksdagen-records-pdf/1915/prot-1915--ak--054.pdf,1915-04-14
https://pdf.swedeb.se/riksdagen-records-pdf/1915/prot-1915--ak--078.pdf,1915-05-15
https://pdf.swedeb.se/riksdagen-records-pdf/1915/prot-1915--ak--093.pdf,1915-05-27
https://pdf.swedeb.se/riksdagen-records-pdf/1915/prot-1915--fk--018.pdf,1915-02-13
https://pdf.swedeb.se/riksdagen-records-pdf/1915/prot-1915--fk--042.pdf,1915-03-27
https://pdf.swedeb.se/riksdagen-records-pdf/1915/prot-1915--fk--075.pdf,1915-05-19
https://pdf.swedeb.se/riksdagen-records-pdf/1916/prot-1916--ak--075.pdf,1916-05-20
https://pdf.swedeb.se/riksdagen-records-pdf/1916/prot-1916--ak--081.pdf,1916-05-27
https://pdf.swedeb.se/riksdagen-records-pdf/1916/prot-1916--ak--097.pdf,1916-06-13
https://pdf.swedeb.se/riksdagen-records-pdf/1916/prot-1916--fk--012.pdf,1916-02-04
https://pdf.swedeb.se/riksdagen-records-pdf/1916/prot-1916--fk--016.pdf,1916-02-09
https://pdf.swedeb.se/riksdagen-records-pdf/1916/prot-1916--fk--028.pdf,1916-03-01
https://pdf.swedeb.se/riksdagen-records-pdf/1917/prot-1917--ak--017.pdf,1917-02-09
https://pdf.swedeb.se/riksdagen-records-pdf/1917/prot-1917--ak--017.pdf,1917-02-10
https://pdf.swedeb.se/riksdagen-records-pdf/1917/prot-1917--ak--022.pdf,1917-02-23
https://pdf.swedeb.se/riksdagen-records-pdf/1917/prot-1917--ak--061.pdf,1917-05-19
https://pdf.swedeb.se/riksdagen-records-pdf/1917/prot-1917--fk--034.pdf,1917-04-21
https://pdf.swedeb.se/riksdagen-records-pdf/1917/prot-1917--fk--034.pdf,1917-04-23
https://pdf.swedeb.se/riksdagen-records-pdf/1917/prot-1917--fk--044.pdf,1917-05-19
https://pdf.swedeb.se/riksdagen-records-pdf/1917/prot-1917--fk--044.pdf,1917-05-22
https://pdf.swedeb.se/riksdagen-records-pdf/1917/prot-1917--fk--046.pdf,1917-05-23
https://pdf.swedeb.se/riksdagen-records-pdf/1917/prot-1917--fk--046.pdf,1917-05-24
https://pdf.swedeb.se/riksdagen-records-pdf/1918/prot-1918--ak--002.pdf,1918-01-16
https://pdf.swedeb.se/riksdagen-records-pdf/1918/prot-1918--fk--005.pdf,1918-01-25
https://pdf.swedeb.se/riksdagen-records-pdf/1918/prot-1918--fk--005.pdf,1918-01-26
https://pdf.swedeb.se/riksdagen-records-pdf/1918/prot-1918--fk--030.pdf,1918-05-08
https://pdf.swedeb.se/riksdagen-records-pdf/1918/prot-1918--fk--030.pdf,1918-05-10
https://pdf.swedeb.se/riksdagen-records-pdf/1918/prot-1918--fk--032.pdf,1918-05-11
https://pdf.swedeb.se/riksdagen-records-pdf/1918/prot-1918--fk--032.pdf,1918-05-14
https://pdf.swedeb.se/riksdagen-records-pdf/1918/prot-1918-urtima-ak--007.pdf,1918-11-23
https://pdf.swedeb.se/riksdagen-records-pdf/1918/prot-1918-urtima-ak--018.pdf,1918-12-17
https://pdf.swedeb.se/riksdagen-records-pdf/1919/prot-1919--ak--009.pdf,1919-01-23
https://pdf.swedeb.se/riksdagen-records-pdf/1919/prot-1919--ak--009.pdf,1919-01-24
https://pdf.swedeb.se/riksdagen-records-pdf/1919/prot-1919--ak--009.pdf,1919-01-27
https://pdf.swedeb.se/riksdagen-records-pdf/1919/prot-1919--ak--032.pdf,1919-04-04
https://pdf.swedeb.se/riksdagen-records-pdf/1919/prot-1919--ak--032.pdf,1919-04-05
https://pdf.swedeb.se/riksdagen-records-pdf/1919/prot-1919--ak--032.pdf,1919-04-08
https://pdf.swedeb.se/riksdagen-records-pdf/1919/prot-1919--fk--002.pdf,1919-01-16
https://pdf.swedeb.se/riksdagen-records-pdf/1919/prot-1919--fk--002.pdf,1919-01-17
https://pdf.swedeb.se/riksdagen-records-pdf/1919/prot-1919--fk--002.pdf,1919-01-20
https://pdf.swedeb.se/riksdagen-records-pdf/1919/prot-1919--fk--044.pdf,1919-05-24
https://pdf.swedeb.se/riksdagen-records-pdf/1919/prot-1919--fk--044.pdf,1919-05-26
https://pdf.swedeb.se/riksdagen-records-pdf/1919/prot-1919--fk--044.pdf,1919-05-27
https://pdf.swedeb.se/riksdagen-records-pdf/1919/prot-1919-urtima-ak--008.pdf,1919-09-27
https://pdf.swedeb.se/riksdagen-records-pdf/1919/prot-1919-urtima-fk--011.pdf,1919-10-09
https://pdf.swedeb.se/riksdagen-records-pdf/1919/prot-1919-urtima-fk--011.pdf,1919-10-10
https://pdf.swedeb.se/riksdagen-records-pdf/1919/prot-1919-urtima-fk--011.pdf,1919-10-11
https://pdf.swedeb.se/riksdagen-records-pdf/1919/prot-1919-urtima-fk--011.pdf,1919-11-15
https://pdf.swedeb.se/riksdagen-records-pdf/1920/prot-1920--ak--020.pdf,1920-02-24
https://pdf.swedeb.se/riksdagen-records-pdf/1920/prot-1920--ak--020.pdf,1920-02-25
https://pdf.swedeb.se/riksdagen-records-pdf/1920/prot-1920--ak--031.pdf,1920-03-17
https://pdf.swedeb.se/riksdagen-records-pdf/1920/prot-1920--ak--063.pdf,1920-05-20
https://pdf.swedeb.se/riksdagen-records-pdf/1920/prot-1920--ak--063.pdf,1920-05-21
https://pdf.swedeb.se/riksdagen-records-pdf/1920/prot-1920--fk--002.pdf,1920-01-13
https://pdf.swedeb.se/riksdagen-records-pdf/1920/prot-1920--fk--002.pdf,1920-01-14
https://pdf.swedeb.se/riksdagen-records-pdf/1920/prot-1920--fk--002.pdf,1920-01-15
https://pdf.swedeb.se/riksdagen-records-pdf/1920/prot-1920--fk--002.pdf,1920-01-16
https://pdf.swedeb.se/riksdagen-records-pdf/1920/prot-1920--fk--008.pdf,1920-02-01
https://pdf.swedeb.se/riksdagen-records-pdf/1920/prot-1920--fk--048.pdf,1920-05-15
https://pdf.swedeb.se/riksdagen-records-pdf/1921/prot-1921--ak--001.pdf,1921-01-10
https://pdf.swedeb.se/riksdagen-records-pdf/1921/prot-1921--ak--001.pdf,1921-01-11
https://pdf.swedeb.se/riksdagen-records-pdf/1921/prot-1921--ak--002.pdf,1921-01-12
https://pdf.swedeb.se/riksdagen-records-pdf/1921/prot-1921--ak--002.pdf,1921-01-14
https://pdf.swedeb.se/riksdagen-records-pdf/1921/prot-1921--ak--002.pdf,1921-01-15
https://pdf.swedeb.se/riksdagen-records-pdf/1921/prot-1921--ak--039.pdf,1921-05-06
https://pdf.swedeb.se/riksdagen-records-pdf/1921/prot-1921--ak--039.pdf,1921-05-07
https://pdf.swedeb.se/riksdagen-records-pdf/1921/prot-1921--fk--002.pdf,1921-01-14
https://pdf.swedeb.se/riksdagen-records-pdf/1921/prot-1921--fk--002.pdf,1921-01-15
https://pdf.swedeb.se/riksdagen-records-pdf/1921/prot-1921--fk--018.pdf,1921-03-16
https://pdf.swedeb.se/riksdagen-records-pdf/1921/prot-1921--fk--018.pdf,1921-03-17
https://pdf.swedeb.se/riksdagen-records-pdf/1921/prot-1921--fk--018.pdf,1921-03-22
https://pdf.swedeb.se/riksdagen-records-pdf/1921/prot-1921--fk--039.pdf,1921-05-27
https://pdf.swedeb.se/riksdagen-records-pdf/1922/prot-1922--ak--022.pdf,1922-03-23
https://pdf.swedeb.se/riksdagen-records-pdf/1922/prot-1922--ak--022.pdf,1922-03-24
https://pdf.swedeb.se/riksdagen-records-pdf/1922/prot-1922--ak--043.pdf,1922-05-24
https://pdf.swedeb.se/riksdagen-records-pdf/1922/prot-1922--ak--043.pdf,1922-05-26
https://pdf.swedeb.se/riksdagen-records-pdf/1922/prot-1922--ak--046.pdf,1922-05-29
https://pdf.swedeb.se/riksdagen-records-pdf/1922/prot-1922--fk--002.pdf,1922-01-16
https://pdf.swedeb.se/riksdagen-records-pdf/1922/prot-1922--fk--002.pdf,1922-01-17
https://pdf.swedeb.se/riksdagen-records-pdf/1922/prot-1922--fk--027.pdf,1922-04-26
https://pdf.swedeb.se/riksdagen-records-pdf/1922/prot-1922--fk--027.pdf,1922-04-28
https://pdf.swedeb.se/riksdagen-records-pdf/1922/prot-1922--fk--031.pdf,1922-05-10
https://pdf.swedeb.se/riksdagen-records-pdf/1922/prot-1922--fk--031.pdf,1922-05-12
https://pdf.swedeb.se/riksdagen-records-pdf/1923/prot-1923--ak--002.pdf,1923-01-15
https://pdf.swedeb.se/riksdagen-records-pdf/1923/prot-1923--ak--002.pdf,1923-01-16
https://pdf.swedeb.se/riksdagen-records-pdf/1923/prot-1923--ak--011.pdf,1923-02-16
https://pdf.swedeb.se/riksdagen-records-pdf/1923/prot-1923--ak--011.pdf,1923-02-17
https://pdf.swedeb.se/riksdagen-records-pdf/1923/prot-1923--ak--027.pdf,1923-04-21
https://pdf.swedeb.se/riksdagen-records-pdf/1923/prot-1923--fk--028.pdf,1923-04-21
https://pdf.swedeb.se/riksdagen-records-pdf/1923/prot-1923--fk--028.pdf,1923-04-24
https://pdf.swedeb.se/riksdagen-records-pdf/1923/prot-1923--fk--038.pdf,1923-05-23
https://pdf.swedeb.se/riksdagen-records-pdf/1923/prot-1923--fk--038.pdf,1923-05-24
https://pdf.swedeb.se/riksdagen-records-pdf/1923/prot-1923--fk--038.pdf,1923-05-25
https://pdf.swedeb.se/riksdagen-records-pdf/1923/prot-1923--fk--041.pdf,1923-05-28
https://pdf.swedeb.se/riksdagen-records-pdf/1923/prot-1923--fk--041.pdf,1923-05-29
https://pdf.swedeb.se/riksdagen-records-pdf/1924/prot-1924--ak--018.pdf,1924-03-08
https://pdf.swedeb.se/riksdagen-records-pdf/1924/prot-1924--ak--018.pdf,1924-03-11
https://pdf.swedeb.se/riksdagen-records-pdf/1924/prot-1924--ak--035.pdf,1924-05-14
https://pdf.swedeb.se/riksdagen-records-pdf/1924/prot-1924--ak--043.pdf,1924-06-03
https://pdf.swedeb.se/riksdagen-records-pdf/1924/prot-1924--ak--043.pdf,1924-06-04
https://pdf.swedeb.se/riksdagen-records-pdf/1924/prot-1924--fk--004.pdf,1924-01-19
https://pdf.swedeb.se/riksdagen-records-pdf/1924/prot-1924--fk--004.pdf,1924-01-21
https://pdf.swedeb.se/riksdagen-records-pdf/1924/prot-1924--fk--012.pdf,1924-02-16
https://pdf.swedeb.se/riksdagen-records-pdf/1924/prot-1924--fk--012.pdf,1924-02-19
https://pdf.swedeb.se/riksdagen-records-pdf/1924/prot-1924--fk--013.pdf,1924-02-20
https://pdf.swedeb.se/riksdagen-records-pdf/1924/prot-1924--fk--013.pdf,1924-02-21
https://pdf.swedeb.se/riksdagen-records-pdf/1924/prot-1924--fk--013.pdf,1924-02-22
https://pdf.swedeb.se/riksdagen-records-pdf/1925/prot-1925--ak--005.pdf,1925-01-21
https://pdf.swedeb.se/riksdagen-records-pdf/1925/prot-1925--ak--005.pdf,1925-01-22
https://pdf.swedeb.se/riksdagen-records-pdf/1925/prot-1925--ak--012.pdf,1925-02-17
https://pdf.swedeb.se/riksdagen-records-pdf/1925/prot-1925--ak--012.pdf,1925-02-18
https://pdf.swedeb.se/riksdagen-records-pdf/1925/prot-1925--ak--012.pdf,1925-02-20
https://pdf.swedeb.se/riksdagen-records-pdf/1925/prot-1925--ak--021.pdf,1925-03-18
https://pdf.swedeb.se/riksdagen-records-pdf/1925/prot-1925--ak--021.pdf,1925-03-20
https://pdf.swedeb.se/riksdagen-records-pdf/1925/prot-1925--fk--020.pdf,1925-03-21
https://pdf.swedeb.se/riksdagen-records-pdf/1925/prot-1925--fk--020.pdf,1925-03-23
https://pdf.swedeb.se/riksdagen-records-pdf/1925/prot-1925--fk--020.pdf,1925-03-26
https://pdf.swedeb.se/riksdagen-records-pdf/1925/prot-1925--fk--020.pdf,1925-03-27
https://pdf.swedeb.se/riksdagen-records-pdf/1925/prot-1925--fk--033.pdf,1925-05-20
https://pdf.swedeb.se/riksdagen-records-pdf/1925/prot-1925--fk--041.pdf,1925-06-02
https://pdf.swedeb.se/riksdagen-records-pdf/1925/prot-1925--fk--041.pdf,1925-06-03
https://pdf.swedeb.se/riksdagen-records-pdf/1925/prot-1925--fk--041.pdf,1925-06-04
https://pdf.swedeb.se/riksdagen-records-pdf/1926/prot-1926--ak--022.pdf,1926-03-24
https://pdf.swedeb.se/riksdagen-records-pdf/1926/prot-1926--ak--038.pdf,1926-05-20
https://pdf.swedeb.se/riksdagen-records-pdf/1926/prot-1926--ak--039.pdf,1926-05-21
https://pdf.swedeb.se/riksdagen-records-pdf/1926/prot-1926--fk--022.pdf,1926-03-24
https://pdf.swedeb.se/riksdagen-records-pdf/1926/prot-1926--fk--029.pdf,1926-04-27
https://pdf.swedeb.se/riksdagen-records-pdf/1926/prot-1926--fk--043.pdf,1926-06-05
https://pdf.swedeb.se/riksdagen-records-pdf/1926/prot-1926--fk--043.pdf,1926-06-07
https://pdf.swedeb.se/riksdagen-records-pdf/1926/prot-1926--fk--043.pdf,1926-06-08
https://pdf.swedeb.se/riksdagen-records-pdf/1926/prot-1926--fk--043.pdf,1926-06-09
https://pdf.swedeb.se/riksdagen-records-pdf/1926/prot-1926--fk--043.pdf,1926-06-10
https://pdf.swedeb.se/riksdagen-records-pdf/1927/prot-1927--ak--010.pdf,1927-02-25
https://pdf.swedeb.se/riksdagen-records-pdf/1927/prot-1927--ak--010.pdf,1927-02-26
https://pdf.swedeb.se/riksdagen-records-pdf/1927/prot-1927--ak--027.pdf,1927-05-03
https://pdf.swedeb.se/riksdagen-records-pdf/1927/prot-1927--ak--030.pdf,1927-05-11
https://pdf.swedeb.se/riksdagen-records-pdf/1927/prot-1927--ak--030.pdf,1927-05-13
https://pdf.swedeb.se/riksdagen-records-pdf/1927/prot-1927--fk--003.pdf,1927-01-17
https://pdf.swedeb.se/riksdagen-records-pdf/1927/prot-1927--fk--003.pdf,1927-01-19
https://pdf.swedeb.se/riksdagen-records-pdf/1927/prot-1927--fk--003.pdf,1927-01-20
https://pdf.swedeb.se/riksdagen-records-pdf/1927/prot-1927--fk--003.pdf,1927-01-21
https://pdf.swedeb.se/riksdagen-records-pdf/1927/prot-1927--fk--014.pdf,1927-03-12
https://pdf.swedeb.se/riksdagen-records-pdf/1927/prot-1927--fk--014.pdf,1927-03-15
https://pdf.swedeb.se/riksdagen-records-pdf/1927/prot-1927--fk--021.pdf,1927-04-06
https://pdf.swedeb.se/riksdagen-records-pdf/1927/prot-1927--fk--021.pdf,1927-04-08
https://pdf.swedeb.se/riksdagen-records-pdf/1928/prot-1928--ak--009.pdf,1928-02-10
https://pdf.swedeb.se/riksdagen-records-pdf/1928/prot-1928--ak--009.pdf,1928-02-11
https://pdf.swedeb.se/riksdagen-records-pdf/1928/prot-1928--ak--020.pdf,1928-03-24
https://pdf.swedeb.se/riksdagen-records-pdf/1928/prot-1928--ak--022.pdf,1928-03-28
https://pdf.swedeb.se/riksdagen-records-pdf/1928/prot-1928--ak--022.pdf,1928-03-31
https://pdf.swedeb.se/riksdagen-records-pdf/1928/prot-1928--fk--011.pdf,1928-02-18
https://pdf.swedeb.se/riksdagen-records-pdf/1928/prot-1928--fk--011.pdf,1928-02-20
https://pdf.swedeb.se/riksdagen-records-pdf/1928/prot-1928--fk--020.pdf,1928-03-20
https://pdf.swedeb.se/riksdagen-records-pdf/1928/prot-1928--fk--020.pdf,1928-03-21
https://pdf.swedeb.se/riksdagen-records-pdf/1928/prot-1928--fk--039.pdf,1928-06-01
https://pdf.swedeb.se/riksdagen-records-pdf/1928/prot-1928--fk--039.pdf,1928-06-02
https://pdf.swedeb.se/riksdagen-records-pdf/1929/prot-1929--ak--016.pdf,1929-03-05
https://pdf.swedeb.se/riksdagen-records-pdf/1929/prot-1929--ak--016.pdf,1929-03-06
https://pdf.swedeb.se/riksdagen-records-pdf/1929/prot-1929--ak--019.pdf,1929-03-15
https://pdf.swedeb.se/riksdagen-records-pdf/1929/prot-1929--ak--019.pdf,1929-03-16
https://pdf.swedeb.se/riksdagen-records-pdf/1929/prot-1929--ak--027.pdf,1929-04-16
https://pdf.swedeb.se/riksdagen-records-pdf/1929/prot-1929--fk--001.pdf,1929-01-10
https://pdf.swedeb.se/riksdagen-records-pdf/1929/prot-1929--fk--001.pdf,1929-01-11
https://pdf.swedeb.se/riksdagen-records-pdf/1929/prot-1929--fk--001.pdf,1929-01-12
https://pdf.swedeb.se/riksdagen-records-pdf/1929/prot-1929--fk--014.pdf,1929-03-09
https://pdf.swedeb.se/riksdagen-records-pdf/1929/prot-1929--fk--014.pdf,1929-03-12
https://pdf.swedeb.se/riksdagen-records-pdf/1929/prot-1929--fk--036.pdf,1929-06-01
https://pdf.swedeb.se/riksdagen-records-pdf/1930/prot-1930--ak--005.pdf,1930-01-20
https://pdf.swedeb.se/riksdagen-records-pdf/1930/prot-1930--ak--005.pdf,1930-01-21
https://pdf.swedeb.se/riksdagen-records-pdf/1930/prot-1930--ak--009.pdf,1930-02-11
https://pdf.swedeb.se/riksdagen-records-pdf/1930/prot-1930--ak--009.pdf,1930-02-12
https://pdf.swedeb.se/riksdagen-records-pdf/1930/prot-1930--ak--009.pdf,1930-02-14
https://pdf.swedeb.se/riksdagen-records-pdf/1930/prot-1930--ak--020.pdf,1930-03-21
https://pdf.swedeb.se/riksdagen-records-pdf/1930/prot-1930--ak--020.pdf,1930-03-22
https://pdf.swedeb.se/riksdagen-records-pdf/1930/prot-1930--fk--009.pdf,1930-02-15
https://pdf.swedeb.se/riksdagen-records-pdf/1930/prot-1930--fk--009.pdf,1930-02-18
https://pdf.swedeb.se/riksdagen-records-pdf/1930/prot-1930--fk--020.pdf,1930-03-26
https://pdf.swedeb.se/riksdagen-records-pdf/1930/prot-1930--fk--026.pdf,1930-04-26
https://pdf.swedeb.se/riksdagen-records-pdf/1931/prot-1931--ak--005.pdf,1931-01-21
https://pdf.swedeb.se/riksdagen-records-pdf/1931/prot-1931--ak--005.pdf,1931-01-22
https://pdf.swedeb.se/riksdagen-records-pdf/1931/prot-1931--ak--040.pdf,1931-05-20
https://pdf.swedeb.se/riksdagen-records-pdf/1931/prot-1931--ak--043.pdf,1931-05-27
https://pdf.swedeb.se/riksdagen-records-pdf/1931/prot-1931--fk--008.pdf,1931-01-31
https://pdf.swedeb.se/riksdagen-records-pdf/1931/prot-1931--fk--008.pdf,1931-02-01
https://pdf.swedeb.se/riksdagen-records-pdf/1931/prot-1931--fk--010.pdf,1931-02-07
https://pdf.swedeb.se/riksdagen-records-pdf/1931/prot-1931--fk--010.pdf,1931-02-10
https://pdf.swedeb.se/riksdagen-records-pdf/1931/prot-1931--fk--016.pdf,1931-03-03
https://pdf.swedeb.se/riksdagen-records-pdf/1931/prot-1931--fk--016.pdf,1931-03-04
https://pdf.swedeb.se/riksdagen-records-pdf/1931/prot-1931--fk--016.pdf,1931-03-06
https://pdf.swedeb.se/riksdagen-records-pdf/1932/prot-1932--ak--028.pdf,1932-04-02
https://pdf.swedeb.se/riksdagen-records-pdf/1932/prot-1932--ak--031.pdf,1932-04-06
https://pdf.swedeb.se/riksdagen-records-pdf/1932/prot-1932--ak--051.pdf,1932-05-30
https://pdf.swedeb.se/riksdagen-records-pdf/1932/prot-1932--ak--051.pdf,1932-05-31
https://pdf.swedeb.se/riksdagen-records-pdf/1932/prot-1932--fk--014.pdf,1932-02-24
https://pdf.swedeb.se/riksdagen-records-pdf/1932/prot-1932--fk--032.pdf,1932-05-04
https://pdf.swedeb.se/riksdagen-records-pdf/1932/prot-1932--fk--032.pdf,1932-05-06
https://pdf.swedeb.se/riksdagen-records-pdf/1932/prot-1932--fk--040.pdf,1932-05-28
https://pdf.swedeb.se/riksdagen-records-pdf/1933/prot-1933--ak--005.pdf,1933-01-19
https://pdf.swedeb.se/riksdagen-records-pdf/1933/prot-1933--ak--005.pdf,1933-01-21
https://pdf.swedeb.se/riksdagen-records-pdf/1933/prot-1933--ak--027.pdf,1933-03-28
https://pdf.swedeb.se/riksdagen-records-pdf/1933/prot-1933--ak--030.pdf,1933-04-04
https://pdf.swedeb.se/riksdagen-records-pdf/1933/prot-1933--ak--030.pdf,1933-04-05
https://pdf.swedeb.se/riksdagen-records-pdf/1933/prot-1933--fk--019.pdf,1933-03-10
https://pdf.swedeb.se/riksdagen-records-pdf/1933/prot-1933--fk--019.pdf,1933-03-11
https://pdf.swedeb.se/riksdagen-records-pdf/1933/prot-1933--fk--019.pdf,1933-03-12
https://pdf.swedeb.se/riksdagen-records-pdf/1933/prot-1933--fk--021.pdf,1933-03-15
https://pdf.swedeb.se/riksdagen-records-pdf/1933/prot-1933--fk--021.pdf,1933-03-17
https://pdf.swedeb.se/riksdagen-records-pdf/1933/prot-1933--fk--029.pdf,1933-04-20
https://pdf.swedeb.se/riksdagen-records-pdf/1934/prot-1934--ak--018.pdf,1934-03-12
https://pdf.swedeb.se/riksdagen-records-pdf/1934/prot-1934--ak--018.pdf,1934-03-14
https://pdf.swedeb.se/riksdagen-records-pdf/1934/prot-1934--ak--018.pdf,1934-03-16
https://pdf.swedeb.se/riksdagen-records-pdf/1934/prot-1934--ak--031.pdf,1934-05-02
https://pdf.swedeb.se/riksdagen-records-pdf/1934/prot-1934--ak--046.pdf,1934-06-09
https://pdf.swedeb.se/riksdagen-records-pdf/1934/prot-1934--fk--005.pdf,1934-01-27
https://pdf.swedeb.se/riksdagen-records-pdf/1934/prot-1934--fk--005.pdf,1934-01-30
https://pdf.swedeb.se/riksdagen-records-pdf/1934/prot-1934--fk--005.pdf,1934-01-31
https://pdf.swedeb.se/riksdagen-records-pdf/1934/prot-1934--fk--007.pdf,1934-02-07
https://pdf.swedeb.se/riksdagen-records-pdf/1934/prot-1934--fk--007.pdf,1934-02-09
https://pdf.swedeb.se/riksdagen-records-pdf/1934/prot-1934--fk--040.pdf,1934-06-02
https://pdf.swedeb.se/riksdagen-records-pdf/1934/prot-1934--fk--040.pdf,1934-06-05
https://pdf.swedeb.se/riksdagen-records-pdf/1935/prot-1935--ak--008.pdf,1935-01-30
https://pdf.swedeb.se/riksdagen-records-pdf/1935/prot-1935--ak--008.pdf,1935-02-04
https://pdf.swedeb.se/riksdagen-records-pdf/1935/prot-1935--ak--024.pdf,1935-04-02
https://pdf.swedeb.se/riksdagen-records-pdf/1935/prot-1935--ak--024.pdf,1935-04-03
https://pdf.swedeb.se/riksdagen-records-pdf/1935/prot-1935--ak--036.pdf,1935-05-25
https://pdf.swedeb.se/riksdagen-records-pdf/1935/prot-1935--fk--006.pdf,1935-02-04
https://pdf.swedeb.se/riksdagen-records-pdf/1935/prot-1935--fk--006.pdf,1935-02-05
https://pdf.swedeb.se/riksdagen-records-pdf/1935/prot-1935--fk--026.pdf,1935-04-25
https://pdf.swedeb.se/riksdagen-records-pdf/1935/prot-1935--fk--026.pdf,1935-04-26
https://pdf.swedeb.se/riksdagen-records-pdf/1935/prot-1935--fk--026.pdf,1935-04-27
https://pdf.swedeb.se/riksdagen-records-pdf/1935/prot-1935--fk--041.pdf,1935-06-07
https://pdf.swedeb.se/riksdagen-records-pdf/1936/prot-1936--ak--035.pdf,1936-05-22
https://pdf.swedeb.se/riksdagen-records-pdf/1936/prot-1936--ak--035.pdf,1936-05-23
https://pdf.swedeb.se/riksdagen-records-pdf/1936/prot-1936--ak--041.pdf,1936-06-08
https://pdf.swedeb.se/riksdagen-records-pdf/1936/prot-1936--ak--041.pdf,1936-06-09
https://pdf.swedeb.se/riksdagen-records-pdf/1936/prot-1936--ak--046.pdf,1936-06-16
https://pdf.swedeb.se/riksdagen-records-pdf/1936/prot-1936--fk--014.pdf,1936-03-04
https://pdf.swedeb.se/riksdagen-records-pdf/1936/prot-1936--fk--014.pdf,1936-03-06
https://pdf.swedeb.se/riksdagen-records-pdf/1936/prot-1936--fk--018.pdf,1936-03-18
https://pdf.swedeb.se/riksdagen-records-pdf/1936/prot-1936--fk--018.pdf,1936-03-20
https://pdf.swedeb.se/riksdagen-records-pdf/1936/prot-1936--fk--019.pdf,1936-03-21
https://pdf.swedeb.se/riksdagen-records-pdf/1936/prot-1936--fk--019.pdf,1936-03-26
https://pdf.swedeb.se/riksdagen-records-pdf/1937/prot-1937--ak--011.pdf,1937-02-16
https://pdf.swedeb.se/riksdagen-records-pdf/1937/prot-1937--ak--011.pdf,1937-02-17
https://pdf.swedeb.se/riksdagen-records-pdf/1937/prot-1937--ak--035.pdf,1937-05-25
https://pdf.swedeb.se/riksdagen-records-pdf/1937/prot-1937--ak--035.pdf,1937-05-26
https://pdf.swedeb.se/riksdagen-records-pdf/1937/prot-1937--ak--038.pdf,1937-06-01
https://pdf.swedeb.se/riksdagen-records-pdf/1937/prot-1937--fk--025.pdf,1937-04-17
https://pdf.swedeb.se/riksdagen-records-pdf/1937/prot-1937--fk--025.pdf,1937-04-20
https://pdf.swedeb.se/riksdagen-records-pdf/1937/prot-1937--fk--030.pdf,1937-05-08
https://pdf.swedeb.se/riksdagen-records-pdf/1937/prot-1937--fk--030.pdf,1937-05-11
https://pdf.swedeb.se/riksdagen-records-pdf/1937/prot-1937--fk--037.pdf,1937-05-29
https://pdf.swedeb.se/riksdagen-records-pdf/1938/prot-1938--ak--020.pdf,1938-03-16
https://pdf.swedeb.se/riksdagen-records-pdf/1938/prot-1938--ak--022.pdf,1938-03-22
https://pdf.swedeb.se/riksdagen-records-pdf/1938/prot-1938--ak--022.pdf,1938-03-23
https://pdf.swedeb.se/riksdagen-records-pdf/1938/prot-1938--ak--040.pdf,1938-05-30
https://pdf.swedeb.se/riksdagen-records-pdf/1938/prot-1938--ak--040.pdf,1938-05-31
https://pdf.swedeb.se/riksdagen-records-pdf/1938/prot-1938--fk--016.pdf,1938-03-02
https://pdf.swedeb.se/riksdagen-records-pdf/1938/prot-1938--fk--026.pdf,1938-04-05
https://pdf.swedeb.se/riksdagen-records-pdf/1938/prot-1938--fk--026.pdf,1938-04-06
https://pdf.swedeb.se/riksdagen-records-pdf/1938/prot-1938--fk--026.pdf,1938-04-08
https://pdf.swedeb.se/riksdagen-records-pdf/1938/prot-1938--fk--036.pdf,1938-05-21
https://pdf.swedeb.se/riksdagen-records-pdf/1938/prot-1938--fk--036.pdf,1938-05-24
https://pdf.swedeb.se/riksdagen-records-pdf/1939/prot-1939--ak--027.pdf,1939-04-29
https://pdf.swedeb.se/riksdagen-records-pdf/1939/prot-1939--ak--027.pdf,1939-05-02
https://pdf.swedeb.se/riksdagen-records-pdf/1939/prot-1939--ak--027.pdf,1939-05-03
https://pdf.swedeb.se/riksdagen-records-pdf/1939/prot-1939--ak--035.pdf,1939-06-02
https://pdf.swedeb.se/riksdagen-records-pdf/1939/prot-1939--fk--003.pdf,1939-01-16
https://pdf.swedeb.se/riksdagen-records-pdf/1939/prot-1939--fk--003.pdf,1939-01-17
https://pdf.swedeb.se/riksdagen-records-pdf/1939/prot-1939--fk--030.pdf,1939-05-13
https://pdf.swedeb.se/riksdagen-records-pdf/1939/prot-1939--fk--030.pdf,1939-05-16
https://pdf.swedeb.se/riksdagen-records-pdf/1939/prot-1939-urtima-ak--018.pdf,1939-11-14
https://pdf.swedeb.se/riksdagen-records-pdf/1939/prot-1939-urtima-ak--018.pdf,1939-11-15
https://pdf.swedeb.se/riksdagen-records-pdf/1939/prot-1939-urtima-fk--024.pdf,1939-12-06
https://pdf.swedeb.se/riksdagen-records-pdf/1939/prot-1939-urtima-fk--024.pdf,1939-12-08
https://pdf.swedeb.se/riksdagen-records-pdf/1940/prot-1940--ak--026.pdf,1940-04-24
https://pdf.swedeb.se/riksdagen-records-pdf/1940/prot-1940--ak--026.pdf,1940-04-26
https://pdf.swedeb.se/riksdagen-records-pdf/1940/prot-1940--ak--028.pdf,1940-04-30
https://pdf.swedeb.se/riksdagen-records-pdf/1940/prot-1940--ak--028.pdf,1940-05-03
https://pdf.swedeb.se/riksdagen-records-pdf/1940/prot-1940--ak--044.pdf,1940-07-13
https://pdf.swedeb.se/riksdagen-records-pdf/1940/prot-1940--ak--044.pdf,1940-07-31
https://pdf.swedeb.se/riksdagen-records-pdf/1940/prot-1940--fk--012.pdf,1940-02-25
https://pdf.swedeb.se/riksdagen-records-pdf/1940/prot-1940--fk--038.pdf,1940-06-15
https://pdf.swedeb.se/riksdagen-records-pdf/1940/prot-1940-urtima-fk--022.pdf,1940-12-30
https://pdf.swedeb.se/riksdagen-records-pdf/1941/prot-1941--ak--013.pdf,1941-03-05
https://pdf.swedeb.se/riksdagen-records-pdf/1941/prot-1941--ak--047.pdf,1941-11-15
https://pdf.swedeb.se/riksdagen-records-pdf/1941/prot-1941--ak--047.pdf,1941-11-18
https://pdf.swedeb.se/riksdagen-records-pdf/1941/prot-1941--ak--047.pdf,1941-11-19
https://pdf.swedeb.se/riksdagen-records-pdf/1941/prot-1941--ak--050.pdf,1941-12-03
https://pdf.swedeb.se/riksdagen-records-pdf/1941/prot-1941--ak--050.pdf,1941-12-06
https://pdf.swedeb.se/riksdagen-records-pdf/1941/prot-1941--ak--050.pdf,1941-12-09
https://pdf.swedeb.se/riksdagen-records-pdf/1941/prot-1941--ak--050.pdf,1941-12-10
https://pdf.swedeb.se/riksdagen-records-pdf/1941/prot-1941--fk--008.pdf,1941-02-08
https://pdf.swedeb.se/riksdagen-records-pdf/1941/prot-1941--fk--008.pdf,1941-02-11
https://pdf.swedeb.se/riksdagen-records-pdf/1941/prot-1941--fk--008.pdf,1941-02-12
https://pdf.swedeb.se/riksdagen-records-pdf/1941/prot-1941--fk--008.pdf,1941-02-15
https://pdf.swedeb.se/riksdagen-records-pdf/1941/prot-1941--fk--036.pdf,1941-06-07
https://pdf.swedeb.se/riksdagen-records-pdf/1941/prot-1941--fk--049.pdf,1941-11-30
https://pdf.swedeb.se/riksdagen-records-pdf/1941/prot-1941--fk--049.pdf,1941-12-03
https://pdf.swedeb.se/riksdagen-records-pdf/1942/prot-1942--ak--006.pdf,1942-02-03
https://pdf.swedeb.se/riksdagen-records-pdf/1942/prot-1942--ak--006.pdf,1942-02-04
https://pdf.swedeb.se/riksdagen-records-pdf/1942/prot-1942--ak--006.pdf,1942-02-07
https://pdf.swedeb.se/riksdagen-records-pdf/1942/prot-1942--ak--008.pdf,1942-02-17
https://pdf.swedeb.se/riksdagen-records-pdf/1942/prot-1942--ak--008.pdf,1942-02-18
https://pdf.swedeb.se/riksdagen-records-pdf/1942/prot-1942--ak--008.pdf,1942-02-21
https://pdf.swedeb.se/riksdagen-records-pdf/1942/prot-1942--ak--018.pdf,1942-05-12
https://pdf.swedeb.se/riksdagen-records-pdf/1942/prot-1942--ak--018.pdf,1942-05-13
https://pdf.swedeb.se/riksdagen-records-pdf/1942/prot-1942--ak--018.pdf,1942-05-16
https://pdf.swedeb.se/riksdagen-records-pdf/1942/prot-1942--fk--003.pdf,1942-01-17
https://pdf.swedeb.se/riksdagen-records-pdf/1942/prot-1942--fk--005.pdf,1942-01-28
https://pdf.swedeb.se/riksdagen-records-pdf/1942/prot-1942--fk--005.pdf,1942-01-31
https://pdf.swedeb.se/riksdagen-records-pdf/1942/prot-1942--fk--016.pdf,1942-04-25
https://pdf.swedeb.se/riksdagen-records-pdf/1942/prot-1942--fk--016.pdf,1942-04-28
https://pdf.swedeb.se/riksdagen-records-pdf/1942/prot-1942--fk--016.pdf,1942-04-29
https://pdf.swedeb.se/riksdagen-records-pdf/1943/prot-1943--ak--006.pdf,1943-02-13
https://pdf.swedeb.se/riksdagen-records-pdf/1943/prot-1943--ak--006.pdf,1943-02-16
https://pdf.swedeb.se/riksdagen-records-pdf/1943/prot-1943--ak--006.pdf,1943-02-17
https://pdf.swedeb.se/riksdagen-records-pdf/1943/prot-1943--ak--006.pdf,1943-02-20
https://pdf.swedeb.se/riksdagen-records-pdf/1943/prot-1943--ak--017.pdf,1943-05-15
https://pdf.swedeb.se/riksdagen-records-pdf/1943/prot-1943--ak--017.pdf,1943-05-18
https://pdf.swedeb.se/riksdagen-records-pdf/1943/prot-1943--ak--017.pdf,1943-05-19
https://pdf.swedeb.se/riksdagen-records-pdf/1943/prot-1943--ak--018.pdf,1943-05-21
https://pdf.swedeb.se/riksdagen-records-pdf/1943/prot-1943--ak--018.pdf,1943-05-22
https://pdf.swedeb.se/riksdagen-records-pdf/1943/prot-1943--fk--007.pdf,1943-02-23
https://pdf.swedeb.se/riksdagen-records-pdf/1943/prot-1943--fk--007.pdf,1943-02-24
https://pdf.swedeb.se/riksdagen-records-pdf/1943/prot-1943--fk--007.pdf,1943-02-27
https://pdf.swedeb.se/riksdagen-records-pdf/1943/prot-1943--fk--022.pdf,1943-06-04
https://pdf.swedeb.se/riksdagen-records-pdf/1943/prot-1943--fk--022.pdf,1943-06-05
https://pdf.swedeb.se/riksdagen-records-pdf/1943/prot-1943--fk--022.pdf,1943-06-08
https://pdf.swedeb.se/riksdagen-records-pdf/1943/prot-1943--fk--033.pdf,1943-11-30
https://pdf.swedeb.se/riksdagen-records-pdf/1943/prot-1943--fk--033.pdf,1943-12-01
https://pdf.swedeb.se/riksdagen-records-pdf/1944/prot-1944--ak--008.pdf,1944-02-29
https://pdf.swedeb.se/riksdagen-records-pdf/1944/prot-1944--ak--008.pdf,1944-03-01
https://pdf.swedeb.se/riksdagen-records-pdf/1944/prot-1944--ak--008.pdf,1944-03-04
https://pdf.swedeb.se/riksdagen-records-pdf/1944/prot-1944--ak--023.pdf,1944-06-09
https://pdf.swedeb.se/riksdagen-records-pdf/1944/prot-1944--ak--023.pdf,1944-06-10
https://pdf.swedeb.se/riksdagen-records-pdf/1944/prot-1944--ak--023.pdf,1944-06-13
https://pdf.swedeb.se/riksdagen-records-pdf/1944/prot-1944--ak--029.pdf,1944-11-01
https://pdf.swedeb.se/riksdagen-records-pdf/1944/prot-1944--ak--029.pdf,1944-11-04
https://pdf.swedeb.se/riksdagen-records-pdf/1944/prot-1944--fk--021.pdf,1944-06-03
https://pdf.swedeb.se/riksdagen-records-pdf/1944/prot-1944--fk--021.pdf,1944-06-06
https://pdf.swedeb.se/riksdagen-records-pdf/1944/prot-1944--fk--022.pdf,1944-06-07
https://pdf.swedeb.se/riksdagen-records-pdf/1944/prot-1944--fk--022.pdf,1944-06-09
https://pdf.swedeb.se/riksdagen-records-pdf/1944/prot-1944--fk--029.pdf,1944-11-01
https://pdf.swedeb.se/riksdagen-records-pdf/1944/prot-1944--fk--029.pdf,1944-11-04
https://pdf.swedeb.se/riksdagen-records-pdf/1945/prot-1945--ak--016.pdf,1945-04-14
https://pdf.swedeb.se/riksdagen-records-pdf/1945/prot-1945--ak--016.pdf,1945-04-17
https://pdf.swedeb.se/riksdagen-records-pdf/1945/prot-1945--ak--016.pdf,1945-04-18
https://pdf.swedeb.se/riksdagen-records-pdf/1945/prot-1945--ak--035.pdf,1945-10-31
https://pdf.swedeb.se/riksdagen-records-pdf/1945/prot-1945--ak--035.pdf,1945-11-03
https://pdf.swedeb.se/riksdagen-records-pdf/1945/prot-1945--ak--036.pdf,1945-11-06
https://pdf.swedeb.se/riksdagen-records-pdf/1945/prot-1945--ak--036.pdf,1945-11-10
https://pdf.swedeb.se/riksdagen-records-pdf/1945/prot-1945--ak--036.pdf,1945-11-13
https://pdf.swedeb.se/riksdagen-records-pdf/1945/prot-1945--ak--036.pdf,1945-11-14
https://pdf.swedeb.se/riksdagen-records-pdf/1945/prot-1945--fk--010.pdf,1945-02-27
https://pdf.swedeb.se/riksdagen-records-pdf/1945/prot-1945--fk--010.pdf,1945-02-28
https://pdf.swedeb.se/riksdagen-records-pdf/1945/prot-1945--fk--013.pdf,1945-03-19
https://pdf.swedeb.se/riksdagen-records-pdf/1945/prot-1945--fk--013.pdf,1945-03-20
https://pdf.swedeb.se/riksdagen-records-pdf/1945/prot-1945--fk--013.pdf,1945-03-21
https://pdf.swedeb.se/riksdagen-records-pdf/1945/prot-1945--fk--039.pdf,1945-12-11
https://pdf.swedeb.se/riksdagen-records-pdf/1945/prot-1945--fk--039.pdf,1945-12-12
https://pdf.swedeb.se/riksdagen-records-pdf/1945/prot-1945--fk--039.pdf,1945-12-14
https://pdf.swedeb.se/riksdagen-records-pdf/1946/prot-1946--ak--022.pdf,1946-05-25
https://pdf.swedeb.se/riksdagen-records-pdf/1946/prot-1946--ak--022.pdf,1946-05-28
https://pdf.swedeb.se/riksdagen-records-pdf/1946/prot-1946--ak--022.pdf,1946-05-29
https://pdf.swedeb.se/riksdagen-records-pdf/1946/prot-1946--ak--038.pdf,1946-11-23
https://pdf.swedeb.se/riksdagen-records-pdf/1946/prot-1946--ak--038.pdf,1946-11-26
https://pdf.swedeb.se/riksdagen-records-pdf/1946/prot-1946--ak--038.pdf,1946-11-27
https://pdf.swedeb.se/riksdagen-records-pdf/1946/prot-1946--ak--043.pdf,1946-12-19
https://pdf.swedeb.se/riksdagen-records-pdf/1946/prot-1946--ak--043.pdf,1946-12-28
https://pdf.swedeb.se/riksdagen-records-pdf/1946/prot-1946--fk--005.pdf,1946-01-29
https://pdf.swedeb.se/riksdagen-records-pdf/1946/prot-1946--fk--005.pdf,1946-01-30
https://pdf.swedeb.se/riksdagen-records-pdf/1946/prot-1946--fk--005.pdf,1946-02-02
https://pdf.swedeb.se/riksdagen-records-pdf/1946/prot-1946--fk--025.pdf,1946-06-19
https://pdf.swedeb.se/riksdagen-records-pdf/1946/prot-1946--fk--039.pdf,1946-11-30
https://pdf.swedeb.se/riksdagen-records-pdf/1946/prot-1946--fk--039.pdf,1946-12-03
https://pdf.swedeb.se/riksdagen-records-pdf/1946/prot-1946--fk--039.pdf,1946-12-04
https://pdf.swedeb.se/riksdagen-records-pdf/1947/prot-1947--ak--002.pdf,1947-01-17
https://pdf.swedeb.se/riksdagen-records-pdf/1947/prot-1947--ak--016.pdf,1947-04-12
https://pdf.swedeb.se/riksdagen-records-pdf/1947/prot-1947--ak--016.pdf,1947-04-15
https://pdf.swedeb.se/riksdagen-records-pdf/1947/prot-1947--ak--016.pdf,1947-04-16
https://pdf.swedeb.se/riksdagen-records-pdf/1947/prot-1947--ak--037.pdf,1947-12-09
https://pdf.swedeb.se/riksdagen-records-pdf/1947/prot-1947--fk--006.pdf,1947-02-04
https://pdf.swedeb.se/riksdagen-records-pdf/1947/prot-1947--fk--006.pdf,1947-02-05
https://pdf.swedeb.se/riksdagen-records-pdf/1947/prot-1947--fk--006.pdf,1947-02-08
https://pdf.swedeb.se/riksdagen-records-pdf/1947/prot-1947--fk--032.pdf,1947-07-02
https://pdf.swedeb.se/riksdagen-records-pdf/1947/prot-1947--fk--032.pdf,1947-07-05
https://pdf.swedeb.se/riksdagen-records-pdf/1947/prot-1947--fk--035.pdf,1947-07-12
https://pdf.swedeb.se/riksdagen-records-pdf/1947/prot-1947--fk--035.pdf,1947-07-14
https://pdf.swedeb.se/riksdagen-records-pdf/1947/prot-1947--fk--035.pdf,1947-07-15
https://pdf.swedeb.se/riksdagen-records-pdf/1948/prot-1948--ak--021.pdf,1948-05-22
https://pdf.swedeb.se/riksdagen-records-pdf/1948/prot-1948--ak--021.pdf,1948-05-25
https://pdf.swedeb.se/riksdagen-records-pdf/1948/prot-1948--ak--021.pdf,1948-05-26
https://pdf.swedeb.se/riksdagen-records-pdf/1948/prot-1948--ak--033.pdf,1948-10-18
https://pdf.swedeb.se/riksdagen-records-pdf/1948/prot-1948--ak--033.pdf,1948-10-20
https://pdf.swedeb.se/riksdagen-records-pdf/1948/prot-1948--ak--038.pdf,1948-11-27
https://pdf.swedeb.se/riksdagen-records-pdf/1948/prot-1948--ak--038.pdf,1948-11-30
https://pdf.swedeb.se/riksdagen-records-pdf/1948/prot-1948--ak--038.pdf,1948-12-01
https://pdf.swedeb.se/riksdagen-records-pdf/1948/prot-1948--fk--002.pdf,1948-01-19
https://pdf.swedeb.se/riksdagen-records-pdf/1948/prot-1948--fk--004.pdf,1948-01-24
https://pdf.swedeb.se/riksdagen-records-pdf/1948/prot-1948--fk--004.pdf,1948-01-26
https://pdf.swedeb.se/riksdagen-records-pdf/1948/prot-1948--fk--004.pdf,1948-01-27
https://pdf.swedeb.se/riksdagen-records-pdf/1948/prot-1948--fk--004.pdf,1948-01-28
https://pdf.swedeb.se/riksdagen-records-pdf/1948/prot-1948--fk--024.pdf,1948-06-12
https://pdf.swedeb.se/riksdagen-records-pdf/1948/prot-1948--fk--024.pdf,1948-06-15
https://pdf.swedeb.se/riksdagen-records-pdf/1948/prot-1948--fk--024.pdf,1948-06-17
https://pdf.swedeb.se/riksdagen-records-pdf/1948/prot-1948--fk--024.pdf,1948-06-18
https://pdf.swedeb.se/riksdagen-records-pdf/1949/prot-1949--ak--012.pdf,1949-03-26
https://pdf.swedeb.se/riksdagen-records-pdf/1949/prot-1949--ak--012.pdf,1949-03-29
https://pdf.swedeb.se/riksdagen-records-pdf/1949/prot-1949--ak--012.pdf,1949-03-30
https://pdf.swedeb.se/riksdagen-records-pdf/1949/prot-1949--ak--026.pdf,1949-11-02
https://pdf.swedeb.se/riksdagen-records-pdf/1949/prot-1949--ak--026.pdf,1949-11-04
https://pdf.swedeb.se/riksdagen-records-pdf/1949/prot-1949--ak--026.pdf,1949-11-05
https://pdf.swedeb.se/riksdagen-records-pdf/1949/prot-1949--ak--026.pdf,1949-11-09
https://pdf.swedeb.se/riksdagen-records-pdf/1949/prot-1949--ak--030.pdf,1949-12-02
https://pdf.swedeb.se/riksdagen-records-pdf/1949/prot-1949--ak--030.pdf,1949-12-03
https://pdf.swedeb.se/riksdagen-records-pdf/1949/prot-1949--fk--010.pdf,1949-03-12
https://pdf.swedeb.se/riksdagen-records-pdf/1949/prot-1949--fk--010.pdf,1949-03-15
https://pdf.swedeb.se/riksdagen-records-pdf/1949/prot-1949--fk--010.pdf,1949-03-16
https://pdf.swedeb.se/riksdagen-records-pdf/1949/prot-1949--fk--012.pdf,1949-03-26
https://pdf.swedeb.se/riksdagen-records-pdf/1949/prot-1949--fk--012.pdf,1949-03-29
https://pdf.swedeb.se/riksdagen-records-pdf/1949/prot-1949--fk--012.pdf,1949-03-30
https://pdf.swedeb.se/riksdagen-records-pdf/1949/prot-1949--fk--028.pdf,1949-11-19
https://pdf.swedeb.se/riksdagen-records-pdf/1949/prot-1949--fk--028.pdf,1949-11-22
https://pdf.swedeb.se/riksdagen-records-pdf/1949/prot-1949--fk--028.pdf,1949-11-23
https://pdf.swedeb.se/riksdagen-records-pdf/1950/prot-1950--ak--005.pdf,1950-02-04
https://pdf.swedeb.se/riksdagen-records-pdf/1950/prot-1950--ak--005.pdf,1950-02-07
https://pdf.swedeb.se/riksdagen-records-pdf/1950/prot-1950--ak--005.pdf,1950-02-08
https://pdf.swedeb.se/riksdagen-records-pdf/1950/prot-1950--ak--007.pdf,1950-02-18
https://pdf.swedeb.se/riksdagen-records-pdf/1950/prot-1950--ak--007.pdf,1950-02-21
https://pdf.swedeb.se/riksdagen-records-pdf/1950/prot-1950--ak--007.pdf,1950-02-22
https://pdf.swedeb.se/riksdagen-records-pdf/1950/prot-1950--ak--014.pdf,1950-04-22
https://pdf.swedeb.se/riksdagen-records-pdf/1950/prot-1950--ak--014.pdf,1950-04-25
https://pdf.swedeb.se/riksdagen-records-pdf/1950/prot-1950--ak--014.pdf,1950-04-26
https://pdf.swedeb.se/riksdagen-records-pdf/1950/prot-1950--fk--003.pdf,1950-01-21
https://pdf.swedeb.se/riksdagen-records-pdf/1950/prot-1950--fk--003.pdf,1950-01-24
https://pdf.swedeb.se/riksdagen-records-pdf/1950/prot-1950--fk--003.pdf,1950-01-25
https://pdf.swedeb.se/riksdagen-records-pdf/1950/prot-1950--fk--003.pdf,1950-01-26
https://pdf.swedeb.se/riksdagen-records-pdf/1950/prot-1950--fk--016.pdf,1950-05-06
https://pdf.swedeb.se/riksdagen-records-pdf/1950/prot-1950--fk--016.pdf,1950-05-09
https://pdf.swedeb.se/riksdagen-records-pdf/1950/prot-1950--fk--016.pdf,1950-05-10
https://pdf.swedeb.se/riksdagen-records-pdf/1950/prot-1950--fk--024.pdf,1950-05-30
https://pdf.swedeb.se/riksdagen-records-pdf/1950/prot-1950--fk--024.pdf,1950-05-31
https://pdf.swedeb.se/riksdagen-records-pdf/1951/prot-1951--ak--004.pdf,1951-01-26
https://pdf.swedeb.se/riksdagen-records-pdf/1951/prot-1951--ak--004.pdf,1951-01-30
https://pdf.swedeb.se/riksdagen-records-pdf/1951/prot-1951--ak--004.pdf,1951-01-31
https://pdf.swedeb.se/riksdagen-records-pdf/1951/prot-1951--ak--007.pdf,1951-02-17
https://pdf.swedeb.se/riksdagen-records-pdf/1951/prot-1951--ak--007.pdf,1951-02-20
https://pdf.swedeb.se/riksdagen-records-pdf/1951/prot-1951--ak--007.pdf,1951-02-21
https://pdf.swedeb.se/riksdagen-records-pdf/1951/prot-1951--ak--034.pdf,1951-12-01
https://pdf.swedeb.se/riksdagen-records-pdf/1951/prot-1951--ak--034.pdf,1951-12-04
https://pdf.swedeb.se/riksdagen-records-pdf/1951/prot-1951--ak--034.pdf,1951-12-05
https://pdf.swedeb.se/riksdagen-records-pdf/1951/prot-1951--fk--019.pdf,1951-05-12
https://pdf.swedeb.se/riksdagen-records-pdf/1951/prot-1951--fk--019.pdf,1951-05-15
https://pdf.swedeb.se/riksdagen-records-pdf/1951/prot-1951--fk--019.pdf,1951-05-16
https://pdf.swedeb.se/riksdagen-records-pdf/1951/prot-1951--fk--033.pdf,1951-11-24
https://pdf.swedeb.se/riksdagen-records-pdf/1951/prot-1951--fk--033.pdf,1951-11-27
https://pdf.swedeb.se/riksdagen-records-pdf/1951/prot-1951--fk--033.pdf,1951-11-28
https://pdf.swedeb.se/riksdagen-records-pdf/1951/prot-1951--fk--035.pdf,1951-12-08
https://pdf.swedeb.se/riksdagen-records-pdf/1951/prot-1951--fk--035.pdf,1951-12-11
https://pdf.swedeb.se/riksdagen-records-pdf/1951/prot-1951--fk--035.pdf,1951-12-12
https://pdf.swedeb.se/riksdagen-records-pdf/1951/prot-1951--fk--035.pdf,1951-12-13
https://pdf.swedeb.se/riksdagen-records-pdf/1952/prot-1952--ak--010.pdf,1952-03-15
https://pdf.swedeb.se/riksdagen-records-pdf/1952/prot-1952--ak--010.pdf,1952-03-18
https://pdf.swedeb.se/riksdagen-records-pdf/1952/prot-1952--ak--010.pdf,1952-03-19
https://pdf.swedeb.se/riksdagen-records-pdf/1952/prot-1952--ak--023.pdf,1952-05-28
https://pdf.swedeb.se/riksdagen-records-pdf/1952/prot-1952--ak--023.pdf,1952-05-29
https://pdf.swedeb.se/riksdagen-records-pdf/1952/prot-1952--ak--023.pdf,1952-05-30
https://pdf.swedeb.se/riksdagen-records-pdf/1952/prot-1952--ak--023.pdf,1952-06-10
https://pdf.swedeb.se/riksdagen-records-pdf/1952/prot-1952--ak--029.pdf,1952-11-22
https://pdf.swedeb.se/riksdagen-records-pdf/1952/prot-1952--ak--029.pdf,1952-11-25
https://pdf.swedeb.se/riksdagen-records-pdf/1952/prot-1952--ak--029.pdf,1952-11-26
https://pdf.swedeb.se/riksdagen-records-pdf/1952/prot-1952--fk--011.pdf,1952-03-22
https://pdf.swedeb.se/riksdagen-records-pdf/1952/prot-1952--fk--011.pdf,1952-03-24
https://pdf.swedeb.se/riksdagen-records-pdf/1952/prot-1952--fk--011.pdf,1952-03-26
https://pdf.swedeb.se/riksdagen-records-pdf/1952/prot-1952--fk--018.pdf,1952-05-16
https://pdf.swedeb.se/riksdagen-records-pdf/1952/prot-1952--fk--018.pdf,1952-05-17
https://pdf.swedeb.se/riksdagen-records-pdf/1952/prot-1952--fk--018.pdf,1952-05-19
https://pdf.swedeb.se/riksdagen-records-pdf/1952/prot-1952--fk--026.pdf,1952-11-05
https://pdf.swedeb.se/riksdagen-records-pdf/1953/prot-1953--ak--006.pdf,1953-02-14
https://pdf.swedeb.se/riksdagen-records-pdf/1953/prot-1953--ak--006.pdf,1953-02-17
https://pdf.swedeb.se/riksdagen-records-pdf/1953/prot-1953--ak--006.pdf,1953-02-18
https://pdf.swedeb.se/riksdagen-records-pdf/1953/prot-1953--ak--010.pdf,1953-03-14
https://pdf.swedeb.se/riksdagen-records-pdf/1953/prot-1953--ak--010.pdf,1953-03-17
https://pdf.swedeb.se/riksdagen-records-pdf/1953/prot-1953--ak--010.pdf,1953-03-18
https://pdf.swedeb.se/riksdagen-records-pdf/1953/prot-1953--ak--011.pdf,1953-03-21
https://pdf.swedeb.se/riksdagen-records-pdf/1953/prot-1953--ak--011.pdf,1953-03-24
https://pdf.swedeb.se/riksdagen-records-pdf/1953/prot-1953--ak--011.pdf,1953-03-25
https://pdf.swedeb.se/riksdagen-records-pdf/1953/prot-1953--fk--012.pdf,1953-03-28
https://pdf.swedeb.se/riksdagen-records-pdf/1953/prot-1953--fk--012.pdf,1953-03-31
https://pdf.swedeb.se/riksdagen-records-pdf/1953/prot-1953--fk--012.pdf,1953-04-01
https://pdf.swedeb.se/riksdagen-records-pdf/1953/prot-1953--fk--016.pdf,1953-05-04
https://pdf.swedeb.se/riksdagen-records-pdf/1953/prot-1953--fk--016.pdf,1953-05-05
https://pdf.swedeb.se/riksdagen-records-pdf/1953/prot-1953--fk--016.pdf,1953-05-06
https://pdf.swedeb.se/riksdagen-records-pdf/1953/prot-1953--fk--030.pdf,1953-11-24
https://pdf.swedeb.se/riksdagen-records-pdf/1953/prot-1953--fk--030.pdf,1953-11-25
https://pdf.swedeb.se/riksdagen-records-pdf/1953/prot-1953--fk--030.pdf,1953-11-28
https://pdf.swedeb.se/riksdagen-records-pdf/1954/prot-1954--ak--005.pdf,1954-02-05
https://pdf.swedeb.se/riksdagen-records-pdf/1954/prot-1954--ak--005.pdf,1954-02-09
https://pdf.swedeb.se/riksdagen-records-pdf/1954/prot-1954--ak--005.pdf,1954-02-10
https://pdf.swedeb.se/riksdagen-records-pdf/1954/prot-1954--ak--016.pdf,1954-04-28
https://pdf.swedeb.se/riksdagen-records-pdf/1954/prot-1954--ak--021.pdf,1954-05-18
https://pdf.swedeb.se/riksdagen-records-pdf/1954/prot-1954--ak--021.pdf,1954-05-19
https://pdf.swedeb.se/riksdagen-records-pdf/1954/prot-1954--fk--005.pdf,1954-02-06
https://pdf.swedeb.se/riksdagen-records-pdf/1954/prot-1954--fk--005.pdf,1954-02-09
https://pdf.swedeb.se/riksdagen-records-pdf/1954/prot-1954--fk--005.pdf,1954-02-10
https://pdf.swedeb.se/riksdagen-records-pdf/1954/prot-1954--fk--015.pdf,1954-04-22
https://pdf.swedeb.se/riksdagen-records-pdf/1954/prot-1954--fk--015.pdf,1954-04-24
https://pdf.swedeb.se/riksdagen-records-pdf/1954/prot-1954--fk--015.pdf,1954-04-27
https://pdf.swedeb.se/riksdagen-records-pdf/1954/prot-1954--fk--025.pdf,1954-10-18
https://pdf.swedeb.se/riksdagen-records-pdf/1954/prot-1954--fk--025.pdf,1954-10-19
https://pdf.swedeb.se/riksdagen-records-pdf/1954/prot-1954--fk--025.pdf,1954-10-20
https://pdf.swedeb.se/riksdagen-records-pdf/1955/prot-1955--ak--013.pdf,1955-04-13
https://pdf.swedeb.se/riksdagen-records-pdf/1955/prot-1955--ak--013.pdf,1955-04-15
https://pdf.swedeb.se/riksdagen-records-pdf/1955/prot-1955--ak--017.pdf,1955-05-06
https://pdf.swedeb.se/riksdagen-records-pdf/1955/prot-1955--ak--017.pdf,1955-05-10
https://pdf.swedeb.se/riksdagen-records-pdf/1955/prot-1955--ak--017.pdf,1955-05-11
https://pdf.swedeb.se/riksdagen-records-pdf/1955/prot-1955--ak--025.pdf,1955-11-01
https://pdf.swedeb.se/riksdagen-records-pdf/1955/prot-1955--ak--025.pdf,1955-11-02
https://pdf.swedeb.se/riksdagen-records-pdf/1955/prot-1955--fk--001.pdf,1955-01-10
https://pdf.swedeb.se/riksdagen-records-pdf/1955/prot-1955--fk--001.pdf,1955-01-11
https://pdf.swedeb.se/riksdagen-records-pdf/1955/prot-1955--fk--001.pdf,1955-01-12
https://pdf.swedeb.se/riksdagen-records-pdf/1955/prot-1955--fk--001.pdf,1955-01-13
https://pdf.swedeb.se/riksdagen-records-pdf/1955/prot-1955--fk--001.pdf,1955-01-14
https://pdf.swedeb.se/riksdagen-records-pdf/1955/prot-1955--fk--014.pdf,1955-04-19
https://pdf.swedeb.se/riksdagen-records-pdf/1955/prot-1955--fk--014.pdf,1955-04-20
https://pdf.swedeb.se/riksdagen-records-pdf/1955/prot-1955--fk--015.pdf,1955-04-22
https://pdf.swedeb.se/riksdagen-records-pdf/1955/prot-1955--fk--015.pdf,1955-04-26
https://pdf.swedeb.se/riksdagen-records-pdf/1955/prot-1955--fk--015.pdf,1955-04-27
https://pdf.swedeb.se/riksdagen-records-pdf/1956/prot-1956--ak--007.pdf,1956-02-17
https://pdf.swedeb.se/riksdagen-records-pdf/1956/prot-1956--ak--007.pdf,1956-02-21
https://pdf.swedeb.se/riksdagen-records-pdf/1956/prot-1956--ak--007.pdf,1956-02-22
https://pdf.swedeb.se/riksdagen-records-pdf/1956/prot-1956--ak--010.pdf,1956-03-09
https://pdf.swedeb.se/riksdagen-records-pdf/1956/prot-1956--ak--010.pdf,1956-03-13
https://pdf.swedeb.se/riksdagen-records-pdf/1956/prot-1956--ak--010.pdf,1956-03-14
https://pdf.swedeb.se/riksdagen-records-pdf/1956/prot-1956--ak--022.pdf,1956-05-28
https://pdf.swedeb.se/riksdagen-records-pdf/1956/prot-1956--fk--017.pdf,1956-05-04
https://pdf.swedeb.se/riksdagen-records-pdf/1956/prot-1956--fk--017.pdf,1956-05-08
https://pdf.swedeb.se/riksdagen-records-pdf/1956/prot-1956--fk--017.pdf,1956-05-09
https://pdf.swedeb.se/riksdagen-records-pdf/1956/prot-1956--fk--027.pdf,1956-10-31
https://pdf.swedeb.se/riksdagen-records-pdf/1956/prot-1956--fk--027.pdf,1956-11-01
https://pdf.swedeb.se/riksdagen-records-pdf/1956/prot-1956--fk--028.pdf,1956-11-02
https://pdf.swedeb.se/riksdagen-records-pdf/1956/prot-1956--fk--028.pdf,1956-11-04
https://pdf.swedeb.se/riksdagen-records-pdf/1956/prot-1956--fk--028.pdf,1956-11-05
https://pdf.swedeb.se/riksdagen-records-pdf/1956/prot-1956--fk--028.pdf,1956-11-07
https://pdf.swedeb.se/riksdagen-records-pdf/1957/prot-1957--ak--006.pdf,1957-02-22
https://pdf.swedeb.se/riksdagen-records-pdf/1957/prot-1957--ak--006.pdf,1957-02-26
https://pdf.swedeb.se/riksdagen-records-pdf/1957/prot-1957--ak--006.pdf,1957-02-27
https://pdf.swedeb.se/riksdagen-records-pdf/1957/prot-1957--ak--016.pdf,1957-05-10
https://pdf.swedeb.se/riksdagen-records-pdf/1957/prot-1957--ak--026.pdf,1957-11-15
https://pdf.swedeb.se/riksdagen-records-pdf/1957/prot-1957--ak--026.pdf,1957-11-19
https://pdf.swedeb.se/riksdagen-records-pdf/1957/prot-1957--ak--026.pdf,1957-11-20
https://pdf.swedeb.se/riksdagen-records-pdf/1957/prot-1957--fk--005.pdf,1957-02-15
https://pdf.swedeb.se/riksdagen-records-pdf/1957/prot-1957--fk--005.pdf,1957-02-19
https://pdf.swedeb.se/riksdagen-records-pdf/1957/prot-1957--fk--005.pdf,1957-02-20
https://pdf.swedeb.se/riksdagen-records-pdf/1957/prot-1957--fk--008.pdf,1957-03-08
https://pdf.swedeb.se/riksdagen-records-pdf/1957/prot-1957--fk--008.pdf,1957-03-12
https://pdf.swedeb.se/riksdagen-records-pdf/1957/prot-1957--fk--008.pdf,1957-03-13
https://pdf.swedeb.se/riksdagen-records-pdf/1957/prot-1957--fk--028.pdf,1957-11-29
https://pdf.swedeb.se/riksdagen-records-pdf/1957/prot-1957--fk--028.pdf,1957-12-03
https://pdf.swedeb.se/riksdagen-records-pdf/1957/prot-1957--fk--028.pdf,1957-12-04
https://pdf.swedeb.se/riksdagen-records-pdf/1958/prot-1958-a-fk--003.pdf,1958-01-24
https://pdf.swedeb.se/riksdagen-records-pdf/1958/prot-1958-a-fk--003.pdf,1958-01-25
https://pdf.swedeb.se/riksdagen-records-pdf/1958/prot-1958-a-fk--003.pdf,1958-01-26
https://pdf.swedeb.se/riksdagen-records-pdf/1958/prot-1958-a-fk--003.pdf,1958-01-29
https://pdf.swedeb.se/riksdagen-records-pdf/1958/prot-1958-a-fk--014.pdf,1958-04-15
https://pdf.swedeb.se/riksdagen-records-pdf/1958/prot-1958-a-fk--014.pdf,1958-04-16
https://pdf.swedeb.se/riksdagen-records-pdf/1958/prot-1958-b-ak--008.pdf,1958-10-16
https://pdf.swedeb.se/riksdagen-records-pdf/1958/prot-1958-b-ak--008.pdf,1958-10-17
https://pdf.swedeb.se/riksdagen-records-pdf/1958/prot-1958-b-ak--008.pdf,1958-10-21
https://pdf.swedeb.se/riksdagen-records-pdf/1958/prot-1958-b-ak--010.pdf,1958-11-07
https://pdf.swedeb.se/riksdagen-records-pdf/1958/prot-1958-b-ak--010.pdf,1958-11-11
https://pdf.swedeb.se/riksdagen-records-pdf/1958/prot-1958-b-ak--010.pdf,1958-11-12
https://pdf.swedeb.se/riksdagen-records-pdf/1958/prot-1958-b-ak--012.pdf,1958-11-21
https://pdf.swedeb.se/riksdagen-records-pdf/1958/prot-1958-b-ak--012.pdf,1958-11-25
https://pdf.swedeb.se/riksdagen-records-pdf/1958/prot-1958-b-ak--012.pdf,1958-11-26
https://pdf.swedeb.se/riksdagen-records-pdf/1958/prot-1958-b-fk--011.pdf,1958-11-14
https://pdf.swedeb.se/riksdagen-records-pdf/1958/prot-1958-b-fk--011.pdf,1958-11-18
https://pdf.swedeb.se/riksdagen-records-pdf/1958/prot-1958-b-fk--011.pdf,1958-11-19
https://pdf.swedeb.se/riksdagen-records-pdf/1959/prot-1959--ak--003.pdf,1959-02-04
https://pdf.swedeb.se/riksdagen-records-pdf/1959/prot-1959--ak--003.pdf,1959-02-07
https://pdf.swedeb.se/riksdagen-records-pdf/1959/prot-1959--ak--003.pdf,1959-02-10
https://pdf.swedeb.se/riksdagen-records-pdf/1959/prot-1959--ak--003.pdf,1959-02-11
https://pdf.swedeb.se/riksdagen-records-pdf/1959/prot-1959--ak--017.pdf,1959-05-15
https://pdf.swedeb.se/riksdagen-records-pdf/1959/prot-1959--ak--017.pdf,1959-05-19
https://pdf.swedeb.se/riksdagen-records-pdf/1959/prot-1959--ak--031.pdf,1959-12-08
https://pdf.swedeb.se/riksdagen-records-pdf/1959/prot-1959--ak--031.pdf,1959-12-09
https://pdf.swedeb.se/riksdagen-records-pdf/1959/prot-1959--fk--001.pdf,1959-01-10
https://pdf.swedeb.se/riksdagen-records-pdf/1959/prot-1959--fk--001.pdf,1959-01-12
https://pdf.swedeb.se/riksdagen-records-pdf/1959/prot-1959--fk--001.pdf,1959-01-13
https://pdf.swedeb.se/riksdagen-records-pdf/1959/prot-1959--fk--001.pdf,1959-01-15
https://pdf.swedeb.se/riksdagen-records-pdf/1959/prot-1959--fk--001.pdf,1959-01-16
https://pdf.swedeb.se/riksdagen-records-pdf/1959/prot-1959--fk--010.pdf,1959-04-01
https://pdf.swedeb.se/riksdagen-records-pdf/1959/prot-1959--fk--010.pdf,1959-04-03
https://pdf.swedeb.se/riksdagen-records-pdf/1959/prot-1959--fk--026.pdf,1959-11-13
https://pdf.swedeb.se/riksdagen-records-pdf/1959/prot-1959--fk--026.pdf,1959-11-17
https://pdf.swedeb.se/riksdagen-records-pdf/1959/prot-1959--fk--026.pdf,1959-11-18
https://pdf.swedeb.se/riksdagen-records-pdf/1960/prot-1960--ak--012.pdf,1960-04-05
https://pdf.swedeb.se/riksdagen-records-pdf/1960/prot-1960--ak--012.pdf,1960-04-06
https://pdf.swedeb.se/riksdagen-records-pdf/1960/prot-1960--ak--012.pdf,1960-04-08
https://pdf.swedeb.se/riksdagen-records-pdf/1960/prot-1960--ak--019.pdf,1960-05-23
https://pdf.swedeb.se/riksdagen-records-pdf/1960/prot-1960--ak--019.pdf,1960-05-24
https://pdf.swedeb.se/riksdagen-records-pdf/1960/prot-1960--ak--019.pdf,1960-05-25
https://pdf.swedeb.se/riksdagen-records-pdf/1960/prot-1960--ak--020.pdf,1960-05-27
https://pdf.swedeb.se/riksdagen-records-pdf/1960/prot-1960--ak--020.pdf,1960-05-28
https://pdf.swedeb.se/riksdagen-records-pdf/1960/prot-1960--fk--006.pdf,1960-02-26
https://pdf.swedeb.se/riksdagen-records-pdf/1960/prot-1960--fk--006.pdf,1960-03-01
https://pdf.swedeb.se/riksdagen-records-pdf/1960/prot-1960--fk--006.pdf,1960-03-02
https://pdf.swedeb.se/riksdagen-records-pdf/1960/prot-1960--fk--023.pdf,1960-11-01
https://pdf.swedeb.se/riksdagen-records-pdf/1960/prot-1960--fk--023.pdf,1960-11-02
https://pdf.swedeb.se/riksdagen-records-pdf/1960/prot-1960--fk--023.pdf,1960-11-03
https://pdf.swedeb.se/riksdagen-records-pdf/1960/prot-1960--fk--025.pdf,1960-11-11
https://pdf.swedeb.se/riksdagen-records-pdf/1960/prot-1960--fk--025.pdf,1960-11-15
https://pdf.swedeb.se/riksdagen-records-pdf/1960/prot-1960--fk--025.pdf,1960-11-16
https://pdf.swedeb.se/riksdagen-records-pdf/1961/prot-1961--ak--013.pdf,1961-04-11
https://pdf.swedeb.se/riksdagen-records-pdf/1961/prot-1961--ak--013.pdf,1961-04-12
https://pdf.swedeb.se/riksdagen-records-pdf/1961/prot-1961--ak--017.pdf,1961-05-05
https://pdf.swedeb.se/riksdagen-records-pdf/1961/prot-1961--ak--026.pdf,1961-10-10
https://pdf.swedeb.se/riksdagen-records-pdf/1961/prot-1961--ak--026.pdf,1961-10-10
https://pdf.swedeb.se/riksdagen-records-pdf/1961/prot-1961--ak--026.pdf,1961-10-16
https://pdf.swedeb.se/riksdagen-records-pdf/1961/prot-1961--ak--026.pdf,1961-10-17
https://pdf.swedeb.se/riksdagen-records-pdf/1961/prot-1961--ak--026.pdf,1961-10-18
https://pdf.swedeb.se/riksdagen-records-pdf/1961/prot-1961--fk--005.pdf,1961-02-03
https://pdf.swedeb.se/riksdagen-records-pdf/1961/prot-1961--fk--005.pdf,1961-02-07
https://pdf.swedeb.se/riksdagen-records-pdf/1961/prot-1961--fk--028.pdf,1961-10-27
https://pdf.swedeb.se/riksdagen-records-pdf/1961/prot-1961--fk--028.pdf,1961-10-31
https://pdf.swedeb.se/riksdagen-records-pdf/1961/prot-1961--fk--028.pdf,1961-11-01
https://pdf.swedeb.se/riksdagen-records-pdf/1961/prot-1961--fk--036.pdf,1961-12-14
https://pdf.swedeb.se/riksdagen-records-pdf/1962/prot-1962--ak--002.pdf,1962-01-12
https://pdf.swedeb.se/riksdagen-records-pdf/1962/prot-1962--ak--002.pdf,1962-01-16
https://pdf.swedeb.se/riksdagen-records-pdf/1962/prot-1962--ak--002.pdf,1962-01-17
https://pdf.swedeb.se/riksdagen-records-pdf/1962/prot-1962--ak--005.pdf,1962-01-25
https://pdf.swedeb.se/riksdagen-records-pdf/1962/prot-1962--ak--005.pdf,1962-01-26
https://pdf.swedeb.se/riksdagen-records-pdf/1962/prot-1962--ak--009.pdf,1962-02-23
https://pdf.swedeb.se/riksdagen-records-pdf/1962/prot-1962--ak--009.pdf,1962-02-27
https://pdf.swedeb.se/riksdagen-records-pdf/1962/prot-1962--ak--009.pdf,1962-02-28
https://pdf.swedeb.se/riksdagen-records-pdf/1962/prot-1962--fk--010.pdf,1962-03-02
https://pdf.swedeb.se/riksdagen-records-pdf/1962/prot-1962--fk--010.pdf,1962-03-06
https://pdf.swedeb.se/riksdagen-records-pdf/1962/prot-1962--fk--010.pdf,1962-03-07
https://pdf.swedeb.se/riksdagen-records-pdf/1962/prot-1962--fk--012.pdf,1962-03-16
https://pdf.swedeb.se/riksdagen-records-pdf/1962/prot-1962--fk--012.pdf,1962-03-20
https://pdf.swedeb.se/riksdagen-records-pdf/1962/prot-1962--fk--012.pdf,1962-03-21
https://pdf.swedeb.se/riksdagen-records-pdf/1962/prot-1962--fk--024.pdf,1962-05-24
https://pdf.swedeb.se/riksdagen-records-pdf/1962/prot-1962--fk--024.pdf,1962-05-25
https://pdf.swedeb.se/riksdagen-records-pdf/1962/prot-1962--fk--024.pdf,1962-05-26
https://pdf.swedeb.se/riksdagen-records-pdf/1963/prot-1963--ak--001.pdf,1963-01-10
https://pdf.swedeb.se/riksdagen-records-pdf/1963/prot-1963--ak--001.pdf,1963-01-11
https://pdf.swedeb.se/riksdagen-records-pdf/1963/prot-1963--ak--012.pdf,1963-03-22
https://pdf.swedeb.se/riksdagen-records-pdf/1963/prot-1963--ak--012.pdf,1963-03-26
https://pdf.swedeb.se/riksdagen-records-pdf/1963/prot-1963--ak--012.pdf,1963-03-27
https://pdf.swedeb.se/riksdagen-records-pdf/1963/prot-1963--ak--012.pdf,1963-03-28
https://pdf.swedeb.se/riksdagen-records-pdf/1963/prot-1963--ak--029.pdf,1963-10-18
https://pdf.swedeb.se/riksdagen-records-pdf/1963/prot-1963--ak--029.pdf,1963-10-22
https://pdf.swedeb.se/riksdagen-records-pdf/1963/prot-1963--ak--029.pdf,1963-10-23
https://pdf.swedeb.se/riksdagen-records-pdf/1963/prot-1963--fk--008.pdf,1963-02-22
https://pdf.swedeb.se/riksdagen-records-pdf/1963/prot-1963--fk--008.pdf,1963-02-26
https://pdf.swedeb.se/riksdagen-records-pdf/1963/prot-1963--fk--008.pdf,1963-02-27
https://pdf.swedeb.se/riksdagen-records-pdf/1963/prot-1963--fk--025.pdf,1963-05-24
https://pdf.swedeb.se/riksdagen-records-pdf/1963/prot-1963--fk--030.pdf,1963-10-29
https://pdf.swedeb.se/riksdagen-records-pdf/1964/prot-1964--ak--005.pdf,1964-01-24
https://pdf.swedeb.se/riksdagen-records-pdf/1964/prot-1964--ak--005.pdf,1964-01-25
https://pdf.swedeb.se/riksdagen-records-pdf/1964/prot-1964--ak--005.pdf,1964-01-26
https://pdf.swedeb.se/riksdagen-records-pdf/1964/prot-1964--ak--005.pdf,1964-01-29
https://pdf.swedeb.se/riksdagen-records-pdf/1964/prot-1964--ak--015.pdf,1964-04-07
https://pdf.swedeb.se/riksdagen-records-pdf/1964/prot-1964--ak--015.pdf,1964-04-08
https://pdf.swedeb.se/riksdagen-records-pdf/1964/prot-1964--ak--025.pdf,1964-05-19
https://pdf.swedeb.se/riksdagen-records-pdf/1964/prot-1964--ak--025.pdf,1964-05-20
https://pdf.swedeb.se/riksdagen-records-pdf/1964/prot-1964--fk--001.pdf,1964-01-10
https://pdf.swedeb.se/riksdagen-records-pdf/1964/prot-1964--fk--001.pdf,1964-01-11
https://pdf.swedeb.se/riksdagen-records-pdf/1964/prot-1964--fk--023.pdf,1964-05-12
https://pdf.swedeb.se/riksdagen-records-pdf/1964/prot-1964--fk--023.pdf,1964-05-13
https://pdf.swedeb.se/riksdagen-records-pdf/1964/prot-1964--fk--041.pdf,1964-12-11
https://pdf.swedeb.se/riksdagen-records-pdf/1964/prot-1964--fk--041.pdf,1964-12-14
https://pdf.swedeb.se/riksdagen-records-pdf/1964/prot-1964--fk--041.pdf,1964-12-15
https://pdf.swedeb.se/riksdagen-records-pdf/1965/prot-1965--ak--012.pdf,1965-03-16
https://pdf.swedeb.se/riksdagen-records-pdf/1965/prot-1965--ak--012.pdf,1965-03-17
https://pdf.swedeb.se/riksdagen-records-pdf/1965/prot-1965--ak--012.pdf,1965-03-19
https://pdf.swedeb.se/riksdagen-records-pdf/1965/prot-1965--ak--015.pdf,1965-04-01
https://pdf.swedeb.se/riksdagen-records-pdf/1965/prot-1965--ak--015.pdf,1965-04-02
https://pdf.swedeb.se/riksdagen-records-pdf/1965/prot-1965--ak--021.pdf,1965-05-04
https://pdf.swedeb.se/riksdagen-records-pdf/1965/prot-1965--ak--021.pdf,1965-05-05
https://pdf.swedeb.se/riksdagen-records-pdf/1965/prot-1965--fk--004.pdf,1965-01-20
https://pdf.swedeb.se/riksdagen-records-pdf/1965/prot-1965--fk--012.pdf,1965-03-16
https://pdf.swedeb.se/riksdagen-records-pdf/1965/prot-1965--fk--012.pdf,1965-03-17
https://pdf.swedeb.se/riksdagen-records-pdf/1965/prot-1965--fk--012.pdf,1965-03-19
https://pdf.swedeb.se/riksdagen-records-pdf/1965/prot-1965--fk--029.pdf,1965-05-26
https://pdf.swedeb.se/riksdagen-records-pdf/1966/prot-1966--ak--002.pdf,1966-01-18
https://pdf.swedeb.se/riksdagen-records-pdf/1966/prot-1966--ak--002.pdf,1966-01-19
https://pdf.swedeb.se/riksdagen-records-pdf/1966/prot-1966--ak--007.pdf,1966-02-11
https://pdf.swedeb.se/riksdagen-records-pdf/1966/prot-1966--ak--007.pdf,1966-02-15
https://pdf.swedeb.se/riksdagen-records-pdf/1966/prot-1966--ak--007.pdf,1966-02-16
https://pdf.swedeb.se/riksdagen-records-pdf/1966/prot-1966--ak--038.pdf,1966-12-12
https://pdf.swedeb.se/riksdagen-records-pdf/1966/prot-1966--ak--038.pdf,1966-12-13
https://pdf.swedeb.se/riksdagen-records-pdf/1966/prot-1966--fk--012.pdf,1966-03-17
https://pdf.swedeb.se/riksdagen-records-pdf/1966/prot-1966--fk--012.pdf,1966-03-18
https://pdf.swedeb.se/riksdagen-records-pdf/1966/prot-1966--fk--012.pdf,1966-03-22
https://pdf.swedeb.se/riksdagen-records-pdf/1966/prot-1966--fk--012.pdf,1966-03-23
https://pdf.swedeb.se/riksdagen-records-pdf/1966/prot-1966--fk--023.pdf,1966-05-10
https://pdf.swedeb.se/riksdagen-records-pdf/1966/prot-1966--fk--023.pdf,1966-05-11
https://pdf.swedeb.se/riksdagen-records-pdf/1966/prot-1966--fk--023.pdf,1966-05-12
https://pdf.swedeb.se/riksdagen-records-pdf/1966/prot-1966--fk--023.pdf,1966-05-13
https://pdf.swedeb.se/riksdagen-records-pdf/1966/prot-1966--fk--030.pdf,1966-11-01
https://pdf.swedeb.se/riksdagen-records-pdf/1967/prot-1967--ak--021.pdf,1967-04-18
https://pdf.swedeb.se/riksdagen-records-pdf/1967/prot-1967--ak--021.pdf,1967-04-19
https://pdf.swedeb.se/riksdagen-records-pdf/1967/prot-1967--ak--031.pdf,1967-05-24
https://pdf.swedeb.se/riksdagen-records-pdf/1967/prot-1967--ak--032.pdf,1967-05-25
https://pdf.swedeb.se/riksdagen-records-pdf/1967/prot-1967--fk--001.pdf,1967-01-10
https://pdf.swedeb.se/riksdagen-records-pdf/1967/prot-1967--fk--001.pdf,1967-01-11
https://pdf.swedeb.se/riksdagen-records-pdf/1967/prot-1967--fk--001.pdf,1967-01-12
https://pdf.swedeb.se/riksdagen-records-pdf/1967/prot-1967--fk--001.pdf,1967-01-13
https://pdf.swedeb.se/riksdagen-records-pdf/1967/prot-1967--fk--001.pdf,1967-01-17
https://pdf.swedeb.se/riksdagen-records-pdf/1967/prot-1967--fk--005.pdf,1967-01-31
https://pdf.swedeb.se/riksdagen-records-pdf/1967/prot-1967--fk--005.pdf,1967-02-02
https://pdf.swedeb.se/riksdagen-records-pdf/1967/prot-1967--fk--005.pdf,1967-02-03
https://pdf.swedeb.se/riksdagen-records-pdf/1967/prot-1967--fk--022.pdf,1967-04-20
https://pdf.swedeb.se/riksdagen-records-pdf/1967/prot-1967--fk--022.pdf,1967-04-21
https://pdf.swedeb.se/riksdagen-records-pdf/1968/prot-1968--ak--025.pdf,1968-05-17
https://pdf.swedeb.se/riksdagen-records-pdf/1968/prot-1968--ak--027.pdf,1968-05-22
https://pdf.swedeb.se/riksdagen-records-pdf/1968/prot-1968--ak--027.pdf,1968-05-24
https://pdf.swedeb.se/riksdagen-records-pdf/1968/prot-1968--ak--027.pdf,1968-05-27
https://pdf.swedeb.se/riksdagen-records-pdf/1968/prot-1968--ak--044.pdf,1968-12-11
https://pdf.swedeb.se/riksdagen-records-pdf/1968/prot-1968--fk--026.pdf,1968-05-20
https://pdf.swedeb.se/riksdagen-records-pdf/1968/prot-1968--fk--026.pdf,1968-05-21
https://pdf.swedeb.se/riksdagen-records-pdf/1968/prot-1968--fk--033.pdf,1968-10-25
https://pdf.swedeb.se/riksdagen-records-pdf/1968/prot-1968--fk--033.pdf,1968-10-29
https://pdf.swedeb.se/riksdagen-records-pdf/1968/prot-1968--fk--033.pdf,1968-10-30
https://pdf.swedeb.se/riksdagen-records-pdf/1968/prot-1968--fk--041.pdf,1968-12-03
https://pdf.swedeb.se/riksdagen-records-pdf/1968/prot-1968--fk--041.pdf,1968-12-04
https://pdf.swedeb.se/riksdagen-records-pdf/1969/prot-1969--ak--002.pdf,1969-01-17
https://pdf.swedeb.se/riksdagen-records-pdf/1969/prot-1969--ak--002.pdf,1969-01-21
https://pdf.swedeb.se/riksdagen-records-pdf/1969/prot-1969--ak--002.pdf,1969-01-22
https://pdf.swedeb.se/riksdagen-records-pdf/1969/prot-1969--ak--002.pdf,1969-01-23
https://pdf.swedeb.se/riksdagen-records-pdf/1969/prot-1969--ak--024.pdf,1969-05-14
https://pdf.swedeb.se/riksdagen-records-pdf/1969/prot-1969--ak--024.pdf,1969-05-16
https://pdf.swedeb.se/riksdagen-records-pdf/1969/prot-1969--ak--036.pdf,1969-11-11
https://pdf.swedeb.se/riksdagen-records-pdf/1969/prot-1969--ak--036.pdf,1969-11-12
https://pdf.swedeb.se/riksdagen-records-pdf/1969/prot-1969--ak--036.pdf,1969-11-13
https://pdf.swedeb.se/riksdagen-records-pdf/1969/prot-1969--ak--036.pdf,1969-11-14
https://pdf.swedeb.se/riksdagen-records-pdf/1969/prot-1969--fk--028.pdf,1969-05-28
https://pdf.swedeb.se/riksdagen-records-pdf/1969/prot-1969--fk--031.pdf,1969-10-16
https://pdf.swedeb.se/riksdagen-records-pdf/1969/prot-1969--fk--031.pdf,1969-10-17
https://pdf.swedeb.se/riksdagen-records-pdf/1969/prot-1969--fk--032.pdf,1969-10-21
https://pdf.swedeb.se/riksdagen-records-pdf/1969/prot-1969--fk--032.pdf,1969-10-23
https://pdf.swedeb.se/riksdagen-records-pdf/1969/prot-1969--fk--032.pdf,1969-10-24
https://pdf.swedeb.se/riksdagen-records-pdf/1970/prot-1970--ak--004.pdf,1970-01-27
https://pdf.swedeb.se/riksdagen-records-pdf/1970/prot-1970--ak--004.pdf,1970-01-28
https://pdf.swedeb.se/riksdagen-records-pdf/1970/prot-1970--ak--007.pdf,1970-02-17
https://pdf.swedeb.se/riksdagen-records-pdf/1970/prot-1970--ak--007.pdf,1970-02-18
https://pdf.swedeb.se/riksdagen-records-pdf/1970/prot-1970--ak--007.pdf,1970-02-19
https://pdf.swedeb.se/riksdagen-records-pdf/1970/prot-1970--ak--007.pdf,1970-02-20
https://pdf.swedeb.se/riksdagen-records-pdf/1970/prot-1970--ak--040.pdf,1970-12-01
https://pdf.swedeb.se/riksdagen-records-pdf/1970/prot-1970--ak--040.pdf,1970-12-02
https://pdf.swedeb.se/riksdagen-records-pdf/1970/prot-1970--fk--013.pdf,1970-04-01
https://pdf.swedeb.se/riksdagen-records-pdf/1970/prot-1970--fk--038.pdf,1970-11-17
https://pdf.swedeb.se/riksdagen-records-pdf/1970/prot-1970--fk--038.pdf,1970-11-18
https://pdf.swedeb.se/riksdagen-records-pdf/1970/prot-1970--fk--038.pdf,1970-11-19
https://pdf.swedeb.se/riksdagen-records-pdf/1970/prot-1970--fk--038.pdf,1970-11-20
https://pdf.swedeb.se/riksdagen-records-pdf/1970/prot-1970--fk--040.pdf,1970-12-01
https://pdf.swedeb.se/riksdagen-records-pdf/1970/prot-1970--fk--040.pdf,1970-12-02
https://pdf.swedeb.se/riksdagen-records-pdf/1971/prot-1971--014.pdf,1971-01-22
https://pdf.swedeb.se/riksdagen-records-pdf/1971/prot-1971--050.pdf,1971-03-24
https://pdf.swedeb.se/riksdagen-records-pdf/1971/prot-1971--116.pdf,1971-10-29
https://pdf.swedeb.se/riksdagen-records-pdf/1972/prot-1972--051.pdf,1972-04-05
https://pdf.swedeb.se/riksdagen-records-pdf/1972/prot-1972--069.pdf,1972-04-28
https://pdf.swedeb.se/riksdagen-records-pdf/1972/prot-1972--128.pdf,1972-11-30
https://pdf.swedeb.se/riksdagen-records-pdf/1973/prot-1973--048.pdf,1973-03-21
https://pdf.swedeb.se/riksdagen-records-pdf/1973/prot-1973--077.pdf,1973-05-02
https://pdf.swedeb.se/riksdagen-records-pdf/1973/prot-1973--079.pdf,1973-05-03
https://pdf.swedeb.se/riksdagen-records-pdf/1974/prot-1974--033.pdf,1974-03-05
https://pdf.swedeb.se/riksdagen-records-pdf/1974/prot-1974--101.pdf,1974-10-16
https://pdf.swedeb.se/riksdagen-records-pdf/1974/prot-1974--145.pdf,1974-12-14
https://pdf.swedeb.se/riksdagen-records-pdf/1975/prot-1975--018.pdf,1975-02-07
https://pdf.swedeb.se/riksdagen-records-pdf/1975/prot-1975--024.pdf,1975-02-21
https://pdf.swedeb.se/riksdagen-records-pdf/1975/prot-1975--072.pdf,1975-05-02
https://pdf.swedeb.se/riksdagen-records-pdf/197576/prot-197576--001.pdf,1975-10-15
https://pdf.swedeb.se/riksdagen-records-pdf/197576/prot-197576--138.pdf,1976-05-26
https://pdf.swedeb.se/riksdagen-records-pdf/197576/prot-197576--145.pdf,1976-06-02
https://pdf.swedeb.se/riksdagen-records-pdf/197677/prot-197677--085.pdf,1977-03-11
https://pdf.swedeb.se/riksdagen-records-pdf/197677/prot-197677--098.pdf,1977-03-29
https://pdf.swedeb.se/riksdagen-records-pdf/197677/prot-197677--134.pdf,1977-05-17
https://pdf.swedeb.se/riksdagen-records-pdf/197778/prot-197778--097.pdf,1978-03-15
https://pdf.swedeb.se/riksdagen-records-pdf/197778/prot-197778--118.pdf,1978-04-13
https://pdf.swedeb.se/riksdagen-records-pdf/197778/prot-197778--141.pdf,1978-05-12
https://pdf.swedeb.se/riksdagen-records-pdf/197879/prot-197879--040.pdf,1978-11-24
https://pdf.swedeb.se/riksdagen-records-pdf/197879/prot-197879--103.pdf,1979-03-14
https://pdf.swedeb.se/riksdagen-records-pdf/197879/prot-197879--152.pdf,1979-05-22
https://pdf.swedeb.se/riksdagen-records-pdf/197980/prot-197980--082.pdf,1980-02-11
https://pdf.swedeb.se/riksdagen-records-pdf/197980/prot-197980--115.pdf,1980-04-09
https://pdf.swedeb.se/riksdagen-records-pdf/197980/prot-197980--141.pdf,1980-05-09
https://pdf.swedeb.se/riksdagen-records-pdf/1980/prot-1980-urtima-003.pdf,1980-08-26
https://pdf.swedeb.se/riksdagen-records-pdf/1980/prot-1980-urtima-005.pdf,1980-09-04
https://pdf.swedeb.se/riksdagen-records-pdf/1980/prot-1980-urtima-007.pdf,1980-09-05
https://pdf.swedeb.se/riksdagen-records-pdf/198081/prot-198081--085.pdf,1981-02-23
https://pdf.swedeb.se/riksdagen-records-pdf/198081/prot-198081--091.pdf,1981-03-09
https://pdf.swedeb.se/riksdagen-records-pdf/198081/prot-198081--154.pdf,1981-06-01
https://pdf.swedeb.se/riksdagen-records-pdf/198182/prot-198182--075.pdf,1982-02-08
https://pdf.swedeb.se/riksdagen-records-pdf/198182/prot-198182--160.pdf,1982-05-28
https://pdf.swedeb.se/riksdagen-records-pdf/198182/prot-198182--166.pdf,1982-06-04
https://pdf.swedeb.se/riksdagen-records-pdf/198283/prot-198283--015.pdf,1982-10-26
https://pdf.swedeb.se/riksdagen-records-pdf/198283/prot-198283--058.pdf,1983-01-12
https://pdf.swedeb.se/riksdagen-records-pdf/198283/prot-198283--064.pdf,1983-01-20
https://pdf.swedeb.se/riksdagen-records-pdf/198384/prot-198384--025.pdf,1983-11-16
https://pdf.swedeb.se/riksdagen-records-pdf/198384/prot-198384--070.pdf,1984-02-01
https://pdf.swedeb.se/riksdagen-records-pdf/198384/prot-198384--146.pdf,1984-05-17
https://pdf.swedeb.se/riksdagen-records-pdf/198485/prot-198485--048.pdf,1984-12-11
https://pdf.swedeb.se/riksdagen-records-pdf/198485/prot-198485--072.pdf,1985-02-04
https://pdf.swedeb.se/riksdagen-records-pdf/198485/prot-198485--155.pdf,1985-05-30
https://pdf.swedeb.se/riksdagen-records-pdf/198586/prot-198586--003.pdf,1985-10-02
https://pdf.swedeb.se/riksdagen-records-pdf/198586/prot-198586--006.pdf,1985-10-09
https://pdf.swedeb.se/riksdagen-records-pdf/198586/prot-198586--105.pdf,1986-04-02
https://pdf.swedeb.se/riksdagen-records-pdf/198687/prot-198687--067.pdf,1987-02-09
https://pdf.swedeb.se/riksdagen-records-pdf/198687/prot-198687--077.pdf,1987-03-02
https://pdf.swedeb.se/riksdagen-records-pdf/198687/prot-198687--113.pdf,1987-04-29
https://pdf.swedeb.se/riksdagen-records-pdf/198788/prot-198788--033.pdf,1987-11-27
https://pdf.swedeb.se/riksdagen-records-pdf/198788/prot-198788--085.pdf,1988-03-16
https://pdf.swedeb.se/riksdagen-records-pdf/198788/prot-198788--116.pdf,1988-05-06
https://pdf.swedeb.se/riksdagen-records-pdf/198889/prot-198889--020.pdf,1988-11-09
https://pdf.swedeb.se/riksdagen-records-pdf/198889/prot-198889--043.pdf,1988-12-12
https://pdf.swedeb.se/riksdagen-records-pdf/198889/prot-198889--108.pdf,1989-05-03
https://pdf.swedeb.se/riksdagen-records-pdf/198990/prot-198990--072.pdf,1990-02-21
https://pdf.swedeb.se/riksdagen-records-pdf/198990/prot-198990--127.pdf,1990-05-22
https://pdf.swedeb.se/riksdagen-records-pdf/198990/prot-198990--132.pdf,1990-05-31
https://pdf.swedeb.se/riksdagen-records-pdf/199091/prot-199091--062.pdf,1991-02-13
https://pdf.swedeb.se/riksdagen-records-pdf/199091/prot-199091--068.pdf,1991-02-21
https://pdf.swedeb.se/riksdagen-records-pdf/199091/prot-199091--101.pdf,1991-04-24
https://pdf.swedeb.se/riksdagen-records-pdf/199192/prot-199192--003.pdf,1992-10-07
https://pdf.swedeb.se/riksdagen-records-pdf/199192/prot-199192--035.pdf,1991-11-29
https://pdf.swedeb.se/riksdagen-records-pdf/199192/prot-199192--039.pdf,1991-12-05
https://pdf.swedeb.se/riksdagen-records-pdf/199293/prot-199293--028.pdf,1992-11-20
https://pdf.swedeb.se/riksdagen-records-pdf/199293/prot-199293--033.pdf,1992-11-27
https://pdf.swedeb.se/riksdagen-records-pdf/199293/prot-199293--036.pdf,1992-12-02
https://pdf.swedeb.se/riksdagen-records-pdf/199394/prot-199394--028.pdf,1993-11-23
https://pdf.swedeb.se/riksdagen-records-pdf/199394/prot-199394--034.pdf,1993-12-01
https://pdf.swedeb.se/riksdagen-records-pdf/199394/prot-199394--040.pdf,1993-12-09
https://pdf.swedeb.se/riksdagen-records-pdf/199495/prot-199495--011.pdf,1994-10-19
https://pdf.swedeb.se/riksdagen-records-pdf/199495/prot-199495--045.pdf,1994-12-19
https://pdf.swedeb.se/riksdagen-records-pdf/199495/prot-199495--089.pdf,1995-04-18
https://pdf.swedeb.se/riksdagen-records-pdf/199596/prot-199596--019.pdf,1995-11-08
https://pdf.swedeb.se/riksdagen-records-pdf/199596/prot-199596--057.pdf,1996-02-16
https://pdf.swedeb.se/riksdagen-records-pdf/199596/prot-199596--099.pdf,1996-05-24
https://pdf.swedeb.se/riksdagen-records-pdf/199697/prot-199697--013.pdf,1996-10-10
https://pdf.swedeb.se/riksdagen-records-pdf/199697/prot-199697--055.pdf,1997-01-28
https://pdf.swedeb.se/riksdagen-records-pdf/199697/prot-199697--072.pdf,1997-03-04
https://pdf.swedeb.se/riksdagen-records-pdf/199798/prot-199798--023.pdf,1997-11-03
https://pdf.swedeb.se/riksdagen-records-pdf/199798/prot-199798--036.pdf,1997-11-28
https://pdf.swedeb.se/riksdagen-records-pdf/199798/prot-199798--049.pdf,1997-12-17
https://pdf.swedeb.se/riksdagen-records-pdf/199899/prot-199899--015.pdf,1998-11-13
https://pdf.swedeb.se/riksdagen-records-pdf/199899/prot-199899--030.pdf,1998-12-07
https://pdf.swedeb.se/riksdagen-records-pdf/199899/prot-199899--092.pdf,1999-05-06
https://pdf.swedeb.se/riksdagen-records-pdf/19992000/prot-19992000--044.pdf,1999-12-10
https://pdf.swedeb.se/riksdagen-records-pdf/19992000/prot-19992000--087.pdf,2000-03-28
https://pdf.swedeb.se/riksdagen-records-pdf/19992000/prot-19992000--107.pdf,2000-05-11
https://pdf.swedeb.se/riksdagen-records-pdf/200001/prot-200001--022.pdf,2000-11-07
https://pdf.swedeb.se/riksdagen-records-pdf/200001/prot-200001--024.pdf,2000-11-09
https://pdf.swedeb.se/riksdagen-records-pdf/200001/prot-200001--094.pdf,2001-04-17
https://pdf.swedeb.se/riksdagen-records-pdf/200102/prot-200102--015.pdf,2001-10-19
https://pdf.swedeb.se/riksdagen-records-pdf/200102/prot-200102--019.pdf,2001-10-26
https://pdf.swedeb.se/riksdagen-records-pdf/200102/prot-200102--103.pdf,2002-04-26
https://pdf.swedeb.se/riksdagen-records-pdf/200203/prot-200203--049.pdf,2003-01-30
https://pdf.swedeb.se/riksdagen-records-pdf/200203/prot-200203--077.pdf,2003-03-24
https://pdf.swedeb.se/riksdagen-records-pdf/200203/prot-200203--088.pdf,2003-04-10
https://pdf.swedeb.se/riksdagen-records-pdf/200304/prot-200304--070.pdf,2004-02-17
https://pdf.swedeb.se/riksdagen-records-pdf/200304/prot-200304--117.pdf,2004-05-18
https://pdf.swedeb.se/riksdagen-records-pdf/200304/prot-200304--120.pdf,2004-05-24
https://pdf.swedeb.se/riksdagen-records-pdf/200405/prot-200405--072.pdf,2005-02-09
https://pdf.swedeb.se/riksdagen-records-pdf/200405/prot-200405--092.pdf,2005-03-17
https://pdf.swedeb.se/riksdagen-records-pdf/200405/prot-200405--120.pdf,2005-05-13
https://pdf.swedeb.se/riksdagen-records-pdf/200506/prot-200506--029.pdf,2005-11-14
https://pdf.swedeb.se/riksdagen-records-pdf/200506/prot-200506--039.pdf,2005-11-28
https://pdf.swedeb.se/riksdagen-records-pdf/200506/prot-200506--131.pdf,2006-05-30
https://pdf.swedeb.se/riksdagen-records-pdf/200607/prot-200607--045.pdf,2006-12-21
https://pdf.swedeb.se/riksdagen-records-pdf/200607/prot-200607--101.pdf,2007-05-04
https://pdf.swedeb.se/riksdagen-records-pdf/200607/prot-200607--121.pdf,2007-06-07
https://pdf.swedeb.se/riksdagen-records-pdf/200708/prot-200708--033.pdf,2007-11-29
https://pdf.swedeb.se/riksdagen-records-pdf/200708/prot-200708--038.pdf,2007-12-06
https://pdf.swedeb.se/riksdagen-records-pdf/200708/prot-200708--122.pdf,2008-06-04
https://pdf.swedeb.se/riksdagen-records-pdf/200809/prot-200809--012.pdf,2008-10-14
https://pdf.swedeb.se/riksdagen-records-pdf/200809/prot-200809--047.pdf,2008-12-11
https://pdf.swedeb.se/riksdagen-records-pdf/200809/prot-200809--083.pdf,2009-03-12
https://pdf.swedeb.se/riksdagen-records-pdf/200910/prot-200910--107.pdf,2010-04-21
https://pdf.swedeb.se/riksdagen-records-pdf/200910/prot-200910--121.pdf,2010-05-19
https://pdf.swedeb.se/riksdagen-records-pdf/200910/prot-200910--145.pdf,2010-06-29
https://pdf.swedeb.se/riksdagen-records-pdf/201011/prot-201011--026.pdf,2010-12-02
https://pdf.swedeb.se/riksdagen-records-pdf/201011/prot-201011--029.pdf,2010-12-07
https://pdf.swedeb.se/riksdagen-records-pdf/201011/prot-201011--088.pdf,2011-04-14
https://pdf.swedeb.se/riksdagen-records-pdf/201112/prot-201112--074.pdf,2012-02-22
https://pdf.swedeb.se/riksdagen-records-pdf/201112/prot-201112--084.pdf,2012-03-19
https://pdf.swedeb.se/riksdagen-records-pdf/201112/prot-201112--125.pdf,2012-06-07
https://pdf.swedeb.se/riksdagen-records-pdf/201213/prot-201213--040.pdf,2012-12-10
https://pdf.swedeb.se/riksdagen-records-pdf/201213/prot-201213--073.pdf,2013-03-06
https://pdf.swedeb.se/riksdagen-records-pdf/201213/prot-201213--113.pdf,2013-05-29
https://pdf.swedeb.se/riksdagen-records-pdf/201314/prot-201314--104.pdf,2014-04-28
https://pdf.swedeb.se/riksdagen-records-pdf/201314/prot-201314--107.pdf,2014-05-06
https://pdf.swedeb.se/riksdagen-records-pdf/201314/prot-201314--130.pdf,2014-06-24
https://pdf.swedeb.se/riksdagen-records-pdf/201415/prot-201415--033.pdf,2014-12-05
https://pdf.swedeb.se/riksdagen-records-pdf/201415/prot-201415--034.pdf,2014-12-08
https://pdf.swedeb.se/riksdagen-records-pdf/201415/prot-201415--042.pdf,2014-12-19
https://pdf.swedeb.se/riksdagen-records-pdf/201516/prot-201516--036.pdf,2015-12-01
https://pdf.swedeb.se/riksdagen-records-pdf/201516/prot-201516--103.pdf,2016-05-11
https://pdf.swedeb.se/riksdagen-records-pdf/201516/prot-201516--110.pdf,2016-05-24
https://pdf.swedeb.se/riksdagen-records-pdf/201617/prot-201617--020.pdf,2016-10-25
https://pdf.swedeb.se/riksdagen-records-pdf/201617/prot-201617--110.pdf,2017-05-12
https://pdf.swedeb.se/riksdagen-records-pdf/201617/prot-201617--126.pdf,2017-06-15
https://pdf.swedeb.se/riksdagen-records-pdf/201718/prot-201718--059.pdf,2018-01-23
https://pdf.swedeb.se/riksdagen-records-pdf/201718/prot-201718--099.pdf,2018-04-17
https://pdf.swedeb.se/riksdagen-records-pdf/201718/prot-201718--128.pdf,2018-06-08
https://pdf.swedeb.se/riksdagen-records-pdf/201819/prot-201819--002.pdf,2018-09-25
https://pdf.swedeb.se/riksdagen-records-pdf/201819/prot-201819--061.pdf,2019-03-07
https://pdf.swedeb.se/riksdagen-records-pdf/201819/prot-201819--089.pdf,2019-05-09
https://pdf.swedeb.se/riksdagen-records-pdf/201920/prot-201920--028.pdf,2019-11-07
https://pdf.swedeb.se/riksdagen-records-pdf/201920/prot-201920--094.pdf,2020-03-26
https://pdf.swedeb.se/riksdagen-records-pdf/201920/prot-201920--146.pdf,2020-08-20
https://pdf.swedeb.se/riksdagen-records-pdf/202021/prot-202021--008.pdf,2020-09-16
https://pdf.swedeb.se/riksdagen-records-pdf/202021/prot-202021--080.pdf,2021-02-11
https://pdf.swedeb.se/riksdagen-records-pdf/202021/prot-202021--118.pdf,2021-05-04
https://pdf.swedeb.se/riksdagen-records-pdf/202122/prot-202122--014.pdf,2021-10-12
https://pdf.swedeb.se/riksdagen-records-pdf/202122/prot-202122--052.pdf,2022-01-13
https://pdf.swedeb.se/riksdagen-records-pdf/202122/prot-202122--107.pdf,2022-05-04
https://pdf.swedeb.se/riksdagen-records-pdf/202223/prot-202223--021.pdf,2022-11-16
https://pdf.swedeb.se/riksdagen-records-pdf/202223/prot-202223--121.pdf,2023-06-09
https://pdf.swedeb.se/riksdagen-records-pdf/202223/prot-202223--134.pdf,2023-08-22
