protocol_id,elem_id,segmentation,comments,text
prot-1910--fk--9,i-16QCzvUYV8XyHq4jaT9Nw,u,,"Herr talman, mina herrar! Då jag genomläste den motion, som föreligger 1 förevarande punkt, syntes mig billigheten kräfva, att läraren A. Andersèns aflöning blefve så höjd, som motionären påyrkade, eller till 3,000 kronor. Sedermera har det för mig från sakkunnigt håll uppgifvits, att Andersèn under utöfningen af sin långa tjänstemannagärning visat synnerligt nit och utvecklat stor skicklighet. Han har under sin mer än 30-åriga lärarverksamhet fullgjort så att säga en dubbel tjänstgöring, undervisat under dubbla antalet timmar per vecka mot hvad slika lärare pläga göra. Han bör därför nu, då han står vid slutet af sin tjänstetid, komma i åtnjutande af hela den lön, som kommer att utgå, sedan han från sin tjänstebefattning afgått - då tjänsten kommer att upp-"
prot-1910--fk--12,i-19ok989VJskX4e64FD2gU,note,,Föredrogs och hänvisades till bankoutskottet Kungl. Maj:ts denna dag aflämnade nådiga proposition till Riksdagen angående beredande af pension från allmänna indragningsstaten åt städerskan vid krigsskolan Sofia Charlotta Andersson.
prot-1910--fk--15,i-1EhMvn5frPThp7oJb5ziw,note,,"Vid ånyo skedd föredragning af lagutskottets den 11 och 12 i denna månad bordlagda utlåtande nr 31 i anledning af väckta motioner om ändrad lydelse af 16'8 2 och 6 mom. värnpliktslagen, biföll kammaren hvad utskottet i detta utlåtande hemställt."
prot-1910--ak--27,i-118M6FjqPGeS8SzhPFdFz,u,KB-labbslänken saknas,"Herrarne finna af betänkandet, att undertecknad afgifvit en reservation"
prot-1910--ak--62,i-15EzoGTFeuEvUvCQUPn9T,u,,stämmelsen intages bland villkoren för öfverlåtelsen. stad af vissa
prot-1910--ak--21,i-18KqDPmqegiyr5yjSiQMu,note,,"Voteringen utvisade 105 ja mot 83 nej, hvadan kammaren, med afslag å utskottets hemställan, bifallit den af herr Widèn m. f. i ämnet afgifna reservationen."
prot-1911--fk--13,i-11MSo6GBQAAy9YuSfUFq1,note,,"Sedan öfverläggningen ansetts härmed slutad, gjordes jämlikt därunder förekomna yrkanden propositioner, först på bifall till hvad utskottet i förevarande punkt hemställt samt vidare därpå att kammaren skulle antaga det förslag, som innefattades i den vid punkten afgifna reservationen"
prot-1911--fk--24,i-11yRZBATbJhMJv5ubcByG,u,,"Enligt min åsikt borde ett sådant tillägg icke kunna stöta någon, hvarken de stora eller små bankerna. De anspråk, jag framställer, äro ganska små, och jag har stöd för min framställning både i kommittèns och i Kungl. Maj: ts första förslag, som gick mycket längre. Jag har äfven delvis ett stöd i Kungl. ""Maj:ts sista förslag, där föredragande departementschefen i denna fråga säger, att det icke kan betecknas såsom obilligt, att en ökad marknad inom landet beredes våra statsobligationer på samma gång ett såsom kassareserv synnerligen lämpligt papper uppföres i bankernas portfölj. Detta är uttaladt af finansministern själl."
prot-1911--fk--9,i-112aEvTz9ZqhxRKPPUcncm,u,,"man utan vidare till godo med att taga till extra ordinarie lärare personer, som icke ens aflagt någon akademisk examen. - Hur"
prot-1911--ak--6,i-11Bq9WCC42KYiBBpJG5FU,note,"Uppräkning namn och röster, OCR-tolkning?","ÖStersUNAÃ… oosoosseesreer rer errrrerrrrrr rer er r ense rr rd herr Engström, E. O0., landstingsman, Bispgården > Sundin, E., Â£. d. riksdagsman, Hallen ......"
prot-1911--ak--9,i-112Vt2yF9DfxbGDzaQPUrJ,margin,,Ang. nedre justitierevisionen.
prot-1911--ak--19,i-158eu2MLKPzXbfi5pKDjg,intro,,Herr Jesperson:
prot-1912--fk--30,i-13Xd9Ca3HQzEKWgPJr2wJ,margin,,18 Onsdagen den 1 maj.
prot-1912--fk--15,i-145GeBpKTDbxMMpmiS1ju,note,,Kammaren sammanträdde kl. 7 e. m.
prot-1912--fk--28,i-14E6dJxbyQHRHfA4pkduM,u,,"Om man skall skaffa sig en tomt för att bebygga den till ett eget hem, är naturligtvis det afgörande, huru mycket den kostar, och det är ju fullkomligt likgiltigt, om upplåtaren ämnar använda penningarna till att därmed bilda en fond för att därmed inlösa byggnaderna vid aftalstidens slut eller om han ämnar göra någonting annat med dem. Nu säger vattenfallsstyrelsen: det är just hvad som är fallet här vid Trollhättan att vi taga afgifter, hvilka sammanlagda äro lagom beräknade efter tomtens värde, men det kan ju kanske låta illa, att en del af dessa afgifter skola användas för att inlösa tomträttsinnehafvarens egna byggnader"
prot-1912--ak--54,i-113qzdsbWMbP1qZ4r4afb,note,Beslut,"Omröstningen enligt denna proposition utvisade 133 ja mot 45 nej, hvadan propositionen i hufvudvoteringen erhöll följande af kammaren godkända lydelse:"
prot-1912--ak--14,i-13dVr55SKyzuHwDnhDvNM,u,,"Jag ber att få nämna, att Första kammaren märkvärdigt nog gått ifrån de formalistiska skäl, som den förut haft, och bifallit motionen. Andra kammaren biföll en dylik motion i fjol. Jag vet icke, huru den kommer att göra nu, men jag tager mig"
prot-1912--ak--49,i-14ToAzb7QJxyhtvh9DsQr,note,,Herr Edèn instämde häruti.
prot-1913--fk--10,i-1C9aGgH8SuuGJUy8Jrq6y,note,,"Överläggningen ansågs härmed slutad, varefter kammaren biföll vad utskottet i denna punkt hemställt."
prot-1913--fk--28,i-1GHLoVrG43aGu4qP5RLPu,u,,Herr talman! Jag yrkar bifall till utskottets förslag.
prot-1913--fk--14,i-1JEEi1hhU5GV6X8rYXteu,margin,,Om understödjande av idrotten.
prot-1913--ak--49,i-143PQsPmxrDX1k4aJzLyK,u,,"man här icke medtagit arbetsgivarbidrag. Ja, detta är naturligtvis en fråga av synnerligen vital betydelse, men är det rik-"
prot-1913--ak--53,i-18GiQVSPGKVeHy5rw3E81,margin,Protokollsnummer,Nr 53.
prot-1913--ak--53,i-18xRHKdNRE2LJYGGWo7W6,margin,,Angående ett statsstuteri å Ottenby kungsladugård.
prot-1914-b-fk--10,i-1HaiR4d2i8nzpqGsLvwWE,note,,"Robert Dahl, Leg. läk."
prot-1914-b-fk--52,i-1MGvcjhyHwtLNdWDRxyaT,margin,,och omyndigs kommunala
prot-1914-b-fk--15,i-1bjyntMp1P53KS6CzLqNp,margin,,Interpellation ang. nykterhetslagstiftning. (Forts.)
prot-1914-a-ak--23,i-13xAcsz753ksXg9TvC1jQ,note,,vid kontoret i Visby
prot-1914-b-ak--59,i-172pbh4t3c85gdhhph934,u,inledning till omröstning,"Den, det ej vill, röstar Nej"
prot-1915--fk--61,i-1NVZ3VpgKGTe3tf3zZ4Lg,margin,Protokollsnummer,Nr 61
prot-1915--fk--1,i-1Xux19ajWXpBv8dmGp2cC,note,,Förteckning å de ledamöter av Riksdagens Första kammare för vilka fullmakter granskats inför chefen för justitiedepartementet den 13 januari 1915.
prot-1915--ak--58,i-13aSnhp9PBAQeKXseBEb6,u,,"Den kommittè, som behandlade nämnda ärende, upptog ävenledes till granskning ett projekt om en snabbroute mellan Göteborg och Immingham (Hull). Emellertid ansågs, att staten ej gärna med subsidier kunde stödja det engelska Wilsonbolaget, vilket som bekant haft ett mångårigt och mycket inkomstbringande monopol på trafiken mellan Göteborg och Hull. Saken ligger emellertid annorlunda nu. Wilsonlinjen har på grund av kriget indragit sina båtar på Göteborg, och förbindelsen skötes nu genom svenska ångfartyg, som även medföra post till Ryssland. Jag kan icke tänka mig, att denna linje Göteborg- Hull eller Göteborg-Immingham, som är den genaste och naturligaste förbindelsen mellan Sverige och Storbritannien och som leder rakt in i Englands förnämsta merkantila och industriella centra, Liverpool, Manchester, Scheffield, Birmingham m. fl. betydande platser, skall återgå till sitt förutvarande skick. Här bör en svensk snabbroute tillsammans med en engelsk dylik efter kriget träda 1 verksamhet. Det må framhållas, att routen Petersburg-Reval-Stockholm-Göteborg-Immingham utgör en så nära som möjligt rät linje och att om en förstklassig kommunikationsled här upprättas, en sådan i snabbhet och bekvämlighet kommer att bli vida överlägsen routen Petersburg-Stockholm-Kristiania -Bergen-Newcastle. Emellertid bör man ihågkomma, att routen Bergen-Newcastle har fem förstklassiga förbindelser i veckan, varför från vår sida åtgärder böra vidtagas för att åtminstone få förbindelser varannan dag till stånd över Göteborg- Hull eller Immingham."
prot-1915--ak--74,i-167nYpqL6MM1kNf11pPax,margin,,Tisdagen den 11 maj. 15 Nr 74.
prot-1915--ak--85,i-18c5NdHHunbTvdRbMRc1e,u,,Vad som därnäst mest tilltalar mig äro de vid bevillningsutskottets betänkande fogade författningsförslag men utan sammankoppling med bestämmelserna om kommunal folkomröstning.
prot-1916--fk--56,i-13Qqf1FjCd2aBpMtFNzxL,margin,,Ifrågasatt tillägg till 12 $ i bevillningsförordningen. (Forts.)
prot-1916--fk--52,i-15VnHPTdFjfYWejM4SUA9,u,,"Vidare har man dragit fram såsom en betänklighet mot att följa reservanterna, att vissa enklare vägar i Norrland - Â»vägar av enklare beskaffenhet> - som icke byggas ens till 3,6 meters bredd, skulle komma att uteslutas från automobiltrafik, om man följer reservanternas förslag och alltså låter bestämmelserna i den nuvarande förordningen stå kvar. Häremot behöver man endast erinra, att i vilketdera fallet som helst icke alla vägar ovillkorligen skola uteslutas eller upplåtas för automobiltrafik vare sig man bestämt vägens bredd till att överstiga eller till att minst uppnå 3,6 meter och att särskilt i Norrland stora sträckor av vägar, som icke hava större bredd än 3 meter, redan äro upplåtna för automobiltrafik."
prot-1916--fk--81,i-19pUzJQsb4bV4PJuGVeak,u,,"deles för litet för att komma ifråga - när alla större projekt, som framfördes vid undersökningen visade sig icke vara hållbara, fanns"
prot-1916--ak--54,i-13RmQFd6ERYUPoCwU9jwP,note,,"I anslutning till vad herr Öberg m. fl. föreslagit uti en inom andra kammaren väckt och till jordbruksutskottet hänvisad motion, nr 111, hemställde utskottet, att riksdagen måtte i skrivelse till Kungl. Maj:t anhålla, att Kungl. Maj:t ville utreda, huruvida och på vad sätt utbildningskurser borde anordnas för kvinnliga ladugårdsskötare i Norrland och Dalarna samt för riksdagen framlägga det förslag, vartill en sådan utredning kunde föranleda."
prot-1916--ak--71,i-13fK3LuHvEw8ifKiAB6jS,u,,"taljer, utan endast i de verkligt betydelsefulla frågorna. Ett så-"
prot-1916--ak--67,i-171FcPUThuhTZW7L36UZt,unknown,Vad är det? Ocr-fel?,Â» >Â» Â»
prot-1917--fk--46,i-1CDi8mVg6rc9FYvazC7r5,margin,,(Forts.)
prot-1917--fk--60,i-1McdnPGHe4W1QEFZqtt7K,note,siffror i tabell,"- | - 10000 5,000] - 2,500| 600) -8,100 15,000| - 7,500) 1,800] 24,300"
prot-1917--fk--39,i-1MySE2Rh1ftxUERyAJRvq,u,,"Jag vill sluta med att säga, att det ligger i högerns händer att åstadkomma en sådan utväg, att frågan lyftes över partierna, ty icke är det vi, som giort den till en partifråga, utan det är högern. Jag hemställer om bifall till yrkandet om återremiss."
prot-1917--ak--35,i-12oBTyB8Grh5GUEZMZofM,margin,,Fredagen den 23 mars. 5 Nr 85.
prot-1917--ak--52,i-1331no2itw5bCUGCDvTzj,note,,b) att ifrågavarande motioner icke måtte till någon riksdagens åtgärd föranleda.
prot-1917--ak--41,i-1BGSaRLU1CrrjzFrHmFge,u,,"Jag tror, att när man utgår från den synen på tingen, så måste man säga, att det i egentlig mening frätande och förstörande för dem, som vilja bevara människorna själva såsom samhällets största värde, ligger i penningens makt, som herrarna vilja befästa. Kännen ni icke något av skamkänsla - ja, rent ut sagt skamkänsla! - över att förhållandet skall vara sådant, att om fattiga barnaföderskors män för att kunna klara sig för tillfället, måste låta kommunen träda emellan, då komma de att förlora sin politiska rösträtt, därför att herrarna hålla på det. Borde icke en skamkänsla krypa över er alla, när så är, att världen befinner sig i nödläge och dyrtid och dessa medborgare dock icke få genom sin röstning deltaga i samhällets politiska liv? När det gäller rent sedliga värden, bekämpande av sprit, brännvin och alkohol, är man så mån om att bevara penningens makt, att man i själva verket icke vill gå med på det lokala vetot, och detta med det öppna motivet, att det skulle betyda att skjuta en bresch i den 40-gradiga skalan. Det innebär ett förstörande av sedliga värden bara för att penningen fortfarande skall prägla vårt politiska liv. Ã„r detta konservatism? Nej, och detta blottar en djupgående förändring i högerpartiets struktur. Den gamla konservatismen, som tt. ex. framträdde inom ämbetsmannavärlden förr i tiden, som åtskilliga minnas och som vi aktade högt, hade dock den förtjänsten, att den ville bevara något av traditionen, av känslan för det hävdvunna. Men nu vill man något helt annat. Här har trängt igenom i den nutida högern något, som är en reflex, ett utslag av hela sambhällets liv, men som det är av vikt för alla, som vilja skydda samhällets högsta värden, att på det allra bestämdaste reagera mot."
prot-1918--fk--48,i-11vtGjSVGzGGhtbXbAhUS,margin,Protokollsnummer,Nr 458.
prot-1918--fk--2,i-181pppg6oahpC4mSntva6,note,,"nr 23, av herr Wickman, angående årligt understöd åt renskriverskan Alfhild Maria Westring"
prot-1918--fk--50,i-1CJUYcRASaPgMRAGnepL3,margin,,Om tilläggsbidrag till
prot-1918--ak--31,i-16KzAvt6Giyg1oP2d8XDX,title,Ska vara paragraf § ,& 19.
prot-1918--ak--18,i-173wQYaWLbuDGpmj2EQqu,intro,,"Herr Månsson i Hagaström, som anförde:"
prot-1918--ak--66,i-1Ap4F4eiiSUKH1VqT1Zxm,u,,"åtskilligt hårt det där. Och sedan han tjänstgjort denna långa tid,"
prot-1919--fk--16,i-14bBnmjnz5EUTreZw5KX4,u,,Utskottet yttrar följande: Â»Såsom av det föregående fram-
prot-1919--fk--53,i-14s6CBv7qVph8HY2ucaRg,note,,"I övrigt, och som - - - - stadgat är."
prot-1919--fk--22,i-18BmBNDpgxjDGocDa9u5S,margin,Protokollsnummer,"Nr 22,"
prot-1919--ak--9,i-11fD83BaQiqpb7X6Qepog,margin,Protokollsnummer,Nr 9
prot-1919--ak--31,i-14JHsWegf7pnfZ6dy1uQ1,note,,"nr 15, i anledning av Kungl. Maj:ts proposition med förslag till lag om fondkommissionsrörelse och fondbörsverksamhet samt till lag om ändring i lagen den 22 juni 1911 om bankrörelse ävensom en i ämnet väckt motion"
prot-1920--fk--11,i-11igi9f4TwwMk8WEQ4c8B,margin,Protokollsnummer,Nr 11.
prot-1920--fk--9,i-13TKXWiDph7T39X5HcJNp,margin,,färsk fisk till
prot-1920--fk--21,i-16tAv2KG71VwR1d4umUiU,u,,"Bemödandena fortsattes därför att framkalla ett påbyggande av lagen eller andra åtgärder för skogsvårdens främjande. Andra kammaren uttalade sig därvid ibland för dylika angelägenheter. Sålunda biföll kammaren exempelvis åren 1903, 1907 och 1908 förslag, att ägare av skogar av mera betydande omfattning måtte åläggas att å dem införa uthålligt skogsbruk."
prot-1920--ak--30,i-11HsB3aX4b1QQkddEJhKT,margin,,(Forts.)
prot-1920--ak--7,i-11UPVzM6zW76rprcxpncT,title,,Onsdagen den 21 januari. KI. 11 f. m.
prot-1920--ak--8,i-112SPsVtui3JnK3Z5EyBNC,note,,"nr 133, av herr Brännström m. fl."
prot-1921--fk--42,i-13R7NgE47mmdSwEnwepcd,margin,,tralfängelserna å Långholmen och Härlanda. (Forts.)
prot-1921--fk--44,i-16ddLuLzXTQiEFv2jNMwn,margin,,Lagförslag om arbetstidens begränsning.
prot-1921--ak--17,i-11mTZEwJhRnUs9GEGA2HW,note,,dels ock förslag till lag om rätt i vissa fall för polismyndighet att omhändertaga djur.
prot-1921--ak--57,i-16b9biE9f5VXD5Ec4Bn93,u,,"Herr talman! Washingtonkonferensen torde snart inte ha annat än historiskt intresse. Man kan ha vilken uppfattning man vill om en internationell reglering av arbetstiden, men i och med det förhålladet, att Förenta staterna inte från början ansågo sig kunna deltaga i det sammanträde, varvid denna konvention skrevs, var nog saken den gången fallen. Lika litet, som Förenta staterna ville avrusta, då det gällde krigsberedskapen, lika litet ville man avrusta, då det gällde den ekonomiska krigsberedskapen."
prot-1921--ak--15,i-16kpa4mgfSN8FayJCtb2g,u,,"För övrigt vill jag erinra om - jag antydde det i mitt förra anförande - att det var en huvudlös riksdag på sin tid, år 1910, som tillät den ohöljda Â»förryckningshistoriaÂ», som antagandet av vår nuvarande tulltaxa innebar för Sveriges industri. Nu ha i viss mån de aktieägare och fabrikanter och arbetare rätt, som säga: veta herrarna icke, vad ni vilja? Skola ni en gång votera tullar och sedan vägra att gå på och fortsätta att göra dessa högre undan för undan? Det borde ni ju känna till, att den ena tullförhöjningen drager den andra med sig. Med varje tullförhöjning följa ju även nya fabriker, med varje ny fabrik följer konkurrens, ännu större konkurrens än förut på inlandets marknader, hjälplösheten blir ännu hopplösare och krascherna komma allt närmare och oundgängligare. Och när icke mera några tullförhöjningar hjälpa, då kraschar det hela, knall och fall. Den utvecklingsgången är ohjälplig och ofrånkomlig i alla de länder, som gett sig in på en politik med höga tullar. Ni skola få se, att det kommer att gå den vägen även här, inom inte alltför lång tidrymd. Om tjugu eller trettio år få edra barn en gång vända upp ur plurret, när gyttjan går dem till munnen - nu går den oss till"
prot-1922--fk--10,i-13UwVru3SkAq13dDhiAoA,note,,"Föredrogs och hänvisades till konstitutionsutskottet den av herr Hallin m. fl. väckta motionen, nr 105, angående eventuellt ändrade tidsbestämmelser m. m. för statsrevisionen."
prot-1922--fk--20,i-19uwdGt3r5eaWwinBf1WR,margin,,(Forts.)
prot-1922--fk--1,i-1AJxBqFwtWLLMpr8T8cHn,note,,I övrigt blevo de granskade fullmakterna lämnade utan anmärkning.
prot-1922--ak--35,i-11KCnRHAv2NzEYmYqKReJ,u,,"Det är sålunda under inga förhållanden för att förringa skolans uppgift, som jag tagit till orda, icke heller för att lägga skulden för de överklagade förhållandena på enskild man eller på inspektörerna. Det finnes inspektörer, som fara fram på ett oklokt sätt, och det finnes kloka och förståndiga sådana, liksom detsamma kan sägas om skolråd och församlingar. I denna dechargedebatt - ty det artar den sig att bli genom förutvarande statsrådets yttrande, då han begagnade detta tillfälle att söka fria sig från uttalanden, som, såvitt jag vet, icke förekommit 1 denna kammare, och det må vara honom väl unnat - skall jag be att få svara på hans fråga, hans uttryckliga fråga, som han icke fått svar på. Ã„ven utskottets ärade ordförande framställde densamma: varför påtalade icke 1919 års riksdag i dechargebetänkandet denna sak, och varför skulle det dröja åratal, innan invändningarna kommo mot skollagstiftningen? Jag skall giva utskottets ärade ordförande rätt uti, att det är alldeles avgjort så, att det var uppsatsen i Stadsförbundets tidskrift av doktor Grönvall, vilken väckte mycket stor uppmärksamhet, som 1 viss mån gav ett uppslag till tankarna i detta avseende, och mot vederhäftigheten av denna framställning har, såvitt jag vet, icke några berättigade invändningar kunnat göras. Men det finnes också"
prot-1922--ak--45,i-1127GizzVTmF4C7QHhom78,u,,"han icke vill, att folket och riksdagen skola ha med de ekonomiska 4n9. ändring"
prot-1922--ak--36,i-15b8bs8bwhpWYHpefVSGJ,u,,"Herr talman, mina herrar! Den sky av vittnen, som vi sett uppträda kring den siste ärade talarens anförande, kunde ju kanske vara ägnad att göra en något betänksam, när det gäller att ge uttryck åt en uppfattning, som rör sig efter helt andra linjer."
prot-1923--fk--28,i-11pucYe3T3V8R4w8uvZU2,u,,Herr greve och talman! Jag har endast att framställa yrkande om bifall till utskottets hemställan.
prot-1923--fk--14,i-112AvsKQgK8JZjMZjrdFvS,note,inledning till omröstning,"Den, som godkänner 1 $ i det av första lagutskottet i utlåtande nr 6 tillstyrkta lagförslaget, röstar"
prot-1923--fk--25,i-198ZcxaEi58W5aQxhTBi1,margin,Protokollsnummer,Nr 25.
prot-1923--ak--37,i-138kSp8fQsGQ9u9DMQGid,note,,"Utskottet hemställde, att riksdagen måtte, med bifall till före-"
prot-1923--ak--16,i-14Co1usLSNhUT3qDXnMJv,margin,Protokollsnummer,Nr 16.
prot-1923--ak--38,i-19DXcsF3gFX2CPoNbTTeh,margin,,"Fredagen ' den 18 maj, f. in. 73 Nr 388,"
prot-1924--fk--36,i-18fmBP5xJAfUpNw9QusKf,margin,,Ang lönetillä
prot-1924--fk--36,i-1D6VLHk6bQzZvNbriBrY4,margin,,Ang. ändring i förordningen om automobil-
prot-1924--fk--13,i-1EQGJDa3HsV7LL3hJQ8s1,note,,"När kärl, som innehåller maltdryck, är försett med etikett, skall klassbeteckningen vara på tydligt framträdande sätt anbragt före den övriga texten å etiketten."
prot-1924--ak--45,i-12wLJjZXNJAwewpTxp4S7,note,,"nr 1i B, angående regleringen för budgetåret 1924-1925 av utgifterna under riksstatens elfte huvudtitel, innefattande anslagen till pensionsoch indragningsstaterna"
prot-1924--ak--43,i-15aEUfbJiMgpzffwDftBT,intro,,Herr Lindkvist i Halmstad:
prot-1925--fk--16,i-112ZJUvw6bQQ5dMzL3jaTK,margin,Protokollsnummer,Nr 16.
prot-1925--fk--19,i-1LuBTfGDhCvyFnanv5hRJ,note,,"Föredrogs ånyo och företogs punktvis till avgörande statsutskottets utlåtande nr 8, angående regleringen'för budgetåret 1925-1926 av utgifterna under riksstatens åttonde huvudtitel, innefattande anslagen till ecklesiastikdepartementet."
prot-1925--fk--7,i-1U9xYqhjnseihfoYLrueK,note,,"dels ock till riksdagens förordnande, nr 15, för revisionssekreteraren m. m. E. G. Geijer att vara riksdagens justitieombudsman."
prot-1925--ak--41,i-112LXEgEsror1naQarzqR4,note,,"i Stockholms, Malmöhus samt Göteborgs och Bohus län.......... 3,500 kronor 1 Gotlands län......sseossesrseereererserrrrrsr sr rss esse s rss sea 1,500 =Â» 1 ÖVIIgA läDsssseeeseeerereeeeseerere ere ere rr rr r rer sr sr rese es ss sa 2,500 Â»"
prot-1925--ak--42,i-1CV1iC2X9J93cojSRFwwt,u,,"Hyste utskottet den uppfattningen att polisverksamheten bleve mycket bättre genom inrättande av stora distrikt, så skulle jag kunna förstå utskottets mening med den stora skillnaden i statsbidragens storlek, men om herrarna granska utskottsutlåtandet, sidan 7, sista stycket, så heter det där: Â»I ett synnerligen stort antal fall torde på den egentliga landsbygden, där polisverksamheten väsentligen måste bestå av indrivningsarbete, denna polisverksamhet bättre och billigare kunna ombesörjas av befattningshavare av de nuvarande fjärdingsmännens typ, vilka hava befattningen såsom en bisyssla vid sidan av annan verksamhet. De stora tjänstgöringsområden, som ett genomförande av förslaget skulle medföra, skulle också sannolikt draga med sig olägenheter i olika avseenden.Â»"
prot-1925--ak--37,i-1DTgixu1uQJtZmTd7mrCZ,margin,,Fredagen den 22 maj. 25
prot-1926--fk--9,i-118hwi34mz4GPhFDs9XFp,margin,Protokollsnummer,Nr 9.
prot-1926--fk--3,i-17Tn9jAj5nFLbBAcCzT81,margin,Protokollsnummer,Nr 8.
prot-1926--fk--35,i-19eMHxXwwvuBsfmTAY8wJ,margin,,av postsparbankens inlåningsrätt.
prot-1926--ak--42,i-14MBLrrdniV6DiQyf8K5Y,note,,"Ã„r 1926 den 27 maj sammanträdde kamrarnas valmän för att jämlikt $$ 71 och 73 riksdagsordningen utse dels fullmäktige i riksgäldskontoret efter greve J. G. Lagerbjelke och herr H. M. Bäckström, vilka voro i tur att avgå, dels ock suppleanter för fullmäktige i nämnda kontor"
prot-1926--ak--24,i-17s4ZQYB51aJYXEyxC89n,u,,"Det har gjorts ett stort nummer av en felaktig uppgift i min motion, där det står talat om en tjänsteman i en mycket hög ställning, vilkens hustru enligt min uppgift åtnjutit tjänstledighet under 471 dagar på fem år, men som allenast haft ledighet under 297 dagar. Anmärkningen är riktig, och jag beklagar att denna felaktighet kommit in i min motion. Vederbörande, i detta fall hennes man, har upplyst mig om, att siffrorna i så måtto voro felaktiga från postdirektionen, som lämnat dem, att den tagit upp siffrorna för fem år, d. v. s."
prot-1926--ak--28,i-18RGGFNK9af315HaqZ5GP,note,Beslut,"Vidare yttrades ej. Kammaren biföll utskottets hemställan,"
prot-1927--fk--15,i-11246JswyCD5Muc18ySf43,margin,Protokollsnummer,Nr 15.
prot-1927--fk--38,i-112UgURAzPBD33PaNxUE3U,margin,,32 Tisdagen den 31 maj f. m.
prot-1927--fk--3,i-15FSrUoMufVb3QJT9cD57,u,,man icke i förväg kan beräkna men som naturligtvis i varje framlagd budget
prot-1927--ak--33,i-112Myxr2TEoc7h22go4ci6,u,,"Herr andre vice talman, mina damer och herrar! Då man följt behandlingen av den kungl. propositionen i skolfrågan, har man ej kunnat undgå att märka en påtaglig iver att till varje pris få denna fråga med dess många och komplicerade spörsmål löst redan i år. Varpå denna brådska beror, har man svårt att fatta, men kanske är det ej meningen, att vanliga dödliga sköla fatta orsaken därtill. Ecklesiastikministern tycks i varje fall ej vara orsak till denna brådska, ty han förklarade vid ett offentligt möte, att han ej skulle bli förvånad, om en så svår fråga ej utan vidare"
prot-1927--ak--15,i-14JTnSTH2JdVfDsJoYqCe,margin,,Ang. ordensväsendets avskaffande.
prot-1927--ak--29,i-15rH13vNfhsgX1phy8LUB,note,,"b) då aktie, lott, andelsbevis eller delaktighetsbevis utan mellangift utbytes mot annan eller andra aktier, lotter, andelsbevis eller delaktighetsbevis i samma bolag och till enahanda eller lägre belopp"
prot-1928--fk--37,i-1Jx3SWrZRuS2pqi25pGEG,u,,en psykiatrisk klinik i Lund.
prot-1928--ak--34,i-152Tp6ZubHrikotqYe1qC,note,,"av herrar Kvarnegelius, Carl Johansson och Pauli, vilka ansett, att utskottets yttrande beträffande frågan om ökning av musikpersonalen vid Skånska kavalleriregementet bort hava följande lydelse:"
prot-1928--ak--19,i-19LhazncCpcyX6wRVJ1H6,u,,"Således, utsikten att företaget verkligen en gång skall bli till ekonomiskt gagn för oss är lika med noll. Då ligger det hela så: Ã„r det så nedsättande för oss att definitivt förklara, att vi draga oss tillbaka från denna historia? Jag kan förstå, att för många kan en dylik reträtt kännas ytterst förödmjukande. Men även i andra kristidsföretag har man fått göra stora reträtter. Vi behöva blott se på kreditkassan och vad den kostar."
prot-1928--ak--33,i-1Ao8bKMHvrFfQyfx5ct4b,margin,,28 Onsdagen den 9 maj.
prot-1929--fk--29,i-165ohrVikEfHt4iEw1Frg,u,,"Den första fråga, som reser sig vid behandlingen av dessa motioner, är, om det verkligen kan anses föreligga ett behov av en omorganisation av riksdagsarbetet. I det hänseendet tillåter jag mig framhålla, att utskottet för sin del vitsordat ett sådant behov. Utskottet säger, att det inom riksdagen torde råda en bestämd mening, att i vissa hänseenden riksdagsarbetet behöver omorganiseras. Jag tror också man kan säga, att erfarenheten vitsordat behovet av en omorganisation av riksdagsarbetet. Vi kunna ta ett exempel på detta just ifrån innevarande riksdag, ett exempel, som för kammarens ledamöter torde ådagalägga, hur verkligt behövligt det är, att någonting göres för att få ett bättre arbetssätt."
prot-1929--fk--13,i-19i28cwXeuBAXUuaFSoAz,u,,"Herr Dahl påpekade ett par saker angående avskrivningarna i spritcentralen. Jag har också observerat, att förfarandet där hade gått något krokiga vägar. Emellertid kunde jag icke finna av vad monopolutredningen påpekat i den frågan, att det var någon oredlighet med i spelet eller att något blivit tövat från staten."
prot-1929--fk--30,i-1KTmRseBSyckFvzpJU45N,u,,"beträffande undervisningen 1 detta ämne, att det inte gick över barnens fattningsförmåga och ej kränkte andra människors övertygelse än deras, som t. ex. tillhöra en viss kyrklig riktning."
prot-1929--ak--35,i-13nr3APkUo3sT3f36w8Wp,u,,"Det är bara dessa påpekanden jag har velat göra nu och jag hoppas, att jag icke mera behöver återkomma vid detta tillfälle, i synnerhet som motionären icke har ansett sig i sakens nuvarande läge kunna framställa något yrkande. Det skulle eljest finnas åtskilligt mer att säga i denna debatt, men jag tycker icke det gagnar saken i nuvarande läge."
prot-1929--ak--36,i-16tQktSdBb7V9y8CUQnUj,unknown,"Ingen länk till KB-lab, för litet uttag för att veta vad det är",Ja
prot-1929--ak--5,i-1BrfBfjorDJjoVfLF8TFZ,note,,"herr Andersson i Falkenberg, nr 136, om avslag å Kungl. Maj:ts förslag om indragning av Falkenbergs sjömanshus"
prot-1930--fk--33,i-17MwPwTpR7p15Aq5VeFm9,u,,"dogmatisk undervisning eller inte. Jag får visserligen medge, att jag inte kan klara upp skillnaden emellan en konfessionell undervisning, som bör finnas, och en dogmatisk, som ej får finnas, ty den egentliga skillnaden emellan konfession och dogm är väl, så vitt jag begriper det, att det ena är latin och det andra grekiska. Man kan inte alldeles taga bort dogmen, om man skall ha en konfession. Jag vill emellertid inte alls lägga tonvikten härpå, ty enligt min mening är undervisningsplanen fullkomligt riktig därutinnan, att den Just lägger tonvikten på det objektiva och historiska meddelandet av de religlösa sanningarna, men där är ju frågan denna: då man enligt den fullkomligt riktiga anvisningen 1 undervisningsplanen skall gå till källorna så äro källorna här tre - bibeln, psalmboken och katekesen. Bibeln är ett uttryck för den äldsta kristendomens lära och den gammaltestamentliga läran"
prot-1930--fk--19,i-19h8HWgSaaA9u3VhVgYAe,u,,"TI fråga om denna punkt föreligger ingen skillnad i klämmen för utskottsmajoriteten och reservanterna, av vilka jag utgör en. Skillnaden hänför sig till ett stycke 1 motiveringen och rör frågan, huruvida riksdagen nu skall anslå medel jämväl för stenröjning. Detta anslag är som bekant avsett dels till understöd av nyodling, dels till betesförbättring, och nu är det även föreslaget, att det skall avse ett understöd till stenröjning. Därom äro alla ense, att det under dessa tider är synnerligen önskvärt, att betesförbättring, som utgör ett förbilligande av produktionen av betesgräs, främjas och stödjes från statens sida. Det blir redan mera tveksamt, huruvida man under dessa för jordbrukets ekonomi så brydsamma tider verkligen skall gå in för nyodling. Nyodling är ju redan nu en i förhållande till jordens ekonomiska avkastningsförmåga mycket oviss och - för att inte säga - i de flesta fall förlustbringande affär, och under sådana förhållanden måste man åtminstone vara ganska tveksam."
prot-1930--ak--39,i-12fW5BWh61auVngQgTpp1,u,,Herr talman! Jag har tillika med några andra utskottsledamöter reserverat mig mot utskottets avslagsyrkande på Kungl. Maj:ts äskande under denna punkt.
prot-1930--ak--29,i-146L9MdfgEts2mxbKHtjt,u,,"Herr förste vice talman! Att döma av den förströdda uppmärksamhet, som kammaren ägnar denna fråga, kan man tro, att önskningarna att stärka regeringsmaktens ställning icke ligga kammaren så vidare varmt om hjärtat. Men det är också möjligt, att denna brist på intresse beror därpå, att kammaren förmodar, att sakens utgång är klar - som Ju också konstitutionsutskottets ärade vice ordförande pessimistiskt lät förmoda i sitt inledningsanförande. Vidare torde denna brist på intresse bero därpå, att samma frågor diskuterades ganska grundligt för två år sedan, då en motion av av liknande art väcktes - enligt min mening på lämpligare tidpunkt. Ty det är självfallet sista riksdagen under en period, som grundlagsfrågor av denna art böra komma till avgörande."
prot-1930--ak--18,i-16dJUpMc3QAxBPXf42e3L,u,,"såväl då det gäller anläggning av allmänna vägar och broar som då det gäller vägförbättringar och underhåll. Detta gör, att man inom vägdistrikten har möjlighet att planmässigt ordna sitt arbete på vägväsendets område, och man"
prot-1931--fk--34,i-1127TwWwue8R8KUr61ZDc8,title,,Lördagen den 9 maj e. m.
prot-1931--fk--18,i-134wyEdfJ3AqL9d5h9sjd,note,,"nr 34, i anledning av väckt motion om understöd åt kaptenen G. A. Ã…ström"
prot-1931--ak--29,i-1D4vet1mRYhaB3yS5ZV8v,u,,"Jag sade i mitt förra anförande, att även myndigheterna - jag menade naturligtvis inte flygarna - hade framhållit vissa reservationer i sina utlåtanden, och det hade varit regeringens sak att fästa sig vid de reservationerna. Beträffande flygarna måste man säga, att de äro väl ändå i någon mån sakkunniga, när det gäller att bedöma flygplanen, ty det är dock de, som få stå riskerna, om maskinerna störta."
prot-1931--ak--15,i-1GacDNwkr89RZcbx2cv4h,note,,Västerbottens län.
prot-1932--fk--4,i-14C6z6eXCeGEfb5HrEkSG,u,,"procent, och i städerna har överskottet vuxit från 310 miljoner till 641 mil-"
prot-1932--fk--3,i-14moV9GrxpZp5VSDqWuAE,note,,"Herr talmannen tillkännagav, att anslag utfärdats till sammanträdets fortsättande kl. 8 e. m."
prot-1932--fk--36,i-18GZW8gogqndwo1MaDtjL,margin,,Första kammarens protokoll 1932. Nr 36. 1
prot-1932--ak--20,i-11QQMx9GiKveDZcgk5mZA,margin,,2 | Måndagen den 29 februari.
prot-1932--ak--37,i-1CFVmck6qcs2Qu1kFGB8o,u,,Herr talman! Naturligtvis är det en olägenhet att behöva med korta mellanrum ändra en förordning. Men det är väl i alla fall bättre att göra detta än att uraktlåta att hjälpa jordbrukarna i deras nuvarande nödläge. Att bringa sådan hjälp tycker jag är det väsentliga
prot-1932--ak--53,i-1GP1jhn4HtP16p76jNbk4,u,,"Vad slutligen beträffar det herr Per Albin Hansson hade att andraga och det där hotet om att han skulle sätta sig i spetsen för en kår, så vill jag säga det, att när den dagen kommer då herr Per Albin Hansson med sitt folk vänder sig till den ansvariga polismakten här i denna stad eller någon annan kommun och säger: Vi stå till edert förfogande för att upprätthålla ordningen tillsammans med den ordinarie polismakten, då har verkligen någonting hänt, som jag skall hälsa med glädje och tillfredsställelse. Det blir en annan anda, herr talman, mina herrar, än då de svenska fackföreningarna på ort efter ort rycka till sig det s. k. ansvaret för ordningens upprätthållande under en upprörd konflikt med den ordinarie polismakten."
prot-1933--fk--45,i-136KTaRGVqpTyBeSQsv8Q,note,,"nr 18, i anledning av dels Kungl. Maj:ts proposition nr 209 med förslag till förordning om erkända arbetslöshetskassor m. m., dels ock i ämnet väckta motioner"
prot-1933--ak--22,i-13aVkKLuD6hhzaY1mh1yK,u,,fallen.
prot-1933--ak--22,i-14m5SMAm8Jv9NqN9yA3Vb,u,,"Ang. vissa anslag under fjärde huvudtiteln. (Forts.) slag på hela det föreslagna anslaget under denna huvudtitel, ber jag, herr talman, att få yrka avslag på den punkt, som nu är föredragen. Jag kom-"
prot-1933--ak--23,i-14peNyoA6u4e1FUCqpTcf,u,,"Nu är ju skattelagstiftningen ett oerhört invecklat problem, men de här suveräna intelligenserna, Hagberg och Brädefors, knäcka de största och svåraste problem med en motivering på sex rader och en mer eller mindre förvirrad kläm. Det har framhållits från andra talares sida, hur uppenbart bristfällig motiveringen i herr Hagbergs motion är. Därutöver skall jag bara erinra om att skatteutjämningskommittèns betänkande numera föreligger färdigt och att betänkandet nu kommer att undergå ytterligare bearbetning, som väl småningom leder fram till en proposition i riksdagen, och sedan blir det väl fråga om att giva åt kommunerna ett solidare skatteunderlag än vad de för närvarande ha. När alla dessa saker, som alltså till en del redan äro utredda och till en del kräva ytterligare utredning, äro klara, få väl herrar Hagberg och Andersson i Stockholm och vi andra också, komma med de ändringsyrkanden, som vi vilja framställa i dessa frågor, ty man kan väl inte på nytt, sedan"
prot-1934--fk--17,i-14Dxmaigy11w75TCRen4F,intro,,Herr Wagnsson:
prot-1934--fk--24,i-14odGR1e6HnoERGGqZMAn,u,,"Det är tydligen en oviss punkt, men jag hoppas i alla fall, att lagen kommer att så framskjuta sakkunskapens betydelse, att den anses såsom en statens angelägenhet och icke såsom en angelägenhet, varmed parterna kunna bolla, allteftersom de ha råd att betala de ofta mycket dyrbara experterna. Från sådana synpunkter hälsar jag detta lagförslag som en ljusning för en kommande tid."
prot-1934--fk--5,i-16MDKJWcGQMiiMHKHvVA8,note,,"På gjord proposition bifölls ansökningen för den tid, det i åberopade läkarintyget omförmälda hindret varade."
prot-1934--ak--42,i-112aGkcKsfhVtisz4LdMfd,margin,,Lördagen den 2 juni f. m. Nr 42. 41
prot-1934--ak--26,i-12vZH4NZYwe7ZVgVHcLhg,margin,,68 Nr 26. Onsdagen den 18 april e. m.
prot-1934--ak--44,i-16BPzxjx6jcHUdDqg6GN1,u,,"När herr Lövgren talar om att det behövs driftskapital för att köpa på den öppna marknaden, ber jag att få fråga: huru mycket behövs i driftskapital? Det finns ingenting sagt om detta. När jag i mitt första anförande frågade, om det fanns skeppningsvalutor, som kunde täcka bolagets utgifter till februari månad, lyckades jag varken från herr statsrådet eller herr Lövgren få något svar därpå. Har man diskonterat på förhand eller finns det säkerheter till årets början? Det vore angenämt att av en person, som är initierad, få reda på detta. Herr Lövgren talade också om för kammaren och för talmannen, att det gjorts en värdering av sågverket och pappersmassefabriken, som slutade på 8,609,000 kronor. På vilka grunder är denna värdering baserad? Ã„r den baserad på vad det skulle kosta bolaget att bygga upp det hela? Ã„r den baserad på vad det skulle kosta, om bolaget skall förränta nedlagt kapital eller varpå är den baserad? Jag tror nog, att det kostar 8,609,000 kronor, men därmed är icke sagt, att det har det värdet, ty det kanske icke har något värde alls eller mycket obetydligt värde, om bolaget går med förlust. Att detta värde skulle täcka statens insats, är fullkomligt orimligt. Man skall inte underskatta vad kommerskollegium yttrat i ärendet, när man talar om denna sak. Om man säger, att vinsterna motsvara uppoffringarna, och att man fått in insatserna från staten genom inbesparande av utgifter för arbetslöshetshjälp, Ja, för allt i världen, herr talman, säg då ut det, att staten skall på det sättet hjälpa arbetslösheten i denna kommun med så och så många hundratusen eller kanske miljoner kronor om året. Då blir det ju rent och klart utsagt, så att staten vet vad den har att göra, så att man icke går i blindo och säger, att rörelsen uppehålles genom bidrag, som ersättas genom att bereda staten vissa indirekta förmåner. Låt staten veta, att staten skall betala så och så mycket i arbetslöshetshjälp genom att hålla verksamheten uppe."
prot-1935--fk--28,i-1MdcwqwGHrkzDVgvnSzMk,u,,"Herr talman, ärade kammarledamöter! Såsom motionär i denna fråga nödgas jag trots den sena timmen besvära kammaren med ett litet anförande. Att jag motionerat i frågan beror på att jag själv lärt och utövat detta yrke samt någon tid bedrivit det i egenskap av Â»småbagerimästareÂ», som det heter på fackspråket. Jag har därför haft intresse för frågan alltsedan lagstiftningen kom till år 1919. Jag har följt dess behandling här i riksdagen, och vid varje tillfälle som den varit uppe har det stått klart för mig, att, såvitt jag kunnat förstå, en oriktighet begåtts genom att dessa s. k. familjebagerier fått en undantagsställning. Man säger här 1 utskottsbetänkandet, då man motiverar yrkandet om avslag å den av mig här i första kammaren framburna motionen:"
prot-1935--fk--35,i-1PgmvDdg41JTK53v6Wy4e,note,,Punkten D 2. Utskottets hemställan bifölls.
prot-1935--fk--23,i-1RrX3w4UtCD3hXjfShjnw,note,,b) att herr Lindhagens motion I: 22 må anses besvarad med vad utskottet ovan anfört.Â»
prot-1935--ak--12,i-11hBYEiFkow5Z4EYBUXQe,note,,nr 497 av herr Danielsson m. fl.
prot-1935--ak--28,i-11kcYnT9LLPVy1uFj9FaP,u,,"Rundradioverksamheten i vårt land är som vi alla veta av rätt så ungt datum. För omkring tio år sedan hade vi här i landet knappast mer än några tiotusental radioapparater, medan vi nu närma oss ett antal av 800,000. Sistnämnda siffra visar, att rundradioverksamheten uppskattas av stora delar av vårt folk. Säkerligen kommer rundradioverksamheten att vinna ännu mycket större anslutning än hittills varit fallet."
prot-1935--ak--20,i-112Rc14ih1axtcf8MsJrgf,margin,,22 Nr 20. Onsdagen den 20 mars.
prot-1936--fk--46,i-112DT1fri8YbwqbJrsS4rG,"title, u",rubrik och yttrande,Ang. ändringar i förordningen om inkomstoch förmögenhetsskatt. (Forts.) man måste känna sig tveksam inför ett ståndpunktstagande i en fråga som denna.
prot-1936--fk--4,i-16ZcEvnkPpAJk5RwW1Qyd,note,,"nr 177, av herr Bergman m. fl., angående anslag till hjälpverksamhet bland Rysslandssvenskar"
prot-1936--ak--21,i-19fT2AYki9Hg7iYriEnqc,note,,b) godkänna i punkten intagen avlöningsstat för skolöverstyrelsen att tilllämpas tills vidare från och med budgetåret 1936/1937
prot-1936--ak--11,i-19m9shBYUJtDCMz1cATfL,u,,"Jag vill dock erkänna, att motionens syfte är på visst sätt erkänd, eftersom man vill gå in för att utreda och åstadkomma ändring i lagen, som det så vackert heter, genom lönereglering."
prot-1936--ak--23,i-1DZ8zFEFQGbjFKBQEvg6U,note,,"nr 72, i anledning av Kungl. Maj:ts proposition angående befrielse för översten och sekundcehefen för Livregementet till häst greve W. A. Douglas och kaptenen vid kustartilleriet H. H. Victorin från viss betalningsskyldighet"
prot-1937--fk--35,i-12s5mT7JecFDLZLJmW144,"title, u",rubrik och yttrande,Ang. lämpligare behandling av straffriförklarade. <iForts.) ock genom en centralisering av fångvårdens sinnessjukvård till en särskild anstalt och dess avskiljande från den allmänna sinnessjukvården.
prot-1937--fk--20,i-1EpjUoiNW8y47RsdmJvZF,u,,"Herr talman! Jag delar till fullo den uppfattning, som här kommit till uttryck dels i kommunikationsministerns anförande och dels i andre vice talmannens. Att nu införa nya dryga utgifter samtidigt som man ser, hur anslagen minskas, finner jag vara en orimlighet. Kan det tvärtom vidtagas några utgärder, som verka i återhållande riktning, tror jag man har anledning från myndigheternas sida att hälsa en sådan åtgärd med tillfredsställelse och icke tvärtom."
prot-1937--ak--27,i-12hr4DMdsWkLpSiNLU1a4,u,,"Herr talman! Herr Johnsson i Kalmar syntes vilja göra gällande, att jag misstolkat de stadgeparagrafer, som jag åberopade, och kanske också i någon mån försökte ånyo föra denna misstolkning till torgs. Han sade, att om någon agitation inte förts i frågan bland metallindustriarbetarförbundets medlemmar skulle utgången måhända blivit en anman. Ja, skulle det hela ha berott på den agitation, som fördes inom den organisationen, är det mycket möjligt, att utgången blivit den rakt motsatta till vad som åsyftades, ty herr Johnsson i Kalmar och förbundsledningen sparade inte på arbetet vid det tillfället utan reste land och rike runt till varenda organisation. Jag förmodar, att om man gick in för en anslutning till kassan, så försökte man inte misstolka vare sig stadga eller gällande ordning och bestämmelser, utan att man tvärtom försökte framställa dem i så gynnsam dager som möjligt för arbetarna för att dessa skulle acceptera dem. Trots denna agitation avslogs emellertid förslaget, och detta berodde väl på, att vederbörande läst bestämmelserna på det sätt, som de verkligen stå där, och utan att misstolka dem. Det skulle ju också förvåna mig i allra högsta grad, om en så stor procent av metallindustriarbetarförbundets medlemmar så till den grad skulle ha kunnat misstolkat vad som är föreskrivet i gällande stadgar och förordningar."
prot-1937--ak--10,i-15vSk98AdT6wSBpgGAHNW,intro,,"Härefter lämnades på begäran ordet till herr Brädefors, som yttrade:"
prot-1937--ak--29,i-18b2h2EtCtAQjhFEagxbN,intro,,Herr Bergvall:
prot-1938--fk--37,i-19bhDwF1bb9L3gLuhXQKW,u,,"Nu hemställer utskottet om bifall till Kungl. Maj:ts förslag, som anvisar 44.400 kronor. Det är en ökning allenast på 5,700 kronor mot vad som tidigare utgått. Anslaget skall fördelas med 32,400 kronor till Hyltèn-Cavalliusâ€ stiftelse för svensk folkminnesforskning och med 12,000 kronor till institutet för folkminnesforskning vid Göteborgs högskola. Ökningen faller uteslutande på de kostnader, som erfordras för bestridande av inflyttningen i stiftelsens av Lunds universitet tillhandahållna nya lokaler. Det är alltså engångskostnader."
prot-1938--fk--31,i-19xqGfc22xFXW6mQL19qo,note,,"nr 117, i anledning av väckt motion angående utredning om ersättning för olycksfall i arbete åt arbetaren hos statens arbetslöshetskommission S. K. E. Bergman"
prot-1938--ak--22,i-14T7WcQZydAfrgsgEze6K,u,,"Jag skall naturligtvis inte yttra mig alls om de vägar, som skola anlitas 1 politiskt hänseende för att förverkliga detta önskemål. Jag böjer mig för de auktoritativa uttalanden, som här gjorts. Frågan om det lämpligaste tillvägagångssättet är en sak för sig - det är inte fördenskull jag uppträder. Men jag vill göra mig till tolk för den uppfattningen, att här bör det göras något och att det om möjligt bör göras snart. Jag tror, att om ifrån det allmännas sida en undersökning skulle göras rörande de icke yrkesutbildades frekvens 1 vår asociala värld, om vi toge reda på hur stor roll de icke yrkesutbildades grupp spelar i den verksamhet som åvilar barnavårdsnämnderna, skyddshemmen och domstolarna samt vilka svårigheter deras klienter bereda dem vid deras bemödanden att tillrättaföra dem genom intagande i skyddshem, dömande till tvångsuppfostran, till villkorlig dom, unzdomsfängelse, frihetsstraff etc., så skulle vi få en mycket skrämmande bild på alla dessa områden av vad det spelar för roll att människor i sin tidiga ungdom inte fått lära sig något ordentligt yrke och att man till följd därav alldeles givet har att räkna med ett mycket betydande orsakskomplex som hänför sig till denna brist, när det gäller de asociala tendenserna i vårt samhällsliv."
prot-1938--ak--6,i-16BtsjknjVGbB6gnUY9hj,note,,"fru Östlund m. fl., nr 208, angående beredande av ökad trygghet för hustru mot misshandel i hemmet"
prot-1939--fk--29,i-14kCD3qQrX5zCfRog5aVR,note,,I samband härmed hade utskottet till behandling förehaft
prot-1939--fk--36,i-17rQgv2US2YVLAuRVEZxq,u,,"Jag vill fästa den ärade talarens uppmärksamhet på att när han nu patetiskt talar för barnvaccinationen har han ändå ett yrkande, som om det vinner kammarens bifall innebär att vi gå tillbaka till det tillstånd, som rakt inte är barnvaccinationens. Ty den ärade talaren vet mycket väl, att nuvarande bestämmelser medge möjlighet av en respit för barn upp till 9 års ålder innan vaccination behöver företagas. Var står herr Lindström med sin barnvaccination, när vi komma tillbaka till detta tillstånd? Var står han med sin lagrespekt när man ser, hur medicinska fakulteten i Lund gått så långt i kommersiella synpunkter, mina herrar, att den på fullt allvar - fastän man har svårt att hålla sig allvarlig när man läser det - föreslår ett allmänt licensförfarande, där man köper sig en licens för att slippa vaccinationen, ungefär som när man löser en radiolicens. Härmed har i själva verket pricken över i satts i det nuvarande systemet. Det nuvarande systemet bygger på att den, som har råd att vara lagbrytare, han får vara det. Den som inte har råd råkar illa ut. Ty vill herr Lindström dra konsekvensen av sin ståndpunkt att få obligationen respekterad, så nödgas han beträda förvandlingsstraffets väg, d. v. s. förvandla böterna till fängelse så att man inte köper sig fri såsom för tillfället är fallet. Men jag vill fråga min ärade vän om han är redo att dra denna slutsats. Ã„r han redo att ställa mödrar och fäder i detta land inför risken av fängelse om de vägra att vara med om att vaccinera sina barn, förmodligen då, menar herr Lindström, vid en ålder som ligger under 2 år. Ty vi skola inte tala om småbarnsvaccination då det finnes en respittid upp till 9 år, då barnen redan äro inne i skolåldern. Det torde den ärade talaren vara överens med mig om."
prot-1939-urtima-fk--28,i-1AG3hNjAfmiE3cQWUgpUk,"title, u",rubrik och yttrande,"Lagförslag om tjänsteplikt m. m. (Forts.) naden, och jag har inom utskottet tillåtit mig att betvivla, att man kommer så värst långt med denna företrädesrätt. Den innebär i sak, att om det finns arbetsgivare på andra områden än dem, som ha företrädesrätt, skall man från samhällets sida utestänga dessa från att få arbetskraft, så länge vissa företag eller visst företag inte fått sitt behov av arbetskraft tillgodosett. Med tanke på de krafter, som finnas på arbetsmarknaden i vårt land, tror jag, att dessa bestämmelser, som kunna betecknas som skönhetsbestämmelser hos detta förslag, komma att rätt snart sättas ur funktion i praktiken, och det dröjer sedan inte länge, förrän vi måste tillgripa 16 $, d. v. s. allmän tjänsteplikt, för att råda bot på de svårigheter, som komma att föreligga. Jag har inte på denna punkt väckt någon motion, och jag skall inte framställa något annat yrkande än om bifall till Kungl. Maj:ts förslag, men jag har velat anföra dessa synpunkter, därför att jag tvivlar på möjligheten att genomföra vad man i denna del åsyftat i 8 S."
prot-1939--ak--36,i-163WpRfguEE1V8wcqdeSj,note,omröstning,"Den, det ej vill röstar"
prot-1939--ak--18,i-1BvfvRvKSL27QfeWppaNg,note,,Häruti instämde herr Olsson i Staxäng.
prot-1939-urtima-ak--7,i-1G49ktPvKiW3ZggRJo3ur,note,,Â§ 7. Justerades protokollsutdrag.
prot-1940--fk--31,i-11uc8pcVEPmf1STChL4E6,margin,,Lördagen den 25 maj 1940. Nr 31. 25
prot-1940-urtima-fk--2,i-13Z5CNQGAovE9taNbQVRm,u,,"Det räcker emellertid ej med att skaffa nya inkomster. Det är nödvändigt att även allvarligt överväga att göra besparingar på budgeten. I det avseendet har finansministern ej givit tillräckligt övertygande bevis på att sådan intensiv vilja och kraft utvecklats som läget ovillkorligen fordrar. Jag erinrar om att nedbringandet av statsutgifterna upprepade gånger varit på tal. I viss mån var detta fallet redan under lagtima riksdagen 1939, och i hög grad under urtima riksdagen 1939, varvid dock endast små resultat uppnåddes. Därvid förutsattes att man vid lagtima riksdagen 1940 skulle kunna nå fram till kraftiga utgiftsbeskärningar i budgeten, men även detta blev i stort sett en fullständig besvikelse. Nu stå vi här i begynnelsen av ett nytt budgetår med en budget som alltjämt bygger statsfinanserna på en till de ordinarie delarna väsentligen oförändrad utgiftsstandard. Det är på tiden att vi äntligen komma från ord till handling. Jag tror att många med mig säga sig att vi här stå inför ett stort statsfinansiellt kardinalproblem som måste med verklig kraft angripas. Finansministern har vid flera tillfällen uttalat sin beredvillighet, men av krafttag har ännu intet synts. Senast i slutet av lagtima riksdagen uttalades som svar på en interpellation att nu skulle åtgärder komma. Man har också i tidningarna sett att finansministern fått tillstånd att tillkalla sakkunniga för ändamålet, men man har däremot ännu efter en månads förlopp icke hört talas om att sådana sakkunniga utsetts. Här föreligger en försening av betänkligt slag, och jag hoppas att finansministern icke tar illa upp, att Jag i detta sammanhang kommit att tänka på statsministerns lilla sommarvikariat i kommunikationsdepartementet, där han på ett välbehövligt sätt gav en snabb impuls till rättandet av de betänkliga tågförseningar som förekommit på S. J. Jag vill inte vara elak, men man skulle önska något liknande även för finansdepartementets besparingsarbete. Den ena förseningen är icke bättre än den andra. I den mån möjlighet därtill förefinnes, måste vi begära att redan vid urtima riksdagen få förslag till nedskärningar av statens utgifter. Men under alla omständigheter måste höstens budgetarbete för 1941/42 års riksstat byggas på en mycket grundlig undersökning av möjligheten att bringa ned statens utgifter till en rimligare nivå, så att vi därigenom kunna få medel till det som nu är det främst nödvändiga, nämligen att trygga rikets säkerhet."
prot-1940--fk--35,i-18FnJCJ2w2EdAaQRP6KVm,u,,"I den nu framlagda propositionen åter håller Westman sin hjälpande hand över denna institution, som jag ju betraktar som en inrättning, som inte bör finnas i en demokratisk författning. Ty vad är utrikesnämnden? Den får icke väcka förslag, icke föra protokoll, den är också sekret på ett förkonstlat sätt. I det kommittèbetänkande, som föregick nämndens tillkomst, står, att en ledamot måste vara varsam i att uttala sig om vad som förekommer inom nämnden, och det tillägges, att ingenting bör få yppas annat än för personer med politisk erfarenhet. Vad är det för rappakalja? I grundlagens text talas bara om synnerlig varsamhet."
prot-1940--ak--31,i-15Ao3T6nHboVujWmh2hvT,margin,,Onsdagen den 15 maj 1940. Nr 31. 21
prot-1940--ak--41,i-199ixhAtb7tsDDHZjFysc,intro,,"Herr Hedlund i Östersund, som för kort genmäle erhöll ordet, anförde:"
prot-1940-urtima-ak--9,i-1AG7rVuV5XXv1aZcPx5wS,u,svar på interpellation,"I detta sammanhang är även att nämna den verksamhet för att uppmuntra produktionen av svensk kortfilm med nationellt kulturell syftning, som med stöd av Kungl. Maj:ts beslut igångsatts från informationsstyrelsens sida. För att tillförsäkra sig sakkunskapens biträde i filmfrågor har styrelsen tillkallat ett Â»filmrådÂ», som består av experter på detta område."
prot-1941-höst-fk--48,i-14ybGx8x16rvMANANEaho,u,"svar på interpellation, men syns ej i huvudet","Det kan icke med fog göras gällande, att olycksfrekvensen vid någon av försvarsväsendets grenar är oroväckande i förhållande till verksamhetens nuvarande omfattning. Visserligen är antalet olyckshändelser absolut taget stort. Relativt sett torde dock olycksfrekvensen icke kunna betraktas som osedvanlig. Det bör hållas i minnet, att knappast någonsin tillförne försvarsväsendet sysselsatt så stor personal som nu är fallet."
prot-1941--fk--19,i-17UrQ3RSG7coVx1fkAbUo,intro,,Herr statsrådet Bagge:
prot-1941--fk--17,i-1CLUqhYbbADPyBhsALEcv,intro,,"Herr Nilsson, Johan, i Malmö:"
prot-1941--ak--35,i-13RXbmXxCrcTGAoRCuFaH,u,,"Herr talman! Det var med anledning av förnekandet från fru Lindqvist-Peterssons sida, att kvinnornas förvärvsarbete skulle i viss mån inverka hindrande på barnafödandet som jag gjorde mitt uttalande. Jag har aldrig ett ögonblick tänkt att man skulle vidtaga sådana åtgärder som avse att driva dem bort ifrån arbetet, men väl må man uttala sin förvåning över att när det föreslagits åtgärder för att underlätta deras möjlighet att sköta hem och barn till exempel en sådan sak som halvtidstjänstgöring för dessa kvinnor, vilken en gång framfördes, så mötte detta det mest oförsonliga och energiska motstånd ifrån just kvinnornas håll. De ha sålunda inte själva banat vägen för möjligheterna, när det har gällt att underlätta för dem att verkligen vara familjekvinnor. Dock måste jag säga, att ett väsentligt hinder för utövandet av moderns och familjekvinnans kall måste naturligtvis förvärvsarbetet under alla omständigheter utgöra, men vi kunna kanske diskutera den frågan i ett annat sammanhang."
prot-1941--ak--22,i-13yusNeAjsw2X61bPJ9Kd,note,,Anmäldes och godkändes jordbruksutskottets förslag till riksdagens skrivelser till Konungen:
prot-1941--ak--9,i-14wo8QgmoUyTdVLcU98BQ,note,,15 17 15
prot-1942--fk--17,i-112ZfGkCHg8WtkPzqaUQty,note,,Det förstnämnda lagförslaget avsåg att möjliggöra en skärpning av straffen för vissa brott mot ransoneringsförfattningarna.
prot-1942--fk--7,i-17HfctQ1dBkqhyVGcjABZ,note,,"nr 15, i anledning av Kungl. Maj:ts proposition med förslag till lag angående ändrad lydelse av 7 $ lagen den 13 juni 1921 (nr 299) om förvaltning av bysamfälligheter och därmed jämförliga samfällda ägor och rättigheter."
prot-1942--fk--11,i-17YAQR5JKnHbRdxqdUbka,u,,"Ang. inrättande av Stockholms stift. (Forts.) utan vill endast säga några ord om det läge, som enligt min syn på saken skulle uppkomma, för den händelse riksdagen nu inte skulle bifalla det framlagda förslaget."
prot-1942--ak--14,i-15vreiXDjh39FwJkkMfGY,u,Länk till sidan innan. Står på s. 127,"Ã…r 1939, då det bestämdes, att kommunerna skulle bilda krisnämndsdistrikt, beslöto kommunerna, att varje kommun skulle vara ett krisnämndsområde. Konungens befallningshavande, som då skulle visa sin myndighet, sammanslog tre å fyra kommuner till ett område. Men det dröjde icke länge, förrän stora svårigheter uppstodo, och Konungens befallningshavande måste medgiva, att varje kommun, som det ville, fick bilda eget krisnämndsområde."
prot-1942--ak--24,i-19uTrzd87uJyHhPDhCARx,margin,,Torsdagen den 18 juni 1942. Nr 24. 143
prot-1942--ak--17,i-1DRoeuhjaYhBv4mdHikjy,intro,,Herr Eriksson i Frägsta:
prot-1943--fk--16,i-14j9XbkCp29ujgrSLtR2a,u,,"3) Om det sistnämnda icke skulle vara fallet, avser statsrådet att med det snaraste vidtaga sådana åtgärder?"
prot-1943--fk--26,i-1675ruyBP47BQMKNUBRZM,note,,"Reservation hade anförts av herrar Mannerskantz, Holstenson och Carl Eric Ericsson, fröken Andersson samt herr Hallagård, vilka ansett, att utskottets utlåtande bort hava den ändrade lydelse, som i reservationen angivits, och avslutas med en hemställan,"
prot-1943--fk--26,i-16igxuBS9b3yKk9rywjih,note,,"att bidragsoch lånemedel, disponerade för bostadsförbättringseller nybyggnadsföretag på landsbygden, som av vederbörande icke utnyttjades, i mån av behov måtte kunna disponeras på nytt för därför avsett ändamål,"
prot-1943--ak--10,i-1AM7JGp4NJx4ghYZj27zS,note,,Punkterna 128-129. Vad utskottet hemställt bifölls.
prot-1943--ak--9,i-1BXfQSsSmxsSc2auHCXHz,u,,"Jag anser alltså, att frågan varit värd en mera öppen och allsidig behandling än som nu beståtts densamma. Jag förutsätter emellertid, att regeringen tar sikte härpå till ett kommande år, när nya medel skola ställas till förfogande för liknande ändamål."
prot-1943-höst-ak--31,i-1HCRhrbZJX6YaAieEMV1W,note,Ingen länk till KB-lab,"nr 256, 1 anledning av Kungl. Maj :ts proposition angående inrättande av statens geotekniska institut m. m."
prot-1944--fk--12,i-12sCpLvtDnzCEvgnZrRV9,u,,"Jag skulle ha kunnat tillägga en hel del. som otvivelaktigt ger stöd åt min uppfattning, men med hänsyn till risken att tangera gränsen för vad som kan vara tillbörligt eller med andra ord att komma in på en kritik rörande själva utnämningsärendet har jag, herr talman, inte någonting mer att tillägga."
prot-1944--fk--10,i-12ucsx2u3c5GRQ2xK3jNH,note,,"Föredrogs och hänvisades till behandling av lagutskott Kungl. Maj:ts proposition nr 234, med förslag till lag angående ändring i lagen den 17 oktober 1900 (nr 82 s. 1) om straffregister."
prot-1944--fk--20,i-16hCZFojuVjncYUHmg4eV,u,,"Utskottet förklarar också att utskottet icke har ansett sig vara i stånd att självt utarbeta och för riksdagen framlägga förslag till lagstiftning i ämnet på grund av de mångskiftande synpunkter, som kunna anläggas på denna fråga."
prot-1944--ak--27,i-14WxNM64ixCmc44scnDAb,note,,"1. avlöningsreglemente för personal i det allmänna civilförsvaret,"
prot-1944-höst-ak--32,i-1CQSDtGYD89Yryu8gqcL9,margin,,38 Nr 32. Onsdagen den 29 november 1944 fm.
prot-1944--ak--10,i-1CyKWUpRvkxXJasxFf3ug,u,,"Ã„r nu detta en yrkessjukdom eller icke för dessa personer? Nej, enligt lagen är det icke någon yrkessjukdom för dessa slakteriarbetare, allenast därför att de bära titeln slakteriarbetare. Hade de titulerats veterinärer, hade den sjukdom, som de drabbats av, benämnts yrkessjukdom. Ã„r det någon rim och reson i en dylik lagstiftning? Trots dylika uppenbara fall av orimlighet säger emellertid utskottet, att det icke vill ha någon ändring. Slakteriarbetaren Carlsson och hans olycksbröder äro således icke berättigade att få någon ersättning för denna sjukdom. Det faktum, att de ådragit sig sjukdomen genom att plocka ur oxhuvuden, medför icke, att de få rätt till ersättning. Däremot skulle en veterinär, som ju alls icke har dylik för ifrågavarande smitta utsatt sysselsättning, äga rätt till ersättning. Om dylika saker bekymrar sig icke ett riksdagens utskott. Jag kan inte lämna någon annan rimlig förklaring till utskottets förevarande ståndpunkt, än att det i utskottsreglementet icke fanns någon föreskrift om att utskottet skall begagna sunt förnuft."
prot-1945--fk--5,i-12onNDensvDB6dJYPcWET,note,Ingen länk till KB-lab,"nr 119, av herr Petersson, Emil, angående beklädnadsbidrag till underofficerare i flottans reserv"
prot-1945--fk--21,i-178kcwP95qucvGBij7nQ7,u,,"Enligt hittills gällande regler har rätten för jordbrukskonsulent att fullfölja ett torrläggningsarbete genom att upprätta plan för avloppets förbättring varit mycket begränsad. Jordbrukskonsulent har ägt att utföra sådan förrättning endast i sådana fall, då syneförrättning icke erfordrats ävensom då kostnaden understigit 1000 kronor. Föredragande statsrådet har emellertid ansett, att med hänsyn till de krav i fråga om utbildning, som numera ställas på hushållningssällskapens tjänstemän, torde man med full trygghet kunna åt dessa anförtro ifrågavarande enklare förrättningar. Utskottet har funnit denna anordning praktisk och följaktligen tillstyrkt densamma."
prot-1945-höst-ak--39,i-1165fbhgjbR2Ljzso79Jy,note,,"Anmäldes och godkändes följande förslag till riksdagens skrivelser till Konungen, nämligen"
prot-1945--ak--30,i-16PWDtxMdzemkkjHb2pLY,u,Länk till sidan innan. Står på s. 157,"När detta prisstopp och lönestopp genomfördes hösten 1942, trodde vi inom priskontrollnämnden icke på att vi skulle få ett hundraprocentigt prisstopp, trots att detta prisstopp var förankrat i lagen, och man kunde räkna på att lagen skulle göras bättre och bättre, allteftersom tiden gick. Vi räknade med att man skulle nödgas medge undantag, om man icke inom vissa områden ville åstadkomma produktionsstörningar, som skulle bli mycket besvärande. På hundraprocentigt lönestopp trodde ingen. Något sådant ingick icke heller i själva målsättningen. Man måste från början räkna med att avsteg säkert skulle komma att göras från lönestoppet. Detta lönestopp var nämligen inte alls legalt förankrat. Det vilade uteslutande på frivillig överenskommelse mellan parterna på arbetsmarknaden."
prot-1945--ak--28,i-1A6xp32KUvfMcLdxtkSKb,"title, u",rubrik och yttrande,Ã„ndring i grunderna för lån från jordbrukets maskinlånefond m. m. (Forts.) Herr talman! Med vad jag nu anfört hemställer jag om bifall till utskottets förslag.
prot-1946--fk--27,i-15NxZj8crZ1izzxRvUGzn,intro,,Herr Mannerskantz:
prot-1946-höst-fk--38,i-1CKwSoXWieJF5r1m2nLEb,u,,"Jag vågar inte uttala någon uppfattning om folkmeningen. Jag tror inte att det är rätt att i riksdagen försöka åberopa en mening ute i landet, som inte skulle vara representerad i riksdagen. Vi få väl anse att kamrarnas ledamöter utgöra en återspegling av den opinion som finns i landet. Jag vågar däremot"
prot-1946--fk--2,i-1G71KEpMjgyMTs3LQ7xX7,note,rubrik,"Statsverkspropositionen m. m. (Forts.) ens stund, när ett sådant skogsfamiljejordbruk, där värdet helt eller till övervägande del ligger i den växande skogen, skall tas i arv av flera arvingar. Delas får det ju ej, och den, som skall överta fädernegården, kan nog i de flesta fall ej undgå att lösgöra kapital från skogen för att lösa ut sina anförvanter - allt med minskad skogsproduktion som följd."
prot-1946--ak--14,i-15mhqXMjRcXhQBRiQFBMq,note,paragraf,Â§ 3.
prot-1946--ak--3,i-166ochTMfzo6vZzDcMhWB,u,,"I går lämnades, jag tror både av statsministern i första kammaren och utrikesministern i andra kammaren, vissa upplysningar om försvarsstabskommunikèerna i maj i fjol. Jag vill bara i korthet erinra om hurusom 7-maj-kommunikèn innehöll att ingen tysk - observera ingen tysk - trupp och ingen som tillhörde Organization Todt skulle få mottagas här utan skulle avvisas. Det offentliga meddelandet den 24 maj innehöll i stort sett detsamma och an-"
prot-1946-höst-ak--42,i-1D2mT5HnWJExGN6UdYpVC,margin,,Andra kammarens protokoll 1946. Nr 42. 9
prot-1947--fk--7,i-11V4ZTjWdsEPXEAsNifAS,u,,"att så länge som den parlamentariska undersökningskommissionen fortfarande arbetar, är frågan utan någon större aktualitet. Jag var redan, när jag lade fram förslaget i våras, på det klara med att så länge denna kommission arbetar, överhuvud taget inte ett papper borde rubbas i säkerhetstjänstens arkiv. Jag har alltså för avsikt att, sedan väl denna kommission slutfört sin verksamhet, återkomma till frågan, hur man skall förfara med materialet."
prot-1947--fk--4,i-16aWQtGn6drCLYCNnEFBe,note,Kb-länk saknas,"nr 134, av herr Arrhèn, om ökat anslag till bokinköp och bokbindning vid kungl. biblioteket"
prot-1947--ak--8,i-151g58DgjH5xLfr2R4Yn8,note,,"Föredrogs den av herr Onsjö vid kammarens nästföregående sammanträde gjorda, men då bordlagda anhållan att få framställa interpellation till herr statsrådet och chefen för kommunikationsdepartementet angående den yrkesmässiga biltrafiken på landsbygden."
prot-1947--ak--6,i-1BYetAD12sU3ewas7iQYy,note,,In fidem Gunnar Britth.
prot-1947--ak--14,i-1DizxyL7WqhU2BnNK9AtS,note,,Â§ 18.
prot-1948--fk--15,i-11JUpYpWdKEZYXSxz1D9V,note,,1) avslå Kungl. Maj:ts proposition nr 49 angående inrättande av en fiskeristyrelse med statens fiskeriförsök m. m. samt
prot-1948--fk--28,i-112HvMCgHy394ctA5fN3ge,u,,"det gäller Danmark och Norge kunna ha rätt att ställa krav. Sverige har - detta fortfarande sagt i strid mot herr Domös mening - ett starkt försvar. Men Sverige är ingen stormakt, och vi kunna inte liksom Sovjetunionen och Amerika lova bort våra gunster åt höger och vänster. Vi kunna inte försvara andra i annan mån än vi försvara oss själva. Men vi kunna kräva att dessa andra länder, som måste anses vara förbundna i intressegemenskap med oss, skola vara lika väl rustade som vi när det gäller. Ett starkt försvar i alla de tre nordiska länderna är utan tvivel den bästa förutsättningen för att vi skola kunna bevara vår fred och frihet."
prot-1948--fk--10,i-112ayrRr2q8jj3hXadQH6o,note,Kb-länk saknas,"nr 121, angående försäljning av vissa under järnvägsstyrelsens förvaltning stående fastigheter"
prot-1948-höst-ak--34,i-11rYhSoGZpxYsSxAWtuN2,u,,"skapar. = Till ersättningsbyggen blir ingenting över. Det öppnar ju dystra perspektiv, ty bostadssituationen är"
prot-1948--ak--19,i-112LCoPHsFV6H34hL92vMz,note,Kb-länk saknas,"nr 20, i anledning av Kungl. Maj:ts proposition angående jordbruksförsöksverksamhetens organisation m. m., jämte i ämnet väckta motioner"
prot-1949-höst-fk--26,i-1B4rbb5JMY5aaeoKvPVnA,u,,"slöt kommissionen att verkställighet skulle äga rum med samma båt. Härvid uteslöts emellertid av humanitära skäl en familj, där hustrun var sjuk. Den fick alltså stanna liksom ytterligare några personer. Vid återfärden hade båten 14 passagerare, de båda besättningsmännen inräknade. På grund av dåligt väder kunde den ej löpa ut förrän den 13 oktober klockan 17.00. Den eskorterades ut till tremilsgränsen. Vid avfärden var vädret gott. Sent på kvällen samma dag återkom den emellertid till Höllviksnäs. De ombordvarande sade, att de icke kunnat fortsätta resan, då båten tagit in vatten. Skepparen var emellertid av annan uppfattning och ansåg för sin del, att färden utan risk kunnat fullföljas. Båten besiktigades sedermera på nytt genom kommissionens försorg. Man ansåg då, att den icke i befintligt skick kunde begagnas. Huruvida de vid inspektionen upptäckta skavankerna uppkommit genom åverkan eller på annat sätt, är det svårt att ha någon mening om. Kommissionen beslöt emellertid, att avvisningens verkställande tills vidare skulle uppskjutas."
prot-1949--fk--21,i-1B8ryntLB5t2pVx81WVUM,note,,A. att riksdagen - - - (lika med utskottet) 
prot-1949-höst-fk--25,i-1EbjRLfJQ9riAZVVgN3SL,margin,sidnr och protokollsnr,42 Nr 25.
prot-1949--ak--4,i-12jjXPvKcwhq6h3u7rh19,note,,"val av ej mindre tolv valmän att, gemensamt med ett lika antal valmän från första kammaren, enligt $ 70 riksdagsordningen utse kommitterade för tryckfrihetens vård än även tre suppleanter för dessa valmän."
prot-1949--ak--13,i-1ACz9p2g3RzWQrMm1y2Zh,note,Kb-länk saknas,"nr 355, av herr Häckner m. fl., likaledes i anledning av Kungl. Maj:ts proposition nr 151"
prot-1950--fk--13,i-12scREWLS1bXWKvCd81L7,margin,,Onsdagen den 19 april 1950 fm.
prot-1950--fk--4,i-19r82moe72RqRUMevvzAy,note,,Stockholm den 30 januari 1950.
prot-1950-höst-fk--29,i-1FrLCqHjzqBu31bH5Cg1T,title,,Ang. höjning av omsättningsskatten å spritdrycker m. m.
prot-1950-höst-ak--32,i-13mLfGbJroVBCAEv1vGRH,title eller margin,Finns samma text på två ställen,Snabbare publicering av riksdagens protokoll.
prot-1950--ak--23,i-15BfqsXa8jrvJtSQjiJsY,u,,"ligt, att även jag har uppfattat interpellationens syftemål på samma sätt."
prot-1950--ak--13,i-17uE49gKSxuT1VvAPABHm,margin,Debattens ämne,Förvärv av viss tidigare tyskägd gruvegendom m. m.
prot-1951--fk--9,i-13vExTM2ZqPoEUmiNPdRR,unknown,Går ej att veta vad det är,Jas
prot-1951--fk--8,i-14r9CWEZVgbmRs1CNNAme,margin,sidnr och protokollsnr,48 Nr 8.
prot-1951--fk--23,i-18EW8ACP7FjtJT8AihKaj,note,,"bestämmelser och genom motorförarnas och liknande organisationer sprida denna såväl till ägarna och förarna av motorfordon som till andra trafikanter, som kunde anses ha intresse för densamma."
prot-1951--ak--4,i-13wrZ2CzZF2WK6virgvLN,note,,till bevillningsutskottet motionerna:
prot-1951--ak--10,i-15vRQMUQ65okyTUbaAmru,margin,Debattens ämne,Avsättning till fonden för idrottens främjande.
prot-1951-extrahöst-ak--29,i-16BBpQ41d1Paof1gGc7Uj,u,,"Nu innebär Achesonplanen ett vidgande av den kompetens, som församlingen har. När förslaget 1946 lades fram i Förenta Nationerna, uttalade för övrigt de sakkunniga sitt tvivel på att det var möjligt att på detta sätt giva församlingen de befogenheter, sonr den sedan fick. Enligt Achesonplanen får ju generalförsamlingen helt andra och vidgade befogenheter. Sverige har anslutit sig till denna plan. I anslutning till detta citerade jag vad utrikesministern sagt i Lund, att FN inte får bli en antikommunistisk bildning. Det är dock uppenbart att de rekommendationer, som generalförsamlingen kan antaga, komma till stånd i de fall då en stormakt inlagt sitt veto i säkerhetsrådet. Det kan egentligen inte tänkas några andra fall av större räckvidd. Det kan ju då t. ex. röra sig om att Sovjetunionen inlagt sitt veto."
prot-1952-höst-fk--31,i-13z9Tbfi5e1Vx6cMJdNZx,u,,"Jag har, herr talman, det intrycket, med rätt eller orätt, att de statliga institutionerna, verkscheferna och andra inte har fått det medinflytande vid lönesättningen, som ur många synpunkter är motiverat och önskvärt. Kommunikationerna har inte varit så goda som man emellanåt här har gjort gällande vid dagens överläggningar."
prot-1952--fk--14,i-16Y6eXQW8reUfR1XR5Pky,u,,"Nu ställde herr Velander frågan om hur vinstutvecklingen skulle bli under 1952. Ja, det är en fråga som det givetvis är omöjligt att svara på. Det finns många tecken som tyder på att konjunk-"
prot-1952--fk--15,i-16uj7X7ArGrNStNT4Ymhd,u,,"Slutligen har jag i en motion vid förra årets riksdag pekat på angelägenheten att medel ställdes till förfogande även för andra kulturella ändamål än de mera regelbundet återkommande anspråken på lotterimedel. Det har visat sig angeläget och önskvärt att statsmakterna can lämna stöd för kulturella behov av mera brådskande art och engångsnatur och att vissa medel för detta ändamål särskilt borde avsättas. Dessa synpunkter vann också utskottets beaktande så till vida, att utskottet hemställde att denna fråga närmare skulle upptagas till prövning av - kulturfondsutredningen, som sysslar med hithörande problem."
prot-1952--ak--19,i-14BNDEm32NMQXS444uQhz,intro,,Herr KÃ„RRLANDER:
prot-1952-höst-ak--26,i-19HPWiAWm4FZDUaVsLJC6,u,,"nackdelar och risker, som anhopningen i de stora städerna medför, och man ger nytt liv åt en annars snart utdöende landsbygd. Och inte bara detta, ty jag är övertygad om att med de ökade arbetstillfällena skulle ungdomen stanna kvar på landsbygden. Och kanske en hel del av dem, som lämnat landsbygden och nu går som bostadssökande i städerna, skulle vända åter till landsbygden och där finna trivsel och livsglädje. Jag vill därför vädja till regeringen och alla andra, som kan medverka i detta avseende, att göra en verkligt stor insats för att få ökade arbetstillfällen och därmed också ökad bebyggelse ute på landsbygden. Jag tror att få uppgifter skulle vara så tacknämliga och lyckobringande som denna."
prot-1952--ak--8,i-1AjxsJun7mRHvFBYnF8uh,margin,,"""Torsdagen den 6 mars 1952."
prot-1953-höst-fk--30,i-14aXqofqdkTydy13HfBUG,u,,"handla herr Herlitz motion, har vi haft till förfogande det material, som motionären lagt fram, och vidare det material, som lagts fram i yttrandena från statskontoret, riksräkenskapsverket och 1950 års budgeträttskommittè."
prot-1953--fk--6,i-14rg7mcjf8sJThfjEXsVd,note,,"Efter det överläggningen förklarats härmed slutad, bifölls vad utskottet i förevarande betänkande hemställt."
prot-1953--fk--23,i-16P5TSSu4SxfcFiKbVJ3E,u,,"låtelse av tomträtt.Â» Hur skulle man kunna föreskriva detta i lagen? För det första talar bostadsstyrelsen om Â»en viss begränsningÂ» och således icke om ett totalt förbud, vilket lagberedningen föreslagit. För det andra önskar bostadsstyrelsen att i lagen skulle anges de undantag som får göras i tomträttsavtalen. Juridisk expertis säger, att en dylik uppläggning är ohållbar, därför att man icke i lagtexten kan ange alla villkor, som kan förekomma."
prot-1953--ak--20,i-11JehjdsVyG1fkasrC4XU,u,,"Utskottet begär vidare utredning om partiella reformer inom tvåkammarsystemets ram, berörande, som det heter, första kammarens sammansättning, ställning och funktion, medan denna problemställning egentligen bara är en del av det frågekomplex, som berör första kammarens status. Motionerna som"
prot-1953--ak--12,i-162Vn39AiGtTwuxr3Mvxz,u,Svar på interpellation,"Avsättningsförhållandena för brännved och klenvirke har under de senaste åren undergått starka förskjutningar. Den under avverkningssäsongerna 1950 -551 och 1951-52 uppdrivna skogskonjunkturen medförde en stark efterfrågan på olika virkessortiment och i samma riktning verkade bränslekrisen under säsongen 1951-52. Läget är nu helt annorlunda. Skogsindustriernas efterfrågan på virke har minskat. även efterfrågan på vedbränslet har, ej minst på landsbygden, nedgått genom den förnyelse av bostadsbeståndet som ägt rum. Härtill kommer att möjligheterna att importera fossilt bränsle förbättrats, och priserna på sådant bränsle har sjunkit så att vedbränslet, med den prissättning som nu tillämpas på detta bränsle, i många fall ej kan konkurrera. Sänkningen av bränslepriserna måste ur allmänna synpunkter hälsas med tillfredsställelse. Särskilt i nuvarande läge, då det gäller att nedbringa"
prot-1953--ak--22,i-16XHdTxNykEBQ7PdQ9jzq,u,,"Herr talman! Herr Gustafsson i Skellefteå menade att han för sin del hade svårt att förstå, att det skulle bli administrativa svårigheter om man gick över ifrån tilläggslån till ett löpande bidrag. Jag har gjort den erfarenheten"
prot-1954-höst-fk--31,i-13MrbmsjXRyP2TE89bGB9,u,,Herr talman! Med det anförda ber jag att få yrka bifall till den föreliggande reservationen.
prot-1954--fk--13,i-15G7tYq4Rg73RZUiz8peG,u,,"förräntas. Att hela aktiekapitalet förr eller senare måste avskrivas är en uppfattning som styrelsen absolut icke hyser. Detta är styrelsens arbetshypotes, och styrelsen har tilltro till den hypotesen."
prot-1954--fk--3,i-19BQDbQapxM92P18DpDd4,note,Kb-länk saknas,de en översyn av lagen om kronans förköpsrätt
prot-1954--ak--6,i-11LbVSvMzncne4Lc64qbB,u,,"Jag skulle vilja börja med att fortsätta det resonemang, som fördes mellan herr Sträng och herr Ståhl beträffande den motsättning, som herr Ståhl - enligt min mening med rätta - ville göra gällande föreligger mellan socialministerns uttalande i början av interpellationssvaret, då han säger, att oron för att genom tryck från kreditsidan alla för bostadsbyggandet tillgängliga resurser icke skulle kunna användas har varit obefogad, och vad han säger i slutet av sitt svar."
prot-1954--ak--16,i-15YvP2VPpeZhFXzaHZFDe,u,,"Sedan säger utrikesministern, om jag ett ögonblick får vända mig till honom, att om företaget hade velat vara på den säkra sidan, skulle det antingen ha tagit ut skatten eller också ha ställt en fråga till kontrollstyrelsen beträffande skatteplikten. Varorna var skattepliktiga, men om jag är rätt underrättad, Ers Excellens, förhåller det sig så, att företaget har riktat en fråga till kontrollstyrelsen och fått den upplysningen, att kontrollstyrelsen icke ansåg sig kunna ge ett förhandsbesked, utan företaget hade först att handla och därefter hade kontrollstyrelsen att döma! Att någon möjlighet att få besked icke förefanns, visar alltså i hur hög grad otydlig och suddig hela den lagstiftning är, på vilken detta företag har fallit."
prot-1954--ak--22,i-15jAeXE7jTW4fgpFccsQA,u,,"Jag behöver väl inte här i riksdagen och speciellt inte i denna fåtaliga församling i kammaren - som väl är speciellt intresserad av skolfrågorna - tala om bristen på lärarkrafter. Alla som sysslat med skolfrågor vet ju att denna brist är betydande. Det är emellertid ett nytt inlägg i denna debatt, ett mycket stimulerande inlägg, som jag skulle vilja ta till utgångspunkt för några reflexioner."
prot-1955--fk--8,i-1B7Sb9gJPG79M3tVGE1XN,u,,"varje punkt. Ingen fråga, hur liten den än är, är riktigt enkel. Därför har det också gjorts mycket för att åstadkomma att ledamöterna skall kunna på allvar tränga in i spörsmålen. Man har sörjt för utredningar på förhand och för överläggningar inom delegationerna, man har ordnat utskottsarbete under rådssessionerna 0. S. V."
prot-1955--fk--20,i-1ExJPVkNB2ccGdu7c29h7,intro,,Herr SUNDELIN (fp):
prot-1955--fk--16,i-1Ggnz2qEM5YqQFvjefiD1,u,,Skall den nuvarande ordningen prakti-
prot-1955--ak--18,i-13towAhUR6b9JFGN4KGqF,margin,,Onsdagen den 18 maj 1955 fm.
prot-1955--ak--20,i-179NgAeNtZvtHpaeVEhZ4,margin,Debattens ämne,Ökad utbildning av läkare
prot-1955--ak--8,i-1ANHpyw62BNUEzinuFVid,u,,"hela debatten en ökenflod som rätt vad det är försvinner, man vet inte vart."
prot-1956--fk--24,i-16cycp1HHhwdSatr2Bkkr,note,,Reservationer hade anmälts
prot-1956--fk--14,i-1B29vrwXYjeFn74RnK55z,u,,"Jag vill också erinra om att det här anslaget sedan 1951/52 höjts med nära tre gånger det belopp som gick ut det året. 2,7 miljoner kronor är naturligtvis inte en anslagssumma av sådan storlek, att den tillgodoser alla behov som finns på detta område, men jag skulle vilja fråga utskottets talesman, herr Andersson, på vilket område i den fulla sysselsättningens samhälle det inte föreligger brister och inte finns otillfredsställda behov."
prot-1956-höst-fk--27,i-1Drd39tBkJwWFzLSUe5oV,note,,"av herr Bergh, Ragnar, m. fl., av herr Ohlon,"
prot-1956-höst-ak--27,i-11LKkuz64nhELwBqxRtfn,u,,"fasta andliga grund, på vilken den världsliga makten med framgång kunnat bygga vidare.Â» Så fortsatte han: Â»Kyrkan får inte isolera sig. Kyrkan och de kristna måste frimodigt vara med i folkets liv och utvidga sin välsignelserika verksamhet till kretsar, där jordmånen förr har varit mindre mottaglig för dess förkunnelse.Â»"
prot-1956--ak--10,i-13m9xCib4bgsDSD1Nx5As,u,,"Om man jämför den föreslagna texten med den nu gällande provisoriska lagtexten finner man, att den är nästan likadan som den hittillsvarande ingressen, vilken innehåller en uppräkning av de olika paragraferna. Där står dock att dessa skall ha det innehåll som anges därefter. I den nya texten står det att innehållet skall vara detsamma som i den nuvarande lagtexten. Om herr Dahlèn ändå har svårt att läsa detta, skulle jag vilja rekommendera honom att göra ett litet uppehåll efter varje Â»att> som finns med särskilt spärrad stil. Det vållar inte så stora svårigheter att begripa när det med spärrad stil står att ett visst moment inte skall gälla. Vidare står det att vissa paragrafer skall ha samma lydelse som de nuvarande. Konstigare än så är det inte med den enligt hans mening obegripliga lagtexten."
prot-1956--ak--20,i-13uRu79HqwEnMWP4F9kot,margin,,16 - Andra kammorens protokoll 1956. Nr 20
prot-1957--fk--6,i-14fTEgSq9RQuxjKqicpgg,intro,,Herr NORLING (k):
prot-1957--fk--2,i-14sxKFcAVsXeV3PHMh9pD,margin,Debattens ämne,Statsverkspropositionen m. m.
prot-1957--fk--11,i-14tqrh88Q75DgVpmvz1rg,margin,,Onsdagen den 3 april 1957
prot-1957--ak--18,i-13MHcUFGY8ejdQiwYp3BT,title,Rubrik,Punkten II
prot-1957--ak--11,i-15Ku16Bs18svhNU15tR2d,u,,"reformering av den här trafiken, godtar man i viss mån ordensväsendet som sådant. Jag har en gång tidigare i denna kammare givit till känna min uppfattning i denna sak, och jag vill bara här konstatera, att jag anser det vara mest värdigt en demokratisk församling att avskaffa hela ordensväsendet."
prot-1957--ak--22,i-16WYuNp1aBYmU24MEqaAo,margin,Protokollsnummer och sidnr,Nr 22 11
prot-1958-a-fk--18,i-11jF2TWqLQeucfzvdpYkr,margin,,Söndagen den 27 april 1958
prot-1958-b-fk--3,i-15KAwEvUM829BZYvbeL2L,note,Saknar betalablänk,"Då emellertid herr Mannerskantz begärde rösträkning, verkställdes härefter votering medelst omröstningsapparat"
prot-1958-a-fk--8,i-1983NMnq2Sx1r3rdgxBEz,u,,"Vid den tidpunkten var herr Mannerskantz av skiljaktig mening. Han reserverade sig mot den delen i utskottets utlåtande och säger beträffande dessa delar: Â»Ã„ven i övrigt är samordningen ur skilda synpunkter förenad med så stora fördelar, att det icke bör ifrågakomma att göra något avsteg från denna för sjukoch - yrkesskadeförsäkringarna grundläggande princip. Då ett införande"
prot-1958-a-ak--7,i-11yEFpDaLdBsHjMjwVHQR,u,,"Beträffande departementschefens ställningstagande vill jag säga, att jag har den största respekt för hans omdöme i denna fråga. Uppenbarligen har dock departementschefen gjort sig skyldig till samma misstag som herr Ã…kerström gjorde sig skyldig till i dag: Han tar för lätt på uppgifterna. De uppgifter vi har där uppe i samband med regleringen av Lule älv är så stora, att vi absolut inte får lägga oss på sängen"
prot-1958-b-ak--1,i-112V9HkvxxQMT1x5tmfSpE,note,Nummer i företeckning,73
prot-1958-a-ak--6,i-112ZPBzbDp7AypcbP59xXB,unknown,86 finns ej med,86
prot-1959--fk--19,i-112KmS6qfmjyE4csKzpL5D,margin,,Måndagen den 25 maj 1959
prot-1959--fk--2,i-112Vg9jZVzvkDRhT3Gictn,margin,Debattens ämne,Statsverkspropositionen m. m.
prot-1959--fk--21,i-136DQQgrZwvku1XEpwUW9,unknown,"Saknar betalablänk, svår att söka efter därför",Ja
prot-1959--ak--16,i-11u1dpKN86quS3Y7qG77E,u,,"Ã„r detta ett så strålande resultat att vi skulle kunna sätta oss ned och vara nöjda? Nej, jag tror det är skäl att säga att det inte förhåller sig så. Tilläggspensioneringen kommer att lösa en rad av dessa problem, och utan tilläggspensionen är folkpensionen inte tillräcklig - de är två delar av samma system. Säger man nej till den ena delen, säger man också nej till den rimliga utveckling som bör ske på området."
prot-1959--ak--19,i-13F6Q4CmijMmYXK5zepW5,u,,"Om läkemedelsreformen är bara att säga, att jag hoppas att det förslag vi kan förvänta utformas så, att man ger verklig hjälp åt dem som behöver hjälp. Det här förslaget om höjning av karensbeloppet från 3 till 5 kronor inverkar på sitt sätt försämrande på förmånerna för dem som nödgas köpa läkemedel kanske två gånger i månaden"
prot-1959--ak--7,i-15cAmnCx21cPD7izqZPoV,note,,"statsutskottets hemställan i punkten 16:0) i utskottets utlåtande nr 5, röstar Ja"
prot-1960--fk--12,i-16iiX412EtmXKEotrWyN5,note,,"Vinner Nej, antages det förslag, som innefattas i den vid betänkandet avgivna reservationen."
prot-1960-höst-fk--29,i-19M3iBaGz5S7Uc4kVyRb9,u,,"Om jag sedan övergår till propositionen och den reservation som jag och en del andra ledamöter i riksdagens båda kamrar står för, så skulle jag till en början vilja konstatera att det är uppenbart för samtliga reservanter, att en modernisering och effektivisering av Karlskronavarvet är i hög grad påkallat. Emellertid har tidigare tvenne utredningar arbetat med det här spörsmålet, och de har kommit fram till uppfattningen att varvet inte är lämpligt för civil produktion. Här står emot varandra å ena sidan behovet av att någonting göres och å andra sidan dessa tvenne utredningars omdöme, att varvet inte lämpar sig för en civil produktion. Det är sålunda ett besvärligt läge vi har att bedöma."
prot-1960--ak--2,i-112bQoc6kZSbdhFTiCJGdh,note,,In fidem Sune K. Johansson
prot-1960-höst-ak--28,i-12zFHcy3MC2x7hoqNn9mT,title,Rubrik i innehållsförteckning,Tisdagen den 29 november
prot-1960--ak--16,i-157DshXZcnHvZwqvS8RFw,u,,"Under den tid som gått har också motionens yrkande ändrats ganska väsentligt. Från början gick yrkandet ut på att tiden för lagens tillämpning skulle framflyttas till år 1925. Sedermera ville man ha tidpunkten framflyttad till år 1928 och år 1930. I den senast föreliggande motionen yrkas att tiden skulle framflyttas ända till år 1940. Jag antar att det är riktigt vad lantmäteristyrelsen i sitt yttrande säger om att bostadsbyggnader för helårsbruk, uppförda på ofri grund, knappast tillkommit i någon större omfattning så sent som under slutet av 1930-talet."
prot-1961--fk--21,i-11Bi2pMj2H1m1Lfwpiqqi,margin,Debattens ämne,Ang. socialförsäkringens organisation
prot-1961--fk--14,i-11bZdFrds68WFpqKndq9P,note,,"att riksdagen i skrivelse till Kungl. Maj:t måtte anhålla, att frågorna om förstärkning och utvidgning av förbättringslåneverksamheten och införande av inkomstprövat stöd vid egnahemsbyggande måtte prövas i enlighet med vad i motionerna anförts."
prot-1961--fk--7,i-13E4FXX687PdBtQmb39GQ,margin,Debattens ämne,Om höjning av folkpensionerna
prot-1961--ak--4,i-11LqJu34W6JrvcHRnQrpv,note,,"nr 525, av herr Allard, om pension till fru Elsa Setterquist,"
prot-1961--ak--3,i-13eg9724ZPsLvXNvPnuEa,u,,"Den rörelse jag tillhör, broderskapsrörelsen, har sett som sin uppgift att snabbt få till stånd en omfattande planering för att pröva, värdera och tidsbestämma alla de olika initiativ som kommer fram. Vårt mål är att efter en lämplig tid åstadkomma en insats från svensk sida på 1 procent av nationalinkomsten."
prot-1961-höst-ak--27,i-15U8WQ1mx8rbNen72xYpm,u,,"Herr talman! Jag tillåter mig också att säga några ord i frågan om de återupptagna atombombsproven. Det stora pådrag som gjorts i denna fråga från borgerligt och i inte obetydlig utsträckning från socialdemokratiskt håll mot Sovjetunionen ger ett starkt intryck av hyckleri. Naturligtvis finns det massor av människor, som i sin allmänna fruktan för det nya förstöringsmedlet dras med i den ensidiga kampanjen mot Sovjetunionen. Men kampanjens bakblåsare består i betydande utsträckning av medvetna sovjetfiender, som begagnar varje tillfälle att rikta en stöt mot Soyjetstaten och övriga folkmaktens länder."
prot-1962--fk--23,i-17WZeBV3E7EktUpDdFVXp,margin,Debattens ämne,"Ang. teckning av aktier i Aktiebolaget Statens skogsindustrier, m. m."
prot-1962--fk--10,i-18PXWDZJEavPjD5x7u3u5,u,,"Skogskontot är en värdefull hjälp, alldeles särskilt för de medelstora och stora skogsägarna, då det gäller en utjämning av skatterna. Det är inte tu tal om annat än att de mindre skogsägarna i regel har betydligt mindre möjligheter att utnyttja sådana konton, då minimigränsen för insättning på konto satts så pass högt som till 2 000 kronor. Från förädlingsindustriens sida stimulerar man ju nu för tiden skogsägarna till egna avverkningar, av s. k. leveransvirke. Försäljning av sådana sortiment måste som här tidigare framhållits uppgå till minst 2000 kronor för att insättning på kontot skall kunna ske. 60 procent av försäljningssumman skall emellertid bli föremål för beskattning redan året efter det att försäljningen ägt rum. De återstående 40 procenten kan alltså överföras till skogskontot, dock lägst 2 000 kronor."
prot-1962--fk--21,i-1DBQt3n36MrkGq5HJABgp,note,Voteringsresultat för ja. Saknar betalablänk,Ja - 68
prot-1962--ak--24,i-11mR4nkhMQyLMxzjCLbjC,u,,"Herr Nilsson i Tvärålund säger att man också inom centerpartiet vill höja ortsavdragen men att det inte är möjligt att göra det just nu. Ja, det finns som bekant ett spanskt ord mafinana som betyder i morgon och som brukar använ-"
prot-1962--ak--6,i-1122FcPvnsC2yNDPrMdSm9,u,Interpellationssvar,"danska tilläggsavgifterna utan att detta tvärtom påtalats av våra förhandlare och myndigheter. Framställningarna måste dock ha varit av ganska vag karaktär, alldenstund Danmark inte kunnat förmås att helt ta bort den olikhet i belastningar som här förelegat och föreligger."
prot-1962--ak--8,i-112SmtZEQrJcHZMPgQx7dv,u,Interpellationssvar ,"De villkor, som regeringen med stöd av de i utrikesnämnden företrädda partierna uppställt för att Sverige skall kunna ingå i en kärnvapenfri zon, förut-"
prot-1963--fk--2,i-1A8KEYwfN2ApYHinGMkWw,title,Rubrik i innehållsförteckning,Samtliga avgjorda ärenden
prot-1963--fk--25,i-1Cg9b1q8esHJGbyLgbctC,margin,Debattens ämne,"Ang. statligt stöd till jordbrukets rationalisering, m. m."
prot-1963--fk--26,i-1GjaHTZF2S36MapmpxDcZ,note,,"dels höja den nuvarande gränsen för barns ålder för åtnjutande av rätt till kvotavdrag inom förvärvsavdraget,"
prot-1963--ak--10,i-12gwrMKxvoReEJ8PRyAME,u,,"Vad beträffar OECD svarade handelsministern inte på frågan om arbetet för bekämpande av inflationen. Herr Heckscher berörde särskilt kostnadsinflationens problem, och det vore naturligtvis värdefullt att få höra hur regeringen ställt sig till frågan om arbetet inom OECD för bekämpande av kostnadsinflationen. Den saken har mycket stor indirekt betydelse för det handelspolitiska arbetets framgång."
prot-1963-höst-ak--34,i-15feyZ7FUT5Fpg3PtMUra,note,,Kammarens ledamöter åtskildes härefter kl. 16.59. In fidem Sune K. Johansson
prot-1963--ak--4,i-18Lzrt41LzN7PbaAGxuW4,u,,Tydligen för att våra borgerliga kolleger i riksdagen inte skall bli rädda inför dessa försök till samordnande och planerande verksamhet nämns att det inte är något unikt som sker i Sverige utan att liknande planeringsåtgärder har vidtagits på andra håll i världen. Det heter: Â»En utblick i världen ger klara anvisningar om att en nations ansträngningar i en alltmer integrerad världsekonomi måste inriktas på samlade och så långt möjligt planerade insatser för att vår levnadsstandard och våra ekonomiska resurser skall kunna vidmakthållas och vidareutvecklas.Â»
prot-1964--fk--21,i-12oXcRVqNtJhpZTwhAk72,margin,,Onsdagen den 29 april 1964
prot-1964--fk--28,i-17hofwRwCnw3noXk7VE9V,margin,Debattens ämne,Ang. ändrade grunder för den frivilliga arbetslöshetsförsäkringen
prot-1964-höst-fk--41,i-1BvaUZCKf12insZod527s,unknown,"Saknar betalablänk, svår att söka efter därför",Ja
prot-1964--ak--21,i-112WZjUyJ9nRpXGujqHU1J,u,,de 150 000 kronor som Kungl. Maj:t har föreslagit.
prot-1964--ak--8,i-138BTo7pwQJs9EwGr1Kcy,note,,"nr 25, i anledning av Kungl. Maj:ts proposition angående fortsatt disposition av vissa äldre anslag inom kommunikationsdepartementets =:verksamhetsområde, och"
prot-1964--ak--5,i-14iMVu17va3uzLQnHzpgi,u,,Svar på frågor ang. förbättring av vissa ungdomars möjligheter till yrkesutbildning
prot-1965--fk--16,i-13EVKojwNkHF9yi7Zq6Uz,u,,"Herr Jacobssons inlägg finns det kanske inte så mycket att erinra mot. Det var mycket hovsamt framfört, och differenserna gäller väl mera graden än arten. Inledningsvis framhöll han att bostadsfrågan är en stor och betydelsefull fråga, och det kan jag utan tvekan stryka under - på den punkten är vi helt överens. Han sade något om att folkpartiet har längre gående initiativ, om jag fattade honom rätt, och att dessa hade sin betydelse i sammanhanget men att det inte var riktigt att tala om överbudspolitik. Det har jag kanske litet svårt att förstå. Om man från regeringshåll säger att vi på en tioårsperiod skall bygga 1 000 000 lägenheter, så säger folkpartiet att man skall bygga 1100 000 lägenheter. Jag vet faktiskt inte om detta i sak har någon större betydelse"
prot-1965--fk--17,i-14kjJKPJn7XZCNaFG4nsU,note,,"nor 726, av herr Möller och fröken Mattson, i anledning av Kungl. Maj:ts proposition nr 88, med förslag till lag angående ändring i lagen den 28 maj 1937 (nr 249) om inskränkningar i rätten att utbekomma allmänna handlingar"
prot-1965-höst-fk--34,i-17TvMCntCx2ovt6pmygPD,note,,"nr 142, i anledning av väckt motion om örlogsfartyget Ã„älvsnabbens ersättande med ett mässoch utställningsfartyg"
prot-1965--ak--17,i-14iGyQgigCZsUr7pFPMtE,margin,Protokollsnummer och sidnr,Nr 17 17
prot-1965--ak--5,i-15HKMUzf4eWkoEkJN8ti9,u,,"Herr talman! Innan en bilfabrikant släpper ut en ny modell äger långvariga och omsorgsfulla förberedelser rum. Men trots detta, trots allt det arbete och alla de kostnader, som läggs ned på forskning och testning, händer det, vilket vi väl alla känner till, att de första serierna av en ny modell har vissa barnsjukdomar. Det är då ett gemensamt intresse för både fabrikant och köpare att sådana barnsjukdomar snarast botas."
prot-1966--fk--8,i-12z8U4mXrmjMKnETBysYY,u,,"Vi är medvetna om att länsstyrelsernas lokalförhållanden inte överallt är tillfredsställande, och där åtgärder erfordras bör regeringen självfallet ha möjlighet att ingripa. Vi tror emellertid att det av oss tillstyrkta anslaget täcker de akuta behov, som kan komma att uppstå under nästa budgetår."
prot-1966-höst-fk--34,i-133mF1bVhbke1mPk9z43U,u,,"Herr talman! Jag skall börja med att bemöta herr Olssons inlägg. Han har ju nu ändrat sin formulering. När han tidigare talade om de kostnader som övervältrades från staten till exempelvis landstingen, sade han att kostnaderna för mentalsjukvården innebar en betydande övervältring. Men det är detta som vi ännu icke vet. Vi torde komma, som herr Olsson säger, att få en övervältring, men det är absolut felaktigt att säga att det hittills har skett en övervältring - som herr Olsson sade i sitt första anförande."
prot-1966-höst-fk--37,i-14ViXYfxAYVs5LzyHLuyo,intro,,Herr SKÃ…RMAN (fp):
prot-1966-höst-ak--39,i-11Vw8jRpWnMRtouYjNyUK,margin,,Onsdagen den 14 december 1966 fm.
prot-1966--ak--3,i-11nEZXjLQrNz1HbxJzEd2,margin,Debattens ämne,Vid remiss av statsverkspropositionen m. m.
prot-1966--ak--10,i-135K1e4Kma4wR4QfYM1gA,,"Saknar betalablänk, svår att söka efter därför",Nej
prot-1967--fk--35,i-11D2W7Vy4cb4shj2jwJCT,u,,"Om vi, med eller utan anslutning till EEC, måste beakta de priser som tillämpas där, blir det ingalunda de världsmarknadspriser man har bundit sig fast vid i vissa resonemang i propositionen och i utskottsutlåtandet."
prot-1967-höst-fk--40,i-112C3seEKsRVJ79cq7Y375,u,,"Låt mig emellertid ta upp några frågor som herr Wickman berörde i sin replik till mig och högerpartiet. Herr Wickman sade att det inte torde finnas någon regering som bedrivit det nordiska samarbetet med större skärpa än den svenska. Jag tror inte att ett sådant uttalande befrämjar saken. Tyvärr har vi kunnat konstatera att den svenska regeringens framträdande exempelvis när Nordiska rådet sammanträdde i Helsingfors inte var nämnvärt engagerat eller skärpt. När Nordiska rådets ekonomiska utskott hade sammanträde i augusti i år, då EEC-frågan skulle diskuteras, behagade inte ens handelsminister Lange från Sverige trots en inbjudan infinna sig för att ta upp en diskussion i dessa frågor. Det finns onekligen ett betydligt utrymme för en större aktivitet från svensk sida när det gäller det nordiska samarbetet och EEC. Herr Wickman säger att vårt intresse är att den engelska förhandlingen lyckas och att vi inte kan ta några initiativ som minskar Englands möjligheter. Ja, det är ett gemensamt intresse att Englands förhandlingar skall lyckas, men även i det avseendet skall vi se på utvecklingen med en betydande realism, och för ett mindre land som Sverige borde det ändå kännas litet beklagligt eller som ett memento när vi hörde att Englands chefsförhandlare, lord Chalfont, yttrade i Strasbourg för en tid sedan att Â»vi i England har fullt upp med våra egna problem och vi kan inte också ta upp några andra länders problem med De sexÂ». Nu sägs det ju så många egendomligheter både i Lausanne, i Strasbourg och i Bryssel, och vi skall kanske inte ta uttalandet alltför exakt, men det avslöjar en viss likgiltighet gentemot de små länderna från det största landet i EFTA."
prot-1967--fk--2,i-13h5UPzjPHSkS89zncBFs,u,,måste skapa den här fonden för näringslivet. Och när man höjer bilskatterna talar man om att det är i stället för avgifterna till högertrafikens genomförande. Likadant är det på de andra punkterna. Någon otroligt stor djärvhet visar man alltså inte när man talar om dessa skattehöjningar.
prot-1967-höst-ak--41,i-119jG613AQYcuMDT57PYX,u,,Jag sade att varje fall där en enskild människa inte kan få den vård hon behöver är en uppmaning till oss alla att göra ytterligare insatser. Men vi kan lika litet på detta område som på andra områden lyfta oss själva i håret. Resurserna växer men också kraven. Och här gäller det som i alla andra sammanhang att åstadkomma en så långt möjligt vettig och rimlig avvägning. Det är en sådan vi söker göra bl. a. genom att - som jag har betonat här i dag - ge långtidssjukvården en alldeles särskild plats då det gäller planering och aktivitet.
prot-1967--ak--12,i-164vHVSLH7JMiF25cBxJ5,u,,"Herr talman! Punkten 17 upptar ett förslag om anvisande av ett reservationsanslag på 1 miljon kronor till anpassningsåtgärder för invandrare. Det är ett alldeles nytt anslag, och redan detta har givit utskottet anledning att ta förslaget under särskilt allvarlig prövning. En sådan har också skett."
prot-1967--ak--11,i-16hWT1ukUZQQ3gm8E59XV,u,,"fall som varit aktuella - åtminstone tänkte jag närmast på fall av detta slag när jag framställde min interpellation. Dispens bör sålunda kunna beredas de ungdomar som för instundande sommar engagerat sig hårt, under förutsättning naturligtvis att engagemanget i någorlunda rimlig utsträckning kan anses ge erforderlig praktik."
prot-1968-höst-fk--41,i-11M56KRH7JjtFKA7fCPLx,note,,"dels motionen II: 1237, av herr Sjöholm,"
prot-1968--fk--4,i-13cLcs7qRhdD8yjZBvfUo,note,,"nr 641, av fru Nilsson och herr Ã…kesson, om bättre avskrivningsmöjligheter för växthus"
prot-1968-höst-ak--41,i-11jCPNh6zF2m5tVodrhQB,margin,Debattens ämne,"Revidering av läroplan för grundskolan, m. m."
prot-1968--ak--23,i-11pTHFqSutWfA11g6vihA,margin,Debattens ämne,Anslagen till rundradioverksamheten m. m. samt införande av färgtelevision m. m.
prot-1968--ak--11,i-13krqC6DBkSPXwBXGjX79,intro,,"Chefen för kommunikationsdepartementet, herr statsrådet LUNDKVIST:"
prot-1969--fk--19,i-11aABmgrPd2M515z9CsPD,u,,"Högern skrev den gången i sin motion, att Â»politiskt betingade knep av det slag regeringens förslag till en statlig investeringsbank innebär är inte ägnade att förbättra det svenska näringslivets arbetsvillkor. Det kan tvärtom befaras leda till ett sämre utnyttjande av vårt lands tillgångar och direkt försvåra inte minst de mindre och medelstora företagens arbetsmöjligheter med risk för ökad otrygghet för företagare och anställda.Â»"
prot-1969--fk--28,i-12zgdCXqYSuQVMPY4fsTP,note,,"Den, det ej vill, röstar"
prot-1969-höst-fk--35,i-16hoopdeYVXodnxDbDo5A,u,,"Med anledning av det uttalande som konstitutionsutskottets ärade ordförande gjorde om förhållandet till kyrkobokföringen vill jag påpeka att jag i min motion tagit upp den aspekten. Jag har nämligen skrivit: Â»Syftet skulle också kunna vinnas, åtminstone delvis, genom en ändring av förutsättning-"
prot-1969--ak--16,i-11Wx9LEhDquxGx6De9gzS,u,,"Jag tackar för svaret, och jag ser med glädje att det, om det blir svårigheter, är Kungl. Maj:t som til syvende og sidst skall avgöra saken. Jag litar på att jordbruksdepartementet bevakar utvecklingen, så att inte de svårigheter fiskarena redan har blir ännu större."
prot-1969-höst-ak--37,i-13Bi23YtQcMVnuDDmM5wM,margin,Debattens ämne,Rättsvården och ett samlat handlingsprogram för bekämpande av brottsligheten
prot-1969--ak--21,i-13HuuZeNX5jxKC29sNwyX,u,,"Beträffande skyddssynpunkterna, som var en huvudpunkt för fru Skantz, vill jag säga att man inte utan vidare kan ta för givet vad som är det bästa och minst ansträngande för den nyblivna modern. Ofta har ju folk inte bara ett barn, utan det finns redan tidigare ett antal sådana inom familjen."
prot-1970--fk--27,i-14EPWDxkkrW2uz8Fa7Vcm,u,,"I fråga om intransporterna av mer förädlade produkter gäller att ett transportstöd i åtskilliga fall skulle påverka konkurrensförutsättningarna för det norrländska näringslivet i ogynnsam riktning, i första hand för den del av det norrländska näringslivet som har sin huvudsakliga avsättning på den norrländska hemmamarknaden. När det gäller halvfabrikat och över huvud taget s.k. mellanprodukter kan man också rent allmänt säga att den i propositionen föreslagna konstruktionen med stöd till interna men inte till ingående transporter gynnar underleverantörsförhållanden i vad avser mer bearbetade halvfabrikat och mellanprodukter. Bortsett från det gäller att intransporter av råvaror, halvfabrikat och olika slags mellanprodukter i betydlig utsträckning redan i dag omfattas av fraktavtal, som innebär mer eller mindre långtgående rabatter för de ifrågavarande sändningarna in i stödområdet, rabatter som givetvis kommer att finnas kvar även i framtiden."
prot-1970--fk--4,i-14TKEvr2mm4g9KQdr3hVg,note,,"nr 667, av herr Lindblad, om inrättande i Gruvberget av en kursgård för kriminalvårdsklientel"
prot-1970-höst-ak--41,i-16hjrzjEW3N8fhBZ26HsD,margin,,Torsdagen den 3 december 1970
prot-1970-höst-ak--35,i-18LCVvLEinazx2GsjL8Bf,note,,"3) av herrar Tistad, Levin och Larsson i Umeå (samtliga fp), vilka ansett, att utskottet under A 1 och B 9 bort hemställa,"
prot-1971--94,i-11T8ky1uHeMoVruApcYxs,title,innehållsförteckning,Finansutskottets betänkande Nr 23 ang. förbättrad samhällsinformation =. ......s.s.---- 130
prot-1971--49,i-112Y1AkamYc4Bo3gAkpqki,u,,"s.k. stödområdet. I andra delar av landet har det efter direkta regeringsbeslut kunnat utgå i form av punktinsatser. Denna ordning kan naturligtvis inte vara tillfredsställande om man vill utnyttja lokaliseringsstödet för upprätthållande av de nya storkommunerna som näringsgeografiska enheter. Ett mera generellt verkande system måste då skapas. Lokaliseringslån och lokaliseringsbidrag är härvid väsentliga. Men angeläget är också att främja företagsamheten genom t. ex. produktionsrådgivning, yrkesutbildning och hjälp till försäljningsorganisation. För många kommuner är det särskilt viktigt att ökade sysselsättningsmöjligheter kan beredas för kvinnlig arbetskraft. En viktig fråga i sammanhanget är också att bostadsbyggandet fördelas på ett regionalpolitiskt riktigt sätt mellan kommunerna."
prot-1971--129,i-138r9mUetY5rcFQNX5ZNR,margin,Debattens ämne,utbyggnaden av Marvikens kraftstation
prot-1972--9,i-11aPGtQKsKudC89k45cf3,note,,Nr 340 av herr Olsson i Kil m. fl. om ökning av anslaget till Bidrag till ungdomsorganisationernas lokala verksamhet
prot-1972--73,i-11iNDUzVRfZE2GpgjdvRQ,note,,"2) under punkten H 6 Bidrag till hälsooch sjukvård för studerande anvisade ett förslagsanslag av 1 650 000 kronor, ett i förhållande till Kungl. Maj:ts förslag med 120 000 kronor förhöjt bidrag,"
prot-1972--134,i-11pEv4FwXHtDSoe9z8Bm7,margin,Debattens ämne,"Â§ 14 Ang. uppföljningen av riksdagens beslut om lagstadgad 18-årsgräns för utminutering och utskänkning av mellanöl, m. m."
prot-1973--33,i-115pYgSkHZXSX7bDwPhy3,margin,Debattens ämne,Sänkning av ålders-
prot-1973--143,i-1127hQWbMC32HzGybXuAei,margin,,Fredagen den
prot-1973--125,i-15sD55ZjSMuSB5urUFU8P,margin,,Nr 122-126
prot-1974--91,i-11qJ8XgPrGsyVRFuazt99,u,,"Herr talman! Det är bra att herr Wijkman nu så klart erkänner fördelarna i det studiemedelssystem vi här diskuterar och inte vidhåller idèn att banklån skulle vara bättre. Det är inte ens hugget som stucket, herr Wijkman, utan det här lånesystemet är verkligen förmånligare. Det tycker jag att vi har skyldighet att upplysa studenter och andra om, så att de inte vilseleds. I själva verket får de ökade kostnader om de väljer att gå den andra vägen."
prot-1974--139,i-112XaQn4YYQmgAS4ASZz8c,margin,,Nr 139 Tisdagen den
prot-1974--61,i-112cWAQzh9rnoighepemuh,intro,,Herr WERNER i Malmö (m):
prot-197576--13,i-112Y9zFHAbieqVpzv74pkv,margin,,Nr 13 Torsdagen den
prot-1975--93,i-13S79qYXjzUKPkMnZPPkL,note,,I enlighet härmed blev följande voteringsproposition uppläst och godkänd:
prot-197576--35,i-13jZ9aAuC93mdoyPTfDT8,intro,,Herr BERNDTSON (vpk):
prot-197677--84,i-19X6McoNiJPm7NQkHSCgB,margin,,Nr 84
prot-197677--28,i-1H5Sez2XnPdKHgCDgXckx,note,,Föredrogs utbildningsutskottets betänkande 1976/77:4 med anledning av motioner om lokaliseringen av det norra skogsinstitutet.
prot-197677--84,i-1QhEVL7nGFMCjaCPsuh2z,"u, margin",En sammanslagning av tal och debattens ämne som separeras med = tecknet,om staten producerade läromedlen. Man måste göra en sådan jämförelse = heter m. m.
prot-197778--51,i-131UwRcVqpWwBgdQ1Mj9Q,note,Siffra i innehållsförteckning,183
prot-197778--46,i-13rxHs64zSXiyt1Ng1k91,u,,Jag anser att detta får inte vara något skäl att invänta vad som kan ske på det nordiska planet. Tvärtom skulle säkerligen ett svenskt utredningsarbete på detta område kraftigt stimulera det arbete som förbereds att gälla hela den nordiska kulturkretsen.
prot-197778--29,i-15GBCgPpkUc6Fm7ABq22a,u,,"De medelstora svenska varv som jag har varit i kontakt med har inte varit helt nöjda med anbudsförfarandet och med de utsända ritningarna. Varje varv arbetar efter sina förutsättningar. När man beställer fartyg brukar man inte bara skicka ut ritningar på ett fartyg med en viss utformning, utan beställningen brukar göras i samråd mellan eventuell byggare och beställare. Då kan man göra konstruktionsändringar med tanke på betingelserna för det varv det gäller, och man kan därigenom komma ned i ett väsentligt lägre pris."
prot-197879--33,i-1B8DnkDjBXsm8GeXWb7Jx,u,,"Jag har i mitt anförande låtit tona fram en viss tvekan, och jag skall uppmärksamt följa utvecklingen. Visar den sig inte vara effektiv, återstår bara möjligheten att verka för att den här frågan återigen kommer under riksdagens prövning."
prot-197879--40,i-1EzY3DSvBLAP5vzsG3h65,intro,,HANS GUSTAFSSON (s):
prot-197879--23,i-1JXmrq8sSPcZpUWFa2P3x,margin,Protokollsnummer,1978/79:23 Nr 23
prot-197980--47,i-11g9V5ouFMbi8iecfFKcx,margin,Debattens ämne,"stabilisera ekonomin, m. m."
prot-197980--49,i-14RfyvVTvvMKCfr6eZcfv,u,,Motionärerna tar upp problemet och säger att det sannolikt krävs en kommunal tillståndsprövning av all nyetablering och utbyggnad av detaljhandeln med livsmedel enligt särskild lag.
prot-197980--19,i-161hnAJBJNESePyaPto5g,u,,"Bostadsoch byggnadspolitiken i vårt land kännetecknas av mängder av lagar, författningar och regleringar, som till en mycket stor del är onödiga och för många framstår som direkt medborgarfientliga. De utgör inte bara en djungel av krångligheter och byråkrati, de reser också hinder för medborgarnas önskemål och möjligheter att få bygga och bo. Och detta hinder har man ställt upp mot både det permanenta boendet och fritidsboendet."
prot-198081--23,i-14L9F3D5kxJPpDf5ger6V,note,Meddelande om skriftlig fråga,113 av Gabriel Romanus (fp) till budgetministern om basbeloppets betydelse för socialt svaga grupper:
prot-198081--39,i-15FQZQyiHyB7PwALBp2aj,margin,,Tisdagen den 2 december 1980
prot-198081--34,i-177Gyw4cp7eMha7A1Zo1X,margin,,Nr 34
prot-198182--34,i-11DJeggLhcLLMpiYHqD2c,margin,,Tisdagen den
prot-198182--8,i-13skFQA8ufW91GMvRfBVw,u,,Detta kommer att ställa stora krav på den sociala hemtjänsten. Många kommuner söker sig fram efter olika modeller för att finna former som bäst passar i deras situation och för att finna t. ex. möjligheter till samarbete mellan hemtjänsten och hemsjukvården.
prot-198182--53,i-14WQQCDbzyy4LdJi4S4d2,"margin, intro",Sammanslagning av margin och intro,16 december 1981 Anf. 70 ANNA WOHLIN-ANDERSSON (c) replik:
prot-198283--24,i-11BTwNsndrdac6T3XEyvf,u,,| I den proposition som nu läggs fram besannas våra farhågor.
prot-198283--21,i-16KJ6HUov6FTw48ebNTo7,margin,,Nr 21
prot-198283--43,i-17NANYrGUDE2U4BWkpDYj,u,,"Denna del av utskottets skrivning har tillkommit därför att utskottet hade att yttra sig över en moderat motion. Om vår enda uppgift hade varit att ta ställning till en förlängning av den allmänna prisregleringslagen, hade det inte varit något problem. Jag tycker fortfarande att det är fel av Lars Tobisson att försöka dra upp en skiljelinje mellan oss när det gäller den allmänna synen på prispolitiken och frågan om man vill förlänga den allmänna prisregleringslagen eller inte. Det är obestridligen så att man om man inte förlänger den här bemyndigandelagen har berövat regeringen alla möjligheter till snabba prispolitiska ingripanden."
prot-198384--9,i-113WQJMd9c3YphDRT6vCg,u,,"I detta sammanhang finns det skäl att påminna om att inkomstskatten nästa år stiger med över 2,5 miljarder kronor, därför att skatteskalans inflationsskydd har beskurits. Det skedde som bekant i skatteuppgörelsen den underbara natten 1981 mellan socialdemokraterna, centern och folkpartiet. Denna skatteskärpning skall läggas till den automatiska höjning på 1,5 miljarder som inträffat redan i år, alltså tillhopa över 4 miljarder."
prot-198384--51,i-16h7iXTFHfaMqgccwRkgF,u,,Enligt vår mening bör avdrag beviljas för alla dagar då bil används i tjänsten. Därvid skall också behovet av beredskap för att företa resor i serviceyrken beaktas.
prot-198384--18,i-17GF7zSnG1RbdQABSWZjN,margin,Sidnummer,14
prot-198485--27,i-11a9fPvKorZhHRkLUaSNz,note,Förteckning av talare,"Anèr, Kerstin (fp) 142, 143"
prot-198485--49,i-136eX8gHmSL3a1ZswzdGs,u,,"ES , d 3 Ed = rörande krigsmate- Herr talman! Vi har här att behandla ett betänkande från utrikesutskottet S rielexport"
prot-198485--38,i-13v44kLsT433Y6v3rHFoT,margin,,4 Riksdagens protokoll 1984/85:38-39
prot-198586--21,i-11JXZU6w9BecaRQpNt8rH,margin,protokollsnummer,Protokoll 1985/86:19-21
prot-198586--43,i-1123i6P9yYrBBkdjaDFioe,u,,"domaren måste ändock tänka historiskt, sociologiskt och filosofiskt."
prot-198586--53,i-13YrXUEGss9HuqGsSHd9y,u,,"En eventuell textning skall alltså ske i Finland. Kostnaderna för textning är inte utredda, och inte heller har man tagit ställning till vem som skall svara för finansieringen. Det är vidare tveksamt om lagens krav att programmen skall överensstämma med det som sänds i Finland är uppfyllda om programmen förses med svensk text. Textsättning torde även kunna leda till svårigheter i upphovsrättsligt hänseende."
prot-198687--29,i-14AKCpB5EwzViG3sJQJpY,margin,protokollsnummer och datum,Prot. 1986/87:29 19 november 1986
prot-198687--12,i-18tj7hGHczAy7mTq1FbBG,u,,En regerings uppgift inför en avtalsrörelse är snarare att försöka sprida kunskaper om sådana här samband än att skapa orimliga föreställningar om vad som är önskvärt och möjligt. På den punkten har regeringen misslyckats. Däri ligger dess viktigaste skuld till den arbetsmarknadskonflikt som vi nu bevittnar.
prot-198687--14,i-1AMtB2C32mEZTC1A1exPB,u,,"Jag vidhåller dock min tidigare fråga: När kan vi få besked om en långsiktigare planering för att stilla samernas oro och för att trygga deras fortsatta bedrivande av renskötsel i de aktuella områdena? På längre sikt kan man ju inte fortsätta att betala ut ersättning för renar som grävs ner, utan man måste komma med något mer konstruktivt. Min fråga var alltså: När kan vi få ett sådant svar? Det är ju i allra högsta grad brådskande."
prot-198788--21,i-1127bGUoGtyfwEFHcEjNUP,margin,Debattens ämne,Vissa kyrkliga frågor
prot-198788--31,i-18TjbvPzwW5NHiYeBs6Mu,u,,Av någon anledning hade TV-Aktuellt häromkvällen en nyhet där man påstod att regeringen tagit ställning. Som tur var tittade socialministern på TV just då och kunde därför omgående och förtjänstfullt klargöra att nyheten inte var verklighetsförankrad. Inom parentes kan också konstateras att TV-Aktuellt inte därefter närmare försökt att styrka sin nyhet.
prot-198788--46,i-1FqTHF3uZNenbac4MQUbq,margin,protokollsnummer och datum,Prot. 1987/88:46 16 december 1987
prot-198889--4,i-112AKZNxQs41vmDCcZtgc3,note,Meddelande om skriftlig fråga,Sovjetunionen har fortfarande trupper i Afghanistan. Enligt uppgift har hälften av de sovjetiska trupperna nu lämnat landet. Enligt Gendveavtalet
prot-198889--29,i-1391fvoNZkHDXPipBmgBQ,margin,sidnummer,51
prot-198889--40,i-15h52eAVLRe8uWKcb7DhJ,u,,"Vi har i dag haft en ceremoni, och vi har haft uppe de mänskliga rättigheterna. Jag tycker därför inte att man behöver orda mer om detta. Det vi talat om tidigare i dag borde vara giltigt även när vi kommer till spaningslagen."
prot-198990--59,i-11mqzHStAgnUX9yQpwDKq,u,Svar på interpellation,"När nu SJ efter så många år av passivitet låtit banor och materiel förfalla är det inte lätt för regionerna att ta hand om och utveckla järnvägstrafiken. Det är faktiskt en omöjlighet. Staten måste helt enkelt ta sitt ansvar. För att det skall fungera måste staten garantera ett långsiktigt driftstöd till trafiken på stomjärnvägarna. Staten bör också garantera en trafik på Herrljungabanan av minst nuvarande omfattning, och staten bör via banverket ge garantier för upprustning av Herrljungabanan. Snabbtågen bör stanna i Herrljunga."
prot-198990--16,i-11xvDDwR2qsv3rnYNUEb7,intro,,Finansminister KJELL-OLOF FELDT:
prot-198990--43,i-14drRUagHwq4SfBbSyGbn,u,Svar på interpellation,Som jag tidigare har sagt tycker jag att man skall säga ett bestämt nej till reklam i Sveriges Radio och att man skall bevara detta företag som ett licens-
prot-199091--7,i-112XvKBydRimfs9dpAmcqA,intro,länk saknas,Anf. 97 ROLAND LARSSON (c) replik:
prot-199091--33,i-14FTCojEBDx4WcNkr77nW,u,länk saknas,"Det går alltså inte att bara följa upp och se efter vad som kommer att hända när vi använder dem, utan vi måste ta reda på effekterna innan vi introducerar dem fullt ut. Introduktion pågår, så det är ganska bråttom. Vilka beslut har regeringen fattat i det avseendet?"
prot-199091--8,i-15ZWLdNza8e5x3LQRfmkU,,länk saknas - Hittar ej,1990/91:43 av MargÃ³ Ingvardsson (v) till socialministern om en arbetsgivarperiod i sjukförsäkringen:
prot-199192--25,i-11LZi6AZxyRvqfzEwDzN5,u,länk saknas,Bland dem är faktiskt EES. Det finns i Gudrun
prot-199192--12,i-15Y8tTi9V3zgXR9Ai1rjj,u,länk saknas,även här i Sverige. Vi ser vad som händer med t.ex.
prot-199192--28,i-16ermC1XNdDHpNMd8Mgg8,u,länk saknas,"Flera privata intressenter har visat intresse av att erbjuda en helhetslösning, inkl. huvudsaklig finansiering, avseende Arlandabanan. Vidare finns ett intresse att tillsammans med regeringen och banverket diskutera hur ett sådant privat förslag kan anknytas till övergripande ambitioner om avreglering och konkurrens, och hur en privat monopolsituation undviks. Det senare uppges inte utgöra något problem."
prot-199293--25,i-112PEq2r78iVtgXFSahHnD,u,länk saknas,"Jag har inte heller fått svar på min skriftliga fråga, som jag även upprepade i mitt första inlägg. Skall vi i Sverige i fortsättningen börja handla på överskottsmarknaden? I så fall måste vi inse de konsekvenser som det kan få för den inhemska försvarsindustrin."
prot-199293--42,i-145FYZLfxomyFKTkiL1Lh,u,länk saknas,"Mot bakgrund av vad jag anfört vill vi ha en ändring av 9 kap. 4 a Â§, skollagen, som vi vill skall lyda:"
prot-199293--26,i-145YtKeSz3CFBAVQe3dff,u,länk saknas,Herr talman! Det är mycket fråga om tro och misstro. Tror vi på ett enat Europa? Tror vi på att det ligger ett värde i att människor och nationer samarbetar? Tror vi på att den inre marknaden ger oss ett ökat handelsutbyte och en ökad tillväxt? I så fall skall vi inte börja processen med att säga nej till avtalet.
prot-199394--45,i-1123ghQSrGgPAZNWLiCEuM,note,länk saknas,av talmannen från sammanträdets början t.o.m. 7
prot-199394--40,i-18FbbNjHNvEVfoWLFMKb7,u,länk saknas,När propositionen har fallit finns vår reservation kvar. Den går i linje med vad arbetsgruppen föreslagit. Genom att rösta på vår reservation har regeringspartierna möjlighet att ansluta sig till det som arbetsgruppen kom fram till. Vill ni ha konkurrens tycker jag att ni noga skall överväga om ni inte skall rösta på den.
prot-199394--8,i-1B1FowJTTby9KcTsNvuv8,intro,länk saknas,Anf. 26 HADAR CARS (fp):
prot-199495--42,i-13VhapnKPnPiXTe5vRXfV,u,länk saknas,Andersson som representant för ja-sidan säger att de gamla argumenten måste avslutas. Jag förstår det - ni vill glömma de argument som ni hade före folkomröstningen
prot-199495--42,i-17UepKV7KkKBhzbXQgXyL,u,,skrifterna Ja till Europa 1961 och Många liberaler
prot-199495--27,i-1CK8vpCzrZ84LKsXBshrZ,u,,Herr talman! Vi har just nu förfrågningar ute om vilka representanter som skall tillsättas från partierna i utredningen. Jag hoppas att utredningen arbetar på ett sådant sätt att hela denna fråga kommer ut till diskussion och så att upplysningen blir tydlig och mycket omfattande. Jag tror att det trots allt är det allra viktigaste för de unga pojkar som riskerar sin framtida hälsa genom att använda dessa preparat av fullständigt orimliga skäl.
prot-199596--17,i-12stk69BvzEtYcTf7tpW1,note,,1995/96:86 av Ewa Larsson (mp) till kulturministern om remisstiden för kulturutredningen
prot-199596--41,i-13WRyhwqPFZ596KcSZG33,u,,Herr talman! Som jag har påpekat många gånger i denna kammare när vi haft arbetsmarknadspolitiska debatter är det inte inom arbetsmarknadspolitikens ram som nya arbetstillfällen kan skapas. Det är inom andra politikområden. Därför är det glädjande att vi nu har ett betänkande om tillväxt att behandla. För det är just genom tillväxt som förutsättningar skapas för en bättre arbetsmarknad.
prot-199596--23,i-14vQYVWUjwQETVV7bDVcw,intro,,Anf. 20 STIG SANDSTRÖM (v) replik
prot-199697--32,i-13scbegd1SvWDdeiZV7Gy,u,,Men vi riskerar inte bara att tappa kunskap utan också människor som kan ge nya möjligheter för
prot-199697--38,i-149sHDPA5U2tNCZ1ZU9pA,u,,"Den viktigaste förutsättningen för att riksdagen skall kunna utöva ett aktivt och tidigt inflytande är att få en tidig och bra information från regeringen. Här anser utskottet, och flera har sagt det före mig, att det finns möjligheter för regeringen att förbättra kvaliteten på informationen, att strukturera den bättre och att göra den mer problemorienterad samt att den också skall innehålla regeringens ståndpunkt i den aktuella frågan. Fakta-PM har nämnts. De skall tillställas riksdagen i viktiga frågor. Det är också en skyldighet som utskottet lägger på regeringen."
prot-199697--5,i-14BkryGEiDifd4sHuL3yr,note,,Tanja Linderborg (v)
prot-199798--38,i-12qi2dmcNRtXDbUQdfvxi,u,,"Behovet av ett informationsorgan är helt uppenbart, och vi betvivlade att integrationsmyndigheten skulle kunna ta över tidningens sätt att ge denna information."
prot-199798--30,i-17Fnyfk9TG8qzT2fCYDCY,u,,"Gösta Svenson, berodde på det enda som ni har erkänt var ett misstag 1991-1994, nämligen att ni var tvungna att släppa kronan. Det var orsaken till den enda ljuspunkt som då fanns."
prot-199798--30,i-18yUvsSojV12qXBrhweNa,u,,Vi försöker också att fundera litet öppet på vad vi skulle behöva därutöver. Vi tror att man behöver fundera på att hitta en ny ingrediens i socialförsäkringssystemen. Det behövs mer privat sparande och mer av ett försäkringsinslag. Det behövs mer av individ även i dessa stora kollektiva försäkringssystem.
prot-199899--33,i-112QxugK71Hr7wpiy1s3UE,u,,"På denna punkt finns det all anledning att vara kritisk till den biståndsram som regeringen och de två stödpartierna, Miljöpartiet och Vänsterpartiet, är överens om. Med tanke på hur dessa två partier agerat under förra mandatperioden är jag förundrad över hur platt man nu lagt sig för regeringen när det gäller biståndsramen."
prot-199899--32,i-17vkJsioGciTd9zszLJBb,note,"länk saknas, hittar bara html",Partivis fördelning av rösterna:
prot-199899--27,i-18sxTmkUpbC2esCk5rKhp,u,,Nivåerna i a-kassa och sjukförsäkring är återställda. Kommunerna får 1999 16 miljarder kronor mer än
prot-19992000--40,i-136KnqzB9ohgvvPCpGxi9,intro,,Anf. 94 MARIANNE ANDERSSON (c) replik:
prot-19992000--39,i-14LWLCH7Sg8n9syHMGRGb,u,,Herr talman! Det var mycket intressant att höra
prot-19992000--24,i-188EFPbqvChpZwPsHf5vB,u,,"Nu finns det två förslag att välja mellan, och uppenbarligen klarar inte Vänsterpartiet att välja mellan reservationen från Socialdemokraterna och Miljöpartiet och majoritetsförslaget från de borgerliga. I stället vill man återremittera ärendet. Med tanke på att det finns ideologiska skiljaktigheter mellan partierna är jag väldigt nyfiken på vilken sida som Vänsterpartiet efter ett återremitterande hamnar på i utskottet i den diskussion som där ska föras. Kan en återremiss lösa problemet med en förändrad majoritet i kammaren då"
prot-200001--41,i-116wywPRn8SwFgGSxc949,u,,Framför allt är det viktigt att vi kan behålla en svensk sjöfart och en svensk färjenäring. Den är viktig för en omställning av trafiken. Om vi ska klara att lyfta bort mer gods från vägarna måste även sjöfarten kunna vara med och ta hand om det godset.
prot-200001--8,i-11DvQ6d1yeK1vHGRJqmyF,u,,"Låt dem skapa möten mellan ämnesområden. Det har varit alldeles för lite av detta. Att man i Uppsala nu skapar en humanistingenjörsutbildning är väldigt positivt. Det är ett träd till i den skogen, men det behövs sannerligen - kreativitet och nya möten."
prot-200001--9,i-13PUYJkgsun5aG5zutTMB,u,,"Maria Larsson liksom jag, vilket kanske inte Patrik"
prot-200102--37,i-117GzoEY2vZvqahWrXybh,u,,"58 kinesiska män påträffades döda i en container uppmanade Europeiska rådet EU:s kommande ordförandeland Frankrike att vidta åtgärder för att förhindra att en sådan händelse upprepades. Dödsfallen hade ägt rum i samband med ett olagligt försök att ta sig in i England. Frankrike presenterade två förslag till rättsakter, ett direktiv och ett rambeslut, där syftet var att förstärka kampen mot olaglig invandring och människosmuggling."
prot-200102--40,i-17H4Ywik3RWo2tA2TGF2L,note,,Stockholm den 30 november 2001
prot-200102--45,i-1869viKiS179WgDk1rLu6,u,,"Jag har exempel från min egen kommun, där man har sålt av väldigt stora arealer till enstaka personer."
prot-200203--38,i-1121RBDdPaz7k8RjBJqnEV,u,,Jag har noterat att de borgerliga partierna i riksdagens finansutskott har en gemensam reservation om en parlamentarisk arbetsgrupp som ska titta på förutsättningarna för att komma fram till gemensamma socialförsäkringssystem. Jag kan förstå att inte minst
prot-200203--13,i-13F1wEY9sLYVrTkvSMrbH,u,,"Fru talman! Jag tror att de är mycket väl medvetna om detta, och det kanske Marietta de Pourbaix-"
prot-200203--39,i-13ioUFomBpkaoUxF4GZ9f,u,,"Men det är inte bara höjda priser och en ökad sårbarhet som blir följden av detta felaktiga beslut. Miljön påverkas också, eftersom det under överskådlig tid är endast kol- och oljeeldade kraftverk som kan ersätta det effektbortfall som en avveckling av kärnkraften medför. Visserligen exporterar vi stora delar av våra utsläpp till i första hand Danmark, men anser näringsministern att det är förenligt med Sveriges åtagande enligt Kyotoprotokollet att föra en energipolitik som ökar koldioxidutsläppen i världen?"
prot-200304--51,i-11zEswiHVbfdmevqLNoRs,u,,"Det finns tydliga försök som har gjorts när det gäller reparation av fönster och som till exempel har medfört att ett kopplat tvåglasfönster från 1930 har gått från 2,6 i U-värde till 1,77. Ni i skatteutskottet vet ju väl vad de här värdena är för någonting. Det finns 1880-talsfönster som har gått från 2,44 till 1,6 i U-värde. Det här är exempel från undersökningar som finns publicerade i en rapport från Lunds universitet och Sveriges Provnings- och Forskningsinstitut. Det är mot den bakgrunden som jag i min motion föreslog värdet 1,8 för bidrag."
prot-200304--16,i-1BiYQzzU493pihQEsgZXt,u,,Herr talman! Tack för svaret. Då är vi helt överens om detta. Investeringar i människor är av oerhörd vikt.
prot-200304--45,i-1DcGYUYQcjWSLqzJ9XQtu,u,,I dag är läget på arbetsmarknaden annorlunda. I takt med att samhället förändras måste också samhällets insatser för vuxna som vill läsa förändras. Vi måste utgå från vars och ens behov. Allas behov är olika. Hur ska man lära sig? Vad ska man lära sig? I vilken takt ska man lära sig? I Växjö till exempel läser verksamma barnskötare på distans till förskollärare. Det är ett mycket gott initiativ.
prot-200405--46,i-11LCJKHjQToJxfJVn396g,intro,,Anf. 120 KALLE LARSSON (v):
prot-200405--46,i-17rL4ccWiK8kYESq6KstU,u,,"Fru talman! Jag brukar avsluta mina anföranden med en uppmaning om en ny regering. Det kanske finns en större samsyn mellan de politiska blocken inom äldrepolitiken än inom många andra områden. Men när det gäller de gamla med låga pensioner, som i dag drabbas av högre avgifter, en mer ransonerad hemtjänst och allt mindre möjligheter att få komma in på äldreboenden, är det nog ändå så att en borgerlig regering skulle kunna lösa en del problem."
prot-200405--22,i-18e2jS1w2tdHXmoho2QhM,u,,"Fru talman! Ja, det kan man."
prot-200506--13,i-15zQ3JmjyeeVsUcFXUY3R,u,,"Det ligger i linje med vår uppfattning att det inte är selektiva företagsstöd som skapar regional tillväxt utan ett bra företagsklimat, en god infrastruktur i form av vägar, kommunikationer i övrigt, utbildning och forskning samt tillgång till kapital."
prot-200506--10,i-16VUssZN9oCJq5yKh1HTa,note,,Till riksdagen hade inkommit följande skrivelser:
prot-200506--52,i-17E1RdCDAqCX57Xf1A87V,intro,,Anf. 43 HILLEVI ENGSTRÖM (m) replik:
prot-200607--37,i-112Kb9k2QsNUapSfP2aGev,u,,"Det första är att man här, eftersom det är ett budgetbetänkande, måste vara överens med regeringspartiet. Så är inte fallet. Det ska man vara så länge det rör anslagsframställningar. Man måste vara överens om siffrorna. Däremot finns det inget krav på att Kristdemokraterna ansluter sig till den moderata politiken i övrigt."
prot-200607--18,i-17KjHHhtftem1ecqVyD4D,u,,"Du talade om tonåringar som känner tomhet. Jag tror att just förkortad arbetstid skulle kunna vara bra med tanke på den farhåga som du uttryckte. Då skulle både kvinnor och män kunna få mer tid att vara tillsammans med sina barn. Det borde väl vara en reform som tilltalar dig i stor utsträckning. Samtidigt skulle det också ge flera arbete, och flera skulle kunna arbeta i förskolan."
prot-200607--44,i-18MfUAZavq5kmFz38hHFr,u,,"Så fungerar det ju inte i verkligheten. Arbete är ju inte vilken vara som helst där efterfrågan på ett enkelt sätt styrs av priset. Vore det så enkelt skulle ju det land som har de lägsta lönerna också ha den lägsta arbetslösheten, men så ligger det faktiskt inte till."
prot-200708--15,i-112BAKSaGiiiLrJ4MFA1mY,u,,"När man hör Thomas Östros och den samlade oppositionen framställa detta får man lite intrycket av att Mats Odell har anlitat familjen Sopranos för att bakom lyckta dörrar kränga statliga bolag. Riktigt så är det inte, utan man har upphandlat tjänster tidigare av det företag som Thomas Östros så sent som för ett år sedan förnyade avtalet med."
prot-200708--12,i-12mFe9kiU8FxGgZVU4Fmc,u,,"Herr talman! Jag tror att all arbetslivserfarenhet är nyttig. Jag har själv fått göra arbetslivserfarenheter inom områden som är långt ifrån min utbildning en gång i tiden, och jag är innerligt tacksam och glad över den erfarenheten."
prot-200708--5,i-16ZbFVZrf2noibeSF1i81,note,klockslag i protokollets titel/rubrik,Kl. 13:30 - 13:33
prot-200809--53,i-11VCsqJE5MS4aiJnEuqim,note,,Övriga punkter
prot-200809--12,i-1123FCDKtuytzbjsL2dgPp,u,,"Nu har mer än halva mandatperioden gått, så jag tycker att det är dags att ta nya tag och att flytta fram positionerna. Jag vill därför fråga ministern: Vilka krav tänker Maud Olofsson ställa på Vattenfall i den här nödvändiga omställningen?"
prot-200809--13,i-19reWGnQDi7hAW4wQQty7,u,,"Valet 2010 riskerar i och för sig att bara bli ytterligare en i raden av skenmanövrar som juntan gör för att legitimera sitt maktinnehav. Men alldeles oavsett detta är det oerhört viktigt att stödja oppositionen. Partier som Aung San Suu Kyis NLD, Aung Moe Zaws DPNS och många andra sådana rörelser har fått en försvinnande liten del av det bistånd som går till Burma."
prot-200910--43,i-147j36qwN9r5KU4WbSyEj,u,,"Vi socialdemokrater har lagt fram ett förslag om att halvera den skatteklyfta som ni har beslutat om i den här kammaren. Ni säger: Jo, men nu sänker vi ju skatten med 3 Â½ miljard ytterligare för pensionärskollektivet. Ja, men samtidigt sänker ni skatten med ytterligare 10 miljarder för löntagarkollektivet, det vill säga att ni ökar klyftan ännu mer trots att ni tycker att pensionärerna visst ska ha det bra. Jag får inte er argumentation att gå ihop."
prot-200910--51,i-164GiGh8d3Bm7ciVhAn8W,u,,"Nu har vi särskilda aktionsgrupper vid åtta polismyndigheter och Rikskriminalpolisen. Vi har 200 särskilt engagerade poliser som kan förstärka arbetet mot organiserad brottslighet där det behövs. Hade Thomas Bodström fått bestämma hade de suttit på Kungsholmen, och ursprungsförslaget var att man skulle ta resurser från Västra Götaland och annat. Oerhört dumt, tycker jag, men man kan ha olika uppfattning."
prot-200910--51,i-19HzZ4wJfwrV63kWH7TfX,u,,"Fru talman! Det är viktigt att se varje individ, säger Eva Flyborg, och att regeringens politik är inriktad på de långtidsarbetslösa. Hon säger vidare att garantierna vid en preliminär utvärdering är positiva."
prot-201011--35,i-16saoUtXqZBDxZ4mN9Xow,u,,Regeringen har infört och inför fler nationella prov. Kontinuerlig uppföljning och utvärdering är nödvändigt för att vi ska veta om den enskilda eleven behöver mer stöd. Det finns inget mer elakt än att låta studiesvaga elever gå osedda genom skolan. De nationella proven ger också lärarna fler redskap i undervisningen och skapar förutsättningar för nationell likvärdighet och rättvis betygssättning.
prot-201011--34,i-1ENPfxa4nTuD4T3CkYugz,u,,"Vi hade tur vid dådet i Stockholm. Det var tur att inte fler människor dödades. Detta har andra varit inne på här. Det var bara på grund av inkompetens så kan man kalla det som en massa människor inte dog. Jag befarar tyvärr att detta inte är sista gången vi ser något liknande hända i Sverige eller att någon kommer att försöka sig på något liknande. Jag vet att den ideologi som står bakom islam ger upphov till den här sortens beteende. Vi i Sverige och vi i västvärlden lever i det de kallar för Dar-al-Harb, krigets hus, inom islam. Därmed är vi enligt en inte alltför liten andel förtjänta av den behandling som man försökte utsätta Stockholmsborna för i lördags."
prot-201011--37,i-1NgEriKu6JtGt3C2eQ4qZ,u,,"I artikeln kommer man till någon sorts Orwellskt nyspråks höjdpunkt när man beskriver sin egen politik: För att ytterligare förbättra trygghetssystemen har Alliansen under våren tillsatt en parlamentarisk utredning som ska se över hur arbetslöshets- och socialförsäkringarna långsiktigt kan bli mer sammanhållna, balanserade och bidra till en högre sysselsättning. Man har ju krossat hela socialförsäkringssystemet inklusive arbetslöshetsförsäkringen, och man har inte lyckats nå någon högre sysselsättning. Gud bevare oss för en sådan fortsatt politik!"
prot-201112--34,i-11viwa1vNRw32Xxgu9G3w,u,,Fru talman! Fakta är följande: Från 2012 försvinner den statliga medfinansieringen till hästforskningen trots att näringen i flera år uppmärksammat regeringen på det förestående hotet. De stora förbunden inom hästnäringen är helt eniga om att forskningen är en av näringens viktigaste tillväxtfaktorer och känner sig givetvis oroade.
prot-201112--48,i-112Z5Aa1VfQ6nuyCqGAYXX,u,,Herr talman! Först vill jag yrka bifall till reservation 6.
prot-201112--22,i-1546bL4y7WHG2PTcityFu,u,,Svenska folket har redan sagt sitt i frågan: Inte ur min plånbok! Respektera detta!
prot-201213--37,i-13ghAgwAFMCjsRePAoqVz,u,,"Nu finns det förvisso en del lättnader för företag i glesbygden även i Sverige, och det tas successivt små steg i rätt riktning, vilket är bra men inte tillräckligt. Det är otillräckligt för att upprätthålla de svenska glesbygdsföretagens konkurrenskraft. Svensk lagstiftning har inte gått tillräckligt långt för att underlätta för den svenska glesbygden. Där finns ett tydligt problem, särskilt för svenska företag som är verksamma i närheten av den norska gränsen."
prot-201213--39,i-15zQtGwiR8vq4uLgokADx,u,,"Sverige är ett land där vi är otroligt privilegierade. Vi har fått förmånen att växa upp i ett land där vi har välstånd, där vi har trygghet och där vi inte har haft krig i mannaminne. Alla människor har inte haft den förmånen. Vi är inte bara medmänniskor till de människor som liksom vi har haft förmånen att födas här, utan vi är också medmänniskor till de människor som har fötts och vuxit upp under andra förhållanden."
prot-201213--47,i-17TpRFQp45zHTGjYrcsME,u,,Det var en svada mot valfrihet och en svada mot olika aktörer som utför välfärdstjänster. Det är inte särskilt förvånande att det kommer från Vänsterpartiet. Ni är ju väldigt tydliga på den punkten. Men det finns några saker man skulle kunna kommentera.
prot-201314--23,i-112G9kQCVjRQBA2p3Wmbm2,u,,Fru talman! Jag följde på 90-talet tillkomsten av ramverket. Den återspeglar två saker. Den ena är det faktum att Sverige under lång tid har vant sig vid att ha en minoritetsregering och rimligen får ställa in sig på att så kommer det också att vara i framtiden.
prot-201314--39,i-13E5ewVVW1sorw6c3YNiS,u,,"Om jag inte hade så stor respekt för mina kolleger skulle jag kanske hemfalla till Carl B Hamiltons språkbruk och kalla detta för vämjeligt, men det ska jag inte göra. Jag tycker inte att vi ska behandla varandra på det sättet här i riksdagen."
prot-201314--38,i-13w78Nc83NNMRs3wuXm1b,u,svar på interpellation,När vi träffar polisen både i trafikutskottet och vid andra tillfällen tycker jag inte att de heller har någon riktig koll på vad detta handlar om â€“ att man har muskler för att agera.
prot-201415--28,i-12dbEAYUph3kHDJPZ5Mqn,u,,"Jag tycker att det hade varit ansvarsfullt av regeringen om man hade landat i en tydlig uppfattning om Förbifarten, ungefär som i diskussionen om Bromma. Ska projektet fullföljas eller inte? Det hade varit ansvarsfullt att tydligt säga: Ja, det behövs på grund av dess betydelse för jobb och tillväxt. Eller man hade kunnat landa i att säga: Nej, vi tycker inte att det här projektet ska fullföljas. Vi satsar på någonting annat. Då hade man kunnat anföra skälen till det. Då hade man inte landat i denna spagat- och mellanlösning som innebär en räkning på 4 miljoner kronor per dag till skattebetalarna."
prot-201415--41,i-13DFi82FsEoc6WkK1T673,u,,"Nej, Sverigedemokraterna saknar inte visioner på kulturområdet, snarare tvärtom. Du har själv sett vårt budgetförslag, Alice Bah Kuhnke. Du har lyssnat på debatten. Det är tydligt att vi har visioner och målsättningar som på många områden är högre än regeringens, så också på kulturområdet."
prot-201415--22,i-13GAEpXi9B4mMFoKqEmuT,u,svar på interpellation,"Det som ändå får betecknas som glädjande är att svaret på interpellationen säger något annat. Jag kan få ett intryck av att någon har tagit statsrådet i örat och sagt: Hallå där, regeringen har bara en politik."
prot-201516--47,i-11sTFSmhVB2CUw9JnT82,note,,den 15 december
prot-201516--43,i-13cjkhGfFn3FpqZ9xC9Kz,u,,Jag har en fråga till statsrådet som högsta ansvarig för Näringsdepartementet: Ã„r det rimligt att vi lagstiftare inte får ta del av de handlingar som är offentliga handlingar i god tid och som faktiskt finns när det är så bråttom?
prot-201516--47,i-13wcwDoEibCZ4MdMLBbhs,u,,"Hur framtiden ser ut har vi möjligtvis en aning om men ingen exakt karta över . Det vi vet om är de resurser vi har att tillgå, till exempel studenter som har en iver att lära sig och ta reda på nya saker. Vi har bra lärosäten som på något område har sin spets. Vi har nyanlända som bär med sig kunskaper till vårt land som i en del fall kan passa in i det vi har brist på."
prot-201617--23,i-112CJTQGG67fjza77oRFSR,u,,"Från regeringens sida verkar man inte heller se den ekonomiska plussidan. Det handlar om föräldrar som kan förvärvsarbeta, betala skatt och konsumera. Det handlar om personliga assistenter som också betalar skatt och konsumerar. Det handlar om personer med funktionsnedsättning som kan ta sig till jobbet, studera med mera. Förutom vinsten i form av livskvalitet och möjlighet att leva ett liv som alla andra är den ekonomiska vinsten för samhället väldigt stor."
prot-201617--44,i-13Ab1AMpa9CYmeDLtGjjj,note,Innehållsförteckning,Anf. 138 HELENA LINDAHL (C) replik
prot-201617--13,i-13VffKfWa7afjhUHCS1cw,u,,Herr talman! Stockholm och Halland har de kortaste vårdköerna för patienterna. Det kanske är ännu viktigare än hur landstingsråden mår.
prot-201718--45,i-12rnArGsdxPscAkWiKnp3,note,Innehållsförteckning,Anf. 72 CARINA OHLSSON (S)
prot-201718--54,i-13cy2jpuebMhWjSBJ9MLw,u,,"Karin Svensson Smith har ställt ett antal frågor som bland annat berör tunga gasfordon. Detta är frågor som i huvudsak sorterar under andra statsråd, men jag ska ge ett översiktligt svar."
prot-201718--11,i-16d8X3ub5gP3xhqBTzULP,note,,För res.: 19 V
prot-201819--5,i-16pKnQ7kkDWcN2oaBndU6,note,,Ebba Hermansson (SD)
prot-201819--13,i-1A1qbJmg37bFNGrnJR3Xs,u,,"Den föreslagna boendeformen ska vara en boendeform för de äldre som inte behöver så pass mycket stöd att det blir heldygnsvård. Det är en boendeform som bland annat syftar till att bryta oönskad isolering i det egna hemmet. Ett annat syfte är att äldre ska kunna flytta till ett biståndsbedömt trygghetsboende vid upplevd otrygghet i det egna hemmet. Det är mycket viktiga aspekter när det gäller många av de äldres behov och välbefinnande. Det är frågor som vi har drivit länge och försökt nå ut med, bland annat i den något smutsiga valrörelse som precis har ägt rum."
prot-201819--32,i-1CUvgfHDwxcVoxwbA3Dqm,u,,Vad gäller de statliga museerna är det så att när vi i socialdemokratin genomför reformer gör vi dem generella. Vi tror inte på någon form av allmosepolitik där man ska få fritidspeng för att över huvud taget kunna få en fritid när man inte kan bekosta en sådan på grund av ens ekonomiska förutsättningar.
prot-201920--24,i-11oYK8dVLpC8hS9nZU8pq,note,Innehållsförteckning,Anf. 19 CHRISTER NYLANDER (L) replik
prot-201920--43,i-17qC6qsLypbsQZ6ioRS5E,note,,2019/20:UFöU3 Svenskt deltagande i Förenta nationernas stabiliseringsinsats i Mali
prot-201920--28,i-1CaU6zuihueq2fbYx2v8R,note,Innehållsförteckning,Anf. 62 ARMAN TEIMOURI (L)
prot-202021--38,i-16M8VKKfDdTeYtNGxfEE3,title,rubrik på interpellation,Interpellation 2020/21: 119
prot-202021--45,i-19QymxwuiqttXiAMGgceB,u,,"Herr talman! Tack, Josefin Malmqvist, för ett engagerande inlägg i den här debatten! Jag kan dock konstatera att det var väldigt få politiska förslag på vårt utgiftsområde som presenterades. Men Josefin Malmqvist ska nu få möjlighet att utveckla det hela lite."
prot-202021--30,i-1A8CwgDHg2G2uZW8Yg35b,title,,Ersättning till personer i riskgrupper
prot-202122--13,i-17yFF8d2BuThXeSDNr22w,u,,"Jag skulle vilja ställa en motfråga till Aron Emilsson. Aron Emilsson pratar väldigt mycket om Miljöpartiets kulturpolitik, men hur ser det ut med Sverigedemokraternas? Sverigedemokraterna är det parti som allra tydligast vill använda kulturen för sina egna politiska syften. Ã„mnar Aron Emilsson ändra på detta?"
prot-202122--41,i-18vuysRHoH3oTQBAYWA2N,u,,"Det kan jag tycka är synd, inte minst när vi pratar om ett så viktigt område som internationellt bistånd. Jag vet att ledamoten har ett starkt engagemang i detta, och jag hade hoppats att ledamoten skulle ha använt detta engagemang, inte minst i sitt eget parti , till att stå upp för att Sverige också i framtiden ska ha ett högt och ambitiöst bistånd på enprocentsnivån. I stället försöker ledamoten slingra sig runt det faktum att man vill göra miljardnedskärningar på biståndet utan att egentligen berätta varför man måste skära ned på biståndet."
prot-202122--41,i-1FeFPWS6R6oEYyWNuADz8,u,,"Sverige kan bättre. Vi har ett läge som är allvarligt, och landet behöver mer av samarbete, inte mindre. Det är min övertygelse som ordförande för justitieutskottet och som första talare i debatten om utgiftsområde 4."
prot-1867--fk--0322,i-195ZYp5hMpBDfaAKzu18A,u,,"skick antaga, så hafva vi till nådig pröfning företagit de delar af nämnda förslag, hvilka icke tillhöra civillag, och funnit godt, att, med upphäfvande af Kongl. Kungörelsen den 14 Januari I824, rörande inrättande af enskilda banker och diskonter, Kongl. Kungörelsen den 9 Januari 1846, angående enskilda banker, hvilka utgifva egna kreditsedlar, och Kongl. Kungörelsen den 10 November 1855, om vissa ändringar och tillägg vid 1846 års förenämnda Kungörelse, i hufvudsaklig öfverensstämmelse med Rikets Ständers förslag, till efterrättelse för de enskilda sedelutgifvande banker, hvilka hädanefter inrättas eller erhålla förlängd oktroj, stadga och förordna följande:» — Jag tror således, att Utskottet ganska rigtigt förfarit, vid behandlingen af ifrågavarande motioner. Hvad Utskottets motivering beträffar, så må det vara sannt, att, i fall man önskar att de sedelutgifvande bankerna skola upphöra, beslutet härom icke bör uppskjutas alltför nära intill tiden för oktrojernas slut. Men det finnes ock en annan sida, hvarifrån man kan se denna sak. Det är nemligen ett obestridt faktum, att få ämnen funnits, angående hvilka på olika tider så olika strömningar i allmänna tänkesätten egot rum, som beträffande privatbankerna. Den ena gången har man tyckt om dem, prisat och omhuldat dem; vid andra tillfällen hafva samma inrättningar varit föremål för hat och förbittring. Under sådana förhållanden var det ingen lätt sak att bringa stadga i detta ämne; men det lyckades dock 1862 och 1863 års Ständer, och med 1864 års Kongl. Kungörelse kom denna stadga till stånd. ""Till följd af denna Kungörelse hafva dels flera privatbanker uppstått, och dels de förutvarande erhållit förnyad oktroj; och detta gör, att, äfven om man vill åstadkomma förändring i denna så nya lagstiftning, någon tillämpning dock icke kan komma i fråga på en ganska lång tid. Det kunde dock lätt hända — och erfarenheten ger stöd åt en sådan förmodan — att nya strömningar uppkommo rakt motsatta de nuvarande; och således vore det att befara, att, om man nu beslutade förändring af denna lagstiftning, man, när beslutet skulle tillämpas, funne sig missnöjd med detsamma."
prot-1867--fk--0125,i-1Fq9rSA7212Gbcj55FAji,note,,"lappmarker, för betryggande af Lapparnes besittningsrätt till renbetesland, samt anvisande af dertill erforderliga medel."
prot-1867--fk--0416,i-1GLwjUCmkaFFuc19dEnXN,u,,"Jag har blifvit hufvudsakligen förekommen af Herr Hasselrot, som påpekat nödvändigheten af att bereda tillverkaren af bränvin någon lindring i de nuvarande förhållandena, på samma gång, som man tillförsäkrar Staten om medel för skattens utbekommande. Mot det förslag, som Utskottet framlagt, har blifvit anmärkt, att panträtt enligt vår lag ej kan ega rum utan genom »pant i handom»; att svårigheter kunde uppkomma deraf, att en annan person än bränvinstillverkaren vore egare af redskapen, och att det bletve nästan nog omöjligt att försälja det pantsatta bränvinet, då man nemligen måste antaga att köpare deraf ej egde erforderliga kärl till dess afhemtande och förvarande. I alla dessa anmärkningar måste jag instämma; men jag tillåter mig likväl att göra några reflexioner. Då det efter närvarande förslag är stadgadt, att bränvinsredskapen skall utgöra pant för skatten, så drager jag deraf den slutsats, att den, som vill begagna sig af den fördelen, att slippa betala skatten i förskott, måste, innan han börjar sin tillverkning, visa, att han eger redskapen: är han ej egare af densamma, så kan han naturligtvis ej heller pantsätta den. Vidare anser jag att redskap och bränvin, som befinner sig under kontrollörens lås, väl kan såsom »pant i handom» anses, och att således något särskildt undantagsstadgande för detta fall ej är nödvändigt. Man har äfven anmärkt, att, om man också pantsatte så stor del af det tillverkade bränvinet, som svarade mot skatten, så hade man likväl ej någon säkerhet, att ej vid en utmätnings-auktion det komme att försäljas för ett pris, så lågt, att man ej kunnat på förhand beräkna det. Detta är visserligen sannt, men jag ser ej något hinder deruti, att bränvinet kunde försäljas på annat ställe än vid sjelfva bränneriet. Af dessa skäl tror jag, att det nu föreslagna stadgandet skulle betydligt förbättras, om detsamma förändrades så till vida, att bränvinet jemte de kärl, i hvilka det förvarades, skulle, i stället för bränvinet jemte redskapen, utgöra pant för skatten, äfvensom det tillägg gjordes, att den, som ville åtnjuta befrielse från att erlägga skatten i förskott, skulle ställa borgen af två vederhäftige personer derför, att, vid möjligen blifvande försäljning af det pantsatta bränvinet, detsamma komme att uppgå till sammanlagda beloppet at skatten och omkostnaderna. Genom sistnämnda stadgande vunne man den fördel, att borgesmännen, för att ej sjelfva blifva underkastade någon risk, vakade öfver att bränvinet ej blefve såldt till underpris. Af dessa skäl och för att få de förändringar i förslaget verkställda, hvilka jag nu föreslagit, får jag yrka på återremiss af Betänkandet."
prot-1867--ak--0504,i-112KW5jje1S1CdGsartSjw,note,,Punkterna 8—10. Biföllos.
prot-1867--ak--0329,i-1B4b1hw7YZHkA2Sf1Xor2,note,,Särskilda Utskottets för folkskolelärare-seminariernas ombildning Utlåtande N:o 1; |
prot-1867--ak--0328,i-1DJ8rCEEtYBVuJpuFYYAD,u,,"Om Staten sålunda för egen räkning inrättar en verkstad för tillverkning af kopparpatroner, hindrar sådant naturligtvis icke att, om hylsorna härtill framdeles skulle kunna erhållas af god beskaffenhet från enskilda verkstäder, då deraf begagna sig."
prot-1868--ak--0425,i-15DhFyyww1ZSNwwTYCXbu,note,,Herr CO. A. Larsson:
prot-1868--ak--0312,i-15oc2AnGnZhuuJw6rbbwD,u,,"Den verksamhet, som medelst handelsoch sjöfartsfonden utöfvats, torde för de flesta af Kammarens ledamöter vara känd, och jag kan knappt föreställa mig att någon finnes, som icke vitsordar det gagn den uträttat genom bidrag till en mängd gagnande och storartade arbeten, hvilka den förutan säkerligen aldrig kommit till stånd. Såsom redan förut är nämndt, äro dessutom förbindelser af olika art ingångna af Kongl. Maj:t om företag, hvilkas utförande medtaga utgifter, som icke kunna undvikas, och det - vore således beklagligt och i hög grad menligt, om nu en nedsättning skulle göras uti ett anslag, hvilket Kongl. Maj:t ansett sig med största säkerhet och tillförsigt kunna till oförändradt belopp fortfarande påräkna."
prot-1868--ak--0304,i-181dwGA8mpxwwNWddz5Ei,u,,"Jag hade ej ämnat begära ordet, om ej en uppgift under diskussionen förekommit, som jag ansett mig böra rätta. Man har nemligen sagt, att de stapelstäder, som tillkommit efter regleringen vid 1855—1856 års riksdag, ej ega rätt till tolag. Men förhållandet är att på derom gjord underdånig framställning de kunna berättigas att uppbära 5 procent af tulluppbörden, hvar vid sin respektive tullkammare, och jag har mig särskildt bekant en stad, Trelleborg, som nyligen på sådant sätt kommit i åtnjutande af denna förmån."
prot-1868--fk--0512,i-112Rwwrrfo6XGtnd85GVua,note,,"N:o 60, angående meddelande af nödig föreskrift derom, att bevis,"
prot-1868--fk--0324,i-14o6axPVB5ya5B64p1Fdu,note,,Den 24 Mars. 459
prot-1868--fk--0127,i-18CifXV4yHmhnaWqSS4Nw,note,,Hänvisades till Stats-Utskottet.
prot-1869--ak--0323,i-15X4gjNVHZY6eY4MRnXjb,u,,"Af dessa handlingar inhemtas, hurusom de rustande tillförsäkrades att mot den då bestämda vakansafgiften vara befriade från underhållandet af de vanliga rustningshästarne med allt hvad till hästmunderingen hört, och att någon förnyad uppsittning icke skulle komma i fråga, ""så länge rikets gränser, derpå grundade försvar och dåvarande krigsbruk förblifva i samma skick de då voro"". Det heter vidare i det Kongl. Brefvet; att Kongl. Maj:t funnit ""det indelta kavalleriet, som med Rikets dryga kostnad underhålles, till styrka och antal vida öfverstiga verkliga behofvet, hvadan Kongl. Maj:t, på samma gång han ökade arméen till fot och derigenom förskaffade Statsverket en skälig inkomst till bestridande af de öfriga i försvarsverket nödiga förbättringar, ville bereda de rustande en betydande lindring i deras besvär och utgifter"". Så resonnerade man på den tiden, nu låter det helt annorlunda. Man har i vårt land vant sig vid att anse ""kungsord"" så trovärdiga, att man icke skulle behöfva draga i tvifvelsmål deras efterlefnad, och det är i öfvertygelse härom de rustande hyst den förmodan, att hvarken Regering eller Riksdag skulle kunna bryta dessa kungsord, utan att begå en orättvisa mot dem till hvilka försäkringarne blifvit gifna. |"
prot-1869--ak--0507,i-1Rqzd4kYuLPRdGURUCnMW,u,,"Vidare har en talare föreslagit, att revisorns lön skulle nedsättas till 2,000 R:dr. Med hänsyn till myckenheten af hans göromål, tror jag en sådan nedsättning sakna stöd af billighet. Vidare komma de tvänne kassörerne. Herr Björck har redan visat behofvet af dem. Jag vill endast tillägga, att genom den närvarande anordningen, enligt hvilken uppbördskassören, som emottager de ingående medlen, har sitt säte i första distriktets embetslokal på söder nära bangården, den fördelen vinnes, att man undviker transporten genom staden af stora penninge-summor. Det är dock möjligt, att, när en gemensam plats för hela förvaltningen erhålles, en förenkling härutinnan kan åstadkommas."
prot-1869--ak--0309,i-1iJ9AfU5Tnpk1eZhyuoKE,note,,"b) att å Sjette Hufvudtiteln må såsom särskilda förslagsanslag uppföras de till aflösning af Oresundska och Schelde-tullarne nu erforderliga belopp, 188,000 R:dr för den förra och 26,500 R:dr för den sednare,"
prot-1869--fk--0213,i-1121uLagQ74arsxG2iChfP,note,,"N:o 15, i anledning af väckt motion om lindring i den en del kronoskattegatuhus åliggande dagsverksskyldighet till kungsgården Hjelmshult."
prot-1869--fk--0423,i-197cr1PefCT83qkdBFDBD,note,,332 Den 23 April.
prot-1869--fk--0507,i-19so6XXPMUogDCBLwEXDK,note,,Herr von Gegerfelt:
prot-1870--ak--0421,i-16zczjds3YyYQBTNh4FxT,u,,"Man klagar öfver, att den svenska redbarheten på sednare tider har förminskats, men man må icke anse underligt om så verkligen är förhållandet, när vingleriet nära nog blifvit legaliseradt genom den ifrågavarande föreskriften, som inskränker enskild banks utlåningsrätt mot borgen till högst en tiondedel af bankens grundfond. Ty när man nu i allmänhet icke kan få penningar på revers med borgen, så måste man skaffa sig ett hypotek, och jag vågar försäkra, att de flesta sådana. som presteras, äro endast fingerade förbindelser, för hvilka ingen säkerhet erhållits. : - I likhet med den siste talaren kan äfven jag upplysa, att Östergötlauds enskilda bank år 1869 begärde, att detta stadgande skulle borttagas, men svaret blef nej och följden har varit att lånerörelsen bedrifvits på samma sätt som förr."
prot-1870--ak--0425,i-1CtVY7p3t4dAsFmmPeKha,u,,"I ötrigt får jag förklara, att jag, lika litet vid åhörandet af den diskussion som egde rum under loppet af denna afton, som af de skäl hvilka anfördes vid öfverläggningen rörande samma fråga vid sistlidne riksdag, funnit någon anledning för mig att afvika från de åsigter, som uttalas i Kongl. Maj:ts nådiga proposition och hvilka i hufvudsaken vunnit stöd af Stats-Utskottets utlåtande i ämnet vid den innevarande. Ja, jag går ännu längre och måste säga, att jag för min del icke finner ringaste skäl för den eftergift, som Stats-Utskottet i tredje punkten af sin hemställan ansett böra tillkomma Nyeds bergslag i Wermlands län samt den del af Skinnskattebergs bergslag i Westmanlands län, som består af Gunnilbo och Heeds socknar. I afseende på dessa bergslager är, efter hvad jag tror, rättsförhållandet på ett tillfyllestgörande sätt utredt och"
prot-1870--ak--0314,i-1DFQ3kTfL11j6mELZBPYC,u,,"Jag anhåller att de af Kammarens ledamöter, som icke känna till Hofrätternas arbetsordning, icke måtte misstaga sig och tro att nu är fråga om ett länge fortfarande anslag. Det är endast ett tillfälligt anslag, som upphör när balanserna blifvit undanarbetade."
prot-1870--fk--0318,i-1127Lm5dqe9ea7apBBhUuJ,u,,"En talare omnämnde undervisningen i lefvande språk, men jag"
prot-1870--fk--0318,i-12xgZjxxxFczM1jcw8kaM,u,,"Slutligen har Grefve Hamilton anmärkt att ett misstag skulle vara gjordti kostnadsberäkningarne. Jag fåri detta hänseende upplysa, att det för vattenledningar angifna kostnadsbelopp innefattar jemväl kostnaden för vattenkranarne. Orsaken dertill att man velat anlägga stationerna redan år 1871 är den att, då fabriken redan då torde blitva färdigt, ett uppskof ej synes lämpligt."
prot-1870--fk--0315,i-1DANZUC2kE3XaEKBtTZQn,u,,endast velat nämna detta för att framställa denna frågas betydelse från dess konstitutionela sida.
prot-1871--ak--0322,i-15egVm4sdpc8zJ1ABCJnd,note,,Herr Rundgren:
prot-1871--ak--0511,i-16jwie3xt88soDHs1mX8b,u,,"Den första ärade talaren har haft den välviljan att meddela äfven mig det förslag till redaktion af ifrågavarande stadgande, som han nyss uppläst och efter den kännedom jag sålunda angående detsamma varit 1 tillfälle att inhemta, må jag säga, att jag för min del tror, att det förslag Herr Carlén afgifvit är logiskt och bättre samt bör gifva mindre anledning till förvecklingar än möjligen det förslag Utskottet här framlagt, hvarföre jag instämmer i hans förslag, hvarå han förut fästat ledamöternas af Bevillnings-Utskottet uppmärksamhet."
prot-1871--ak--0505,i-1GASE82q3PnZxbnxmwHzH,note,,"Öfverläggningen var slutad. Med förbehåll om rättelse af det anmärkta tryckfelet, nemligen att de mot slutet af Utskottets hemställan förekommande orden: ""beräknas till minst 30 procent"" borde ändras till: ""beräknas till minst 50 procent"", biföll Kammaren i öfrigt förevarande hemställan."
prot-1871--fk--0425,i-13aFaizHsXdBLfhSXKja9,u,,"Jag ber att i största korthet få besvara den näst siste talarens anmärkning. Jag tror, att när en rättighet skall göras gällande, så skall den myndighet, som eger att bestämma om saken, äfven pröfva densamma, och att således, när någon gör anspråk på, att en renväg skall upptagas, som är stängd, så väns han sig till en myndighet, som pröfvar om hans påstående är befogadt. Att deremot stadga i lagen, att alla renvägar, äfven sådana som icke äro behöfliga, skola upptagas, det tror jag hvarken vara nödigt eller lämpligt. — /"
prot-1871--fk--0222,i-16frP4kN6v7sdThSgNQPy,u,,"Då jag förra gången hade ordet, trodde Jag mig böra gifva till känna, att Jag instämde med Herr Fröman i hans förslag, men då han nu förklarat sig ej vilja framställa något särskildt yrkande, vill jag ej heller göra det, ehuru jag får förklara, att jag anser, att vi måste hafva både en lagbyrå och en lagberedning för vinnande af det ifrågavarande ändamålet, d. v.s. en grundlig revision af vår lagstiftning."
prot-1871--fk--0417,i-17pkCMcGFzGvuboiZCsUM,note,,Friherre de Geer:
prot-1872--fk--0404,i-1HVHb9R64vZwDX9rMJr1r,note,,"262 Den 4 April, f. m."
prot-1872--fk--0316,i-1dxu4maVRC6XVDChrg9ia,note,,64 Den 16 Mars. £ m.
prot-1872--fk--0224,i-1uaaYpLRMxw6e2pzpM6bv,u,,"Då på dagens föredragningslista är uppfördt Bevillnings-Utskottets betänkande angående Kongl. Maj:ts proposition om lastpenningarnes upphörande, så ber jag att med anledning deraf få fästa Kammarens uppmärksamhet derpå att, ehuru denna fråga här förekom till behandling redan den 3 dennes, så har protokollet för denna dag ännu icke blifvit tryckt och färdigt att utdelas bland Kammarens ledamöter. Sålunda hafva hela tre veckor förflutit, sedan denna öfverläggning hölls, utan att protokollet deröfver blifvit för oss synligt. Jag har tagit kännedom om detta förhållande och vunnit den upplysning att, sedan protokollet blifvit uppsatt och vederbörande talare haft tillfälle att genomse detsamma,"
prot-1872--ak--0322,i-118FYSepUTxYZrrPNTzt1,u,,"Utskottet förmenar, att ordförandeskapet skall få en helt annan betydelse och karakter, då det, från att vara ett embetsåliggande, förvandlas till ett af kommunen lemnadt uppdrag. Jag vill nu icke fästa synnerlig vigt vid den omständigheten att det inom ganska många församlingar visat sig vara rätt svårt att erhålla ordförande i kommunalnämnden och att det torde kunna antagas såsom visst att icke så särdeles många skola befinnas benägna att flera år & rad bibehålla uppdraget att vara ordförande i skolrådet; den torde dock icke alldeles böra förbigås. Men det finnes en annan omständighet som i min tanke är förtjent af större uppmärksamhet, nernligen den, att, sedan man genom de nya kommunalförfattningarne från de förra sockenstämmorna afskiljde alla sådana angelägenheter, hvilka kunde anses tillhöra kyrkan eller folkskolan, så ansåg man falla at sig sjelf, då man på sådant sätt bildade en särskild stämma, till hvilken hörde kyrkans och folkskolans angelägenheter, att pastor, såsom varande representant för det uppfostrande elementet inom kyrkosamfundet, borde vara ordförande icke endast i sjelfva kyrkostämman utan äfven i kyrkooch skolrådet. Vi kunna ju icke heller förneka, att det finnes ett ganska väsendligt samband emellan kyrkans och skolans angelägenheter, och jag är för min del öfvertygad att befolkningen på landet i allmänhet betraktar handhafvandet af folkskolans angelägenheter, hvaruti det religiösa elementet ingår såsom hufvudmoment, med en särskild trygghet, just derföre att den vet församlingens själasörjare vara den som på en gång har att vaka öfver kyrkan och folkskolan. Hvad åter beträffar presterskapet sjelft, så är det för detta af aldra största betydelse, att veta sig icke blott till följd af tillfälliga förhållanden, utan just på embetets vägnar hafva rätt att såsom ledare vårda sig om folkskolans angelägenheter."
prot-1872--ak--0503,i-11AJZemNEUd8nwWzFbnbY,u,,"kunnat besättas, ehuru tjenstemännen der icke baft utsigt till erbållande af fullmakt."
prot-1872--ak--0306,i-15MubG1WFte25K6yakp5s,u,,"hvad blef följden deraf? Jo, de erhöllo afsked, men antogos straxt derefter såsom extra maskinister, med mycket större aflöning än den de förut såsom lärlingar på ordinarie stat hade haft. Har nu så gått till som jag beskrifvit, så lärer det väl gå för sig att när som helst minska de öfverflödigt talrika ordinarie arbetarnes antal, för att på det viset skaffa sig medel att höja aflöningen för dem som verkligen äro behöfliga. Min mening är ej att uttrycka en åsigt att så bör ske, utan egentligen endast att framhålla, att ett sådant förfaringssätt skulle stå i den strängaste konseqvens med höga vederbörandes åtgöranden i afseende på varfspersonalen, då frågan om spanmål in natura var å bane. Man har talat om att varfsarbetare rest till Amerika, der de sjelfva fått bestämma vilkoren för sitt nya engagement, och man har förespeglat oss faran af att vi på det viset slutligen kunde bli af med dem allihop. Ja, under sådana vilkor är onekligen fara derför, ty man kan väl knappast vänta att fosterlandskärleken skall vara tillräckligt stark att motstå sådana anbud, och mången lyckligare lottad skulle säkerligen göra på samma sätt, om han först finge resan fri och, sedan han väl kommit öfver, sjelf bestämma priset på sitt arbete! Detta blott i förbigående, ty den saken hör egentligen icke, efter hvad jag kan förstå, till den frågan som nu föreligger, nemligen den: är det möjligt att, af de tillgångar Kongl. Maj:t disponerar öfver, bereda nödiga medel för den erforderliga varfsarbetarepersonalens nöjaktiga aflöning. Jag tror, såsom jag redan vid remissen anmärkte, att det är möjligt, och kan således ej annat än yrka bifall till Utskottets hemställan."
prot-1873--fk--0315,i-1Hw9jKFc5aRjyDdQWzgc8,note,,430 Den 13 Mars.
prot-1873--fk--0514,i-1PXBTmpcnfVeusbHiz1bX,seg/note,Mix of seg and note,"Grefve Mörner, Carl Göran: Ett bifall till denna punkt synes mig stå i sammanhang med det beslut, Kammaren förut fattat om antalet klasser vid de reala läroverken, och då Stockbolms stad har två på båda linierna fullständiga läroverk, oberäknadt Nya elementarskolan, och dessutom de femklassiga meddela undervisning på båda linierna, vill det synas mig, att man icke kan fästa någon betydenhet vid det afstånd, en yngling kan få att tillryggalägga, när han skall besöka den skola han med afseende å sitt framtida lefnadsyrke bör välja. Och då härtill kommer, att meningen borde vara, att, så vidt möjligt, i det föreslagna läroverket sammanföra flertalet af dem, som egnade sig åt den reala linien, måste jag, i likhet med den näst föregående talaren, yrka bifall till Utskottets förslag, oförändradt."
prot-1873--fk--0401,i-1Qck6WkB5ceuS4LufqiZn,note,,Herr Bergstedt:
prot-1873--ak--0426,i-112R5mKdzYnr9yNsABLwe3,u,,"Det lagförslag, som nu föreligger till Riksdagens ompröfning, berör — såsom allmänt erkännes — ett särdeles vigtigt område af lagstiftningen, och jag beder att i det afseendet få instämma med den ärade ledamot af Lag-Utskottet, som uti sin, med anledning af Utskottets beslut afgifna reservation, bland annat yttrat ""att trygghet i eganderätt till fast egendom med en deraf i väsendtlig mån beroende god realkredit är en af grundvalarne för samhällets väl. 'Representationen har redan länge haft samma uppfattning. Redan år 1860 aflät representationen till Kongl. Maj:t en underdånig skrifvelse, deruti ganska oförtydbart uttalades, att genom föreskrifter, som afse endast ordnandet af lagfartsväsendet, icke synnerligen mycket kan vinnas, utan att det måste vara nödvändigt att i ett sammanhang behandla alla sak-"
prot-1873--ak--0222,i-1AFWZuoNStVEgC8MaHdrZ,u,,"Man har jemfört prestlönerna, sådana de utgå efter nya löneregleringarne, med den fordna presttionden. Liknelsen håller ej streck, ty tionden har uppgått uti de belopp, som genom regleringarne blifvit bestämda. Sjelf har jag deltagit uti åtskilliga prestlöneregleringar och dervid gjort den erfarenheten, att det finnes hemman, som förut haft ganska betydlig tionde till presten, men till följd af regleringen fått prestanda till presterskapet betydligt minskade; andra hemman åter, som förut ej haft tionde till presten, men genom regleringen fått mångdubbel utgift."
prot-1873--ak--0509,i-1QAPpo2LBTkxBu7M6JudS,u,,"sällskap vid flera diskussioner i ämnet under nästlidne vinter nästan enhälligt uttalat sig för ändamålsenligheten af just den åtgärd jag i min motion föreslagit. Slutligen ber jag få erinra den förste ärade talaren i denna fråga, hvilken framställde några anmärkningar mot det förslag Jag gjort derom, att de flesta europeiska länder hafva pedagogiska seminarier för lärarebildningens befrämjande; så t. ex. finnas i Preussen 4, i Finland 1, i Ryssland likaså 4, hvilkas genomgående är obligatoriskt för hvar och en som önskar inträde på lärarebanan; likartade anstalter finnas äfven uti flera öfriga af Europas stater. Då man nu äfven hos oss temligen allmänt börjar inse att denna brist så snart som möjligt bör afhjelpas, är jag Regeringen och särskildt Utskottet särdeles tack skyldig, derföre att de, på sätt som skett, fästat representationens uppmärksamhet på detta vigtiga ämne, och att Utskottet i hufvudsalk tillstyrkt bifall till den af mig afgifna motionen."
prot-1874--ak--0427,i-1HkroUKdtX2Y1APFdJ7rX,note,,Herr Nils Larson:
prot-1874--ak--0520,i-1MnmCP9qqNtiVDurDJEYx,u,,"Hvad Herr Lundström anfört är redan till större delen vederlagdt. Jag anmärker, att det verkligen förefaller något besynnerligt, att på samma gång han, såsom han säger, ömmar derför, att inga tvångslagar påläggas denna särskilda del af landet, enär derigenom ändock icke skulle kunna förminskas tillfället för spekulationen att bereda sig tillgång till dervarande kolskogar eller förhindras deras användande till kolning, han, densamme, erinrar derom, att han är delegare i ett bolag, som tänker nedföra ungskog utefter flottlederna och begagna den till kolning. Det synes, som skulle försatsen och slutsatsen här vara väl främmande för hvarandra."
prot-1874--ak--0519,i-1SBZkx4dHuqbB5o9zMzNJ,note,,"Herr vice Talmannen, Friherre Åkerhielm:"
prot-1874--fk--0306,i-15y9BESwFnCQi4oLphFNw,note,,Denna hemställan blef uppå gjord proposition af Kammaren bifallen.
prot-1874--fk--0415,i-1FRSZRtGdKd22h9E3qrAa,note,,Stats- Utskottet:
prot-1874--fk--0318,i-1LpXZfB3FJPUJ4Z27nj6c,note,,Herr von Koch:
prot-1875--fk--032,i-1KuojFkYayaeeiuhwHL9H,note,,"6 Onsdagen den 28 April, 6. m."
prot-1875--fk--043,i-1RBnHm5jQCmngTvQqXSWN,note,,"jemte ett eller annat nej, förklarade sig hafva funnit ja öfvervägande. 7 (Borta )"
prot-1875--fk--041,i-1aN7PrWofx76EQcfUXi7n,u,,"kande ankom till Riksdagens Kansli den 10 Maj, och att den nuvarande finansministern utnämndes till denna sin befattning den 11 Maj, så att något tillfälle till öfverläggningar med Stats-Utskottets ledamöter icke kan hafva stått honom öppet. För öfrigt hemställer jag, huruvida Kammaren skulle funnit lämpligt, att han ett par dagar efter sin utnämning skulle uppträdt med anspråk att, till följd af sin ställning och de insigter han i denna sin ställning kunnat inhemta, inverka på Kammarens beslut i denna fråga."
prot-1875--ak--015,i-115FYVG3iTuPEPN1qk2pV,note,,N:o 15.
prot-1875--ak--039,i-14yjjXweqmwyd4swFUDX1,u,,"den som fabrikslokalerna erbjuda, under det deremot mångenstädes arbetsgifvarne hysa så ädla tänkesätt och sådan omtanke för barnen, att de icke endast egna tillsyn öfver deras skolgång, utan äfven sjelfva öppna efter arbetet lämpade skolor för dem, hvarigenom barnen blifva långt mera tillgodosedda i intelluktuelt hänseende, än de skulle blifva under det omedelbara inflytandet af hemmet och skoltvånget. Det är således i många fall en ren välgerning, att barnet, om det än efter tolf års ålder ej uppnått ett visst kunskapsmått, får deltaga i det kroppsarbete, som utom hemmet kan erbjudas det; det är en välgerning ej allenast för barnen sjelfva i fysiskt, intellektuelt och moraliskt hänseende,"
prot-1875--ak--053,i-15BXLzNW9xPaqTJJiyJVf,seg/note,Mix of seg and note,"ihop. Då man nu ser stora statsmakter hafva lust att vid lämpligt Ang. förberetillfälle annektera något af grannens land, må man ej undra om AZwde vapendenna annekteringslust jemväl må angripa enskilde, så vida ej 7 me ” lagen har bakom sig den arm, som icke bär svärdet förgäfves. — (Forts. Tiden är ond, och vi måste skicka oss efter tiden. Men det är icke blott hemmansegares och fastighetsegares utan äfven andras rätt, som står på spel; och om man tager bort svärdet bakom lagens rygg, så är den tid måhända snart inne, när de, som förut icke haft en jordtorfva, lyfta bort hemmansegarne och sätta dem i backstugorna, men sjelfva intaga hemmansegarnes trefliga bostäder. Derföre måste svärdet finnas bakom lagen. Man tadlar mig såsom prest, att jag icke har presterliga tänkesätt, derföre att jag icke vill lemna mitt land värnlöst mot yttre eller inre våld; men jag kan icke afstå från hvad jag grundligen pröfvat och vunnit fullkomlig öfvertygelse om, nemligen den åsigt, att jag icke tror det vara rådligt att lemna fosterlandet värnlöst. Vill man tänka närmare härpå, skall man lätt inse, såsom jag nyss nämnde, att jag icke kan afstå derifrån, utan vidblifver mitt yrkande, att man åtminstone bör försöka förbereda saken. Det dröjer länge än måhända, innan en ny härordningslag antages, och intill dess få vi väl dragas med både indelningsverk och grundskatter samt allt annat som står i sammanhang dermed; det är derföre klart, att om vi en gång vilja hafva denna fråga löst, så måste vi så småningom bereda oss derpå, och mitt i detta hänseende framstälda förslag torde då finnas lämpligt att beakta. Ar militärisk undervisning nyttig för dem, som tillhöra elementarläroverken, så är den väl nyttig för all annan ungdom. Jag får således vördsamt yrka afslag å Utskottets förslag i dessa punkter och bifall till min motion med tillkännagifvande, att, om icke denna min motion vinner bifall, jag kommer att begära votering för att få utrönt, huru vidsträckt nihilismen för vårt lands försvar finnes utbredd här inom Kammaren."
prot-1876--ak--005,i-18N4Pq498UntnJzLKvkHR,u,,"Jag får tillkännagifva, att jag fullkomligt instimmer med den förre talaren, ty jag kan för min del ej finna, att en valsedel skall kunna anses för märkt, derföre, att i densamma korrigering egt rum i afseende å de namn, som der finnas upptagna. Jag vill blott fästa uppmärksamheten uppå, till hvilka olägenheter det skulle leda, om, i händelse såsom grundlagen förutsätter, hvar och en ledamot skall rösta efter hvad han anser lämpligast, sedermera skulle inträfra, att någon eller några af de personer, hvilka funnits upptagna å hans lista, redan blifvit utsedde vid föregående utskottsval, han ej då skulle ega ändra listan och ersätta de redan valde med andra namn. Och jag frågar: hvar finnes det förbjudet, att i en expedition ej skall få gälla det, som blifvit satt i stället för något annat, hvilket blifvit utstruket. Dessutom innehåller 75 & Riksdagsordningen, att valsedlarne ej få vara märkta. Hvad vill då med märkta sedlar sägas? Dermed kan, efter min öfvertygelse, ej menas annat, än att de hafva något märke utanpå. Om således någon sedel befinnes hafva något tecken eller märke på yttersidan, så är det grundlagsenligen klart, att denna sedel skall kasseras."
prot-1876--ak--053,i-1ALVV5TSb3naBJhosCV5f,note,,Onsdagen den 3 Maj.
prot-1876--ak--045,i-1AUNo5P9qHMSrNnbDNUJ5,note,,"Tisdagen den 235 April, e. m. 5 N:o 43."
prot-1876--fk--027,i-112JeMabyCXUtzVqZfkNyN,u,,"För min del sätter jag icke i tvifvel, att, derest denna framställning blifvit gjord i sammanhang med regleringen af häradshöfdingarnes löner, denna reglering icke svårare utan lättare vunnit Riksdagens bifall; och jag hoppas, att den omständigheten, att framställningen delades så, att den ena frågan kom först och den andra något senare, icke måtte förändra åsigterna i detta fall, hvarföre jag med förhoppning om framgång vågar anhålla, att Kammaren måtte, med afslag å Stats-Utskottets förslag, bifalla Kongl. Maj:ts proposition."
prot-1876--fk--022,i-18P2CosTaUTdqYQ7mhwaJ,seg/note,Mix of seg and note,"Statskontorets Så mycket kostade den reformen statsverket, men hvartill den i sjelfva omorganisaverket gagnat, det har åtminstone jag mig icke bekant."
prot-1876--fk--027,i-1JGtDAnC6uMjDkgQM8AKV,u,,"principiela grunder; Utskottet säger nemligen, ""att det kan icke tillkomma staten att bevilja pensioner åt aflidne tjenstemäns döttrar samt att, då hjelp i dylika fall, som det här förevarande, är af nöden, densamma bör sökas och vinnas på en annan väg. Det ingår nemligen icke bland statens uppgifter att vara en försörjningsoch barmhertighets-"
prot-1877--fk--027,i-13kjNMpaWtEwubtxg91WQ,u,,"enna ökade öfningstid, — om bestämmelsen, att beväringen skall öfvas 62 dagar, blir väl tillämpad. vinna det stora resultat, att allmänhetens obenägenhet för längre vapenöfningar minskas. Man skall lyckas att visa, att dessa ynglingar, som återkomma från sin militära öfning, hafva vunnit i lydnad, uppmärksamhet och ordningssinne så mycket, att man finner, att den tid de tillbragt i lägret, icke varit förspild, utan för dem till stor nytta. Ingår detta en gång i folkmedvetandet, vinnes härom full erfarenhet, så skall ett af de väsentligaste skälen till motstånd mot den allmänna värnpligtens vidsträcktare tillämpning säkerligen också försvinna. Ur dessa synpunkter kan jag icke säga annat än, att jag lifligt önskar framgång åt det framlagda förslaget om ökande af beväringens vapenöfningar, om jag också erkänner, att det blott är ett steg till det mål, dit man önskar komma."
prot-1877--fk--026,i-1B18L8cFVw1ui9qnFk8BU,note,,"Vinner Nej, har Riksdagen, under vilkor att kommunen bekostar för det utvidgade läroverket fullt ändamålsenlig lokal, anvisat från och med år 1878 5,600 kronor för utvidgning å den reala linien af läroverket i Oskarshamn från tretill femklassigt."
prot-1877--fk--023,i-1DQvWThgqhQCLquGgtvKE,note,,sexterlagen m. m.
prot-1877--ak--052,i-11oVnWYAfTJnXgK9SGKVg,note,,Punkten 1. Lades till handlingarne.
prot-1877--ak--029,i-1CaW3qhF67AAyEnmZRYEU,note,,"38 Lördagen den 7 April, e. m."
prot-1877--ak--043,i-1GQnpSDyFRpMEDmQRB4bC,u,,"En af Utskottets ledamöter sade i går, att hvad Utskottet yttrat angående utsträckt öfningstid för den indelta armén icke egde någon betydelse, emedan denna mening genom ett misstag infutit i betänkandet. En sådan förklaring förekommer mig minst sagdt besynnerlig. Nu har emellertid en annan aktad ledamot af Utskottet å sin sida förklarat, att hvad som är skrifvet, det är"
prot-1878--fk--033,i-177HGsFr7hGuphNAoUxhd,note,,Grefve Beck-Friis:
prot-1878--fk--040,i-18mZAtQeuWP4oKV783eRn,u,,"Jag skall uppehålla Kammaren endast några få minuter. Jag önskar nemligen gifva tillkänna, att om tiden medgifvit, skulle jag hafva ingått i någon granskning af förevarande betänkande, och dervid jemväl något närmare utlagt mitt förra yttrande. Med sin vanliga talang sökte Utskottets ordförande gendrifva sina motståndare, och det till en viss grad med löjets vapen, hvilket i hans händer blir ett ganska kraftigt vapen, om också motståndarne icke gjort sig förtjente att dermed anfallas, men hvad sjelfva saken beträffar får jag säga, att jag icke funnit mig öfverbevisad. Såväl om hans anförande, som om den siste ärade talarens, skulle vara mycket att säga, men tiden medgifver det icke, och jag skall derför sluta med den förklaring, att jag förenar mig om det yrkande, som af Herr Rydqvist blifvit framstäldt, med det amendement, som Grefve Hamilton gjort."
prot-1878--fk--003,i-1BCK7RTeH3aLe9F1eT1eC,note,,"N:0 3,"
prot-1878--ak--026,i-112S6nJy5tBGa1tVvYyf9s,note,,N:o 21.
prot-1878--ak--027,i-13rK11gsmxkM2DvDSQ8fZ,note,,"4 Lördagen den 23 Mars, e. m."
prot-1878--ak--026,i-14GrKQG49hdtEuDawQRq3,note,,Herr 0. B. Olsson:
prot-1879--fk--032,i-112bj1jhme3s29Rz2t99p2,u,,Maj:t har kunnat ensam förordna om indragning af enskilda banker-
prot-1879--fk--037,i-13vhLnoDGx4v52fLjjNie,u,,"På grund af Kongl. brefvet den 28 November 1871 ansåg Kongl. Maj:t således, att lönen för landshöfdingen i Göteborgs och Bohus län borde upptagas till minst 15,000 kronor, i Malmöhus län till 14,000 och för hvar och en af de öfriga till 12,000 kronor. Emellertid gick tiden undan. Flere landshöfdingar togo afsked, flera löner gingo in i löneregleringsfonden och genom ökade arrenden stego fondens inkomster så, att i det Kong brefvet af den 12 Mars 1875 anmäldes, att enligt uppgjorda kalkyler skulle fondens inkomster för 1875 och antagligen framgent komma att öfverskjuta utgifterna med 28,848 kronor 19 öre. Kongl. Maj:t beslöt då, att en annan lönereglering skulle ske, och säger: »Då således vid det förhållande, att löneinkomsterna vid landshöfdingebeställningarna i Hallands, Örebro, Kopparbergs och Gefleborgs län, enligt hvad ofvan omförmälda till Civildepartementet år 1870 inkomna uppgifter utvisa, öfverstiga 12,500 kronor, samtlige landshöfdingar nu och antagligen framdeles kunna komma i åtnjutande af en aflöning, öfverstigande det för dem beräknade minimibelopp, hafva WI, med afseende härå, ansett lämpligt att, på sätt redan blifvit rörande åtskillige landshöfdingar föreskrifvet, samtlige öfrige landshöfdingar, hvilkas löner blifvit reglerade, från och med år 1876 uppbära hela sin kontanta"
prot-1879--fk--009,i-15Dqtg2ZGdAKbodiQ2Cwn,seg/note,Mix of seg and note,betydelse. . | förslag om Går jag nemligen öfver från skälen mot utsträckningen af försensber Hill
prot-1879--ak--014,i-112KSjyrjnJW9EzdDQHLPz,u,,"""lingar från 1868 intill närvarande tid, skall finna, att kyrkomötet år"
prot-1879--ak--029,i-112L9pwkqwMxw4bTGraXc2,u,,"Den förut gällande lotstaxan var utfärdad år 1858. Sedan dess har år 1861 den inrikes sjöfarten befriats från skyldigheten atttaga lots, mot erläggande af infartsafgift motsvarande en fjerdedel af lotsafgiften för första lotsleden som passerades."
prot-1879--ak--033,i-16cnXxDW3wfarCNf9M3pN,note,,N:o 33.
prot-1880--fk--012,i-15ZB5Z5oSPneBWxdR4ioh,note,,Lönereglering för Sty relsen öfver
prot-1880--fk--010,i-1BRARmai1YjZipQwyKphi,u,,"för landstinget att sjelf negociera upp ett lån på billiga vilkor,"
prot-1880--fk--008,i-1JRcuy5fm3qCfHkqQMMiC,u,,slut än det hvartill Utskottet kommit.
prot-1880--ak--059,i-11oUvPR7rRuTbAUuhzxx5,u,,"Skälet, hvarföre Utskottet ansett sig icke böra tillstyrka den ifrågavarande motionen, är, såsom i betänkandet äfven finnes angifvet, att Utskottet ansett det icke ingå i det Kongl. Bibliotekets uppgift att utgöra något slags utvidgad läsesalong, der det må stå den bildningssökande allmänheten öppet att för läsning uppehålla sig dagen om. Dertill kommer att frågan om användande af elektrisk belysning ännu kan anses ligga i sin linda; och Utskottet ansåg derföre det icke vara skäl att tillstyrka aflåtandet af en underdånig skrifvelse, som måhända skulle kunnat gifva anledning till anställande af kostsamma undersökningar utan motsvarande resultat. Jag tager mig friheten anhålla om bifall till Utskottets Betänkande."
prot-1880--ak--020,i-12nJmwLkSSRUSaATShSRW,note,,Herr Magnus Jonsson:
prot-1880--ak--041,i-16LVuUPpfF1UE6p1ZpWVt,note,,§ 4.
prot-1881--ak--001,i-1EBWfMSp75dVvH69j6JfW,note,,Andra Kammarens Prot. 1881. N:o 1. 2
prot-1881--ak--010,i-1ExQ5vHMAfyn1Ngj5qnvb,note,,"Fördelar jag nu det först nämnda antalet tvisteoch brottmål på två domsagor, så ställer det sig lika fördelaktigt för dessa domsagor som för de flesta andra i riket. Det blir icke flera mål på hvarje domsaga, än en häradshöfding kan handlägga med biträde af en person. Att en häradshöfding behöfver åtminstone ett biträde är väl en så vanlig sak, att jag knappast tror det finnes någon häradshöfding, som saknar biträde. I den domsaga jag tillhör, hvilken dock är en liten nätt domsaga, belägen” i en folkrik trakt, har domaren alltid behöft två juridiskt bildade biträden. Sålunda kan af denna omständighet intet skäl anföras för en fördelning af södra Angermanlands domsaga i tre delar. Det skulle blifva alltför mycket giffror, om jag skulle fullfölja Jemförelsen in på antalet lagfarter, inteckningar och förmynderskapsärenden. Proportionen blir i alla fall den, att det icke blir för många sådana ärenden på hvarje domsaga, äfven om södra Ångermanlands domsaga delas i blott två delar."
prot-1881--ak--026,i-1bMGxsynpK5Mwv5DS7Tuz,note,,"Efter föredragning dernäst af Banko-Utskottets Memorial N:o 9, i fråga om uppförande af riksbankshus å Helgeandsholmen, blef jemväl detta memorial på flere ledamöters förenade anhållan för andra gången bordlagdt."
prot-1881--fk--021,i-148iRS8tBcx4WgHseNLeZ,note,,Ifrågasatt förändring af grumderna för den kommunala
prot-1881--fk--035,i-1A5vYJeAwuh3qk71gV7Fk,u,,"namns bekännelse. Nåledes har denna förordning, synes det mig,"
prot-1881--fk--037,i-1KoXTJWKu9j1GTuBH2Fqn,note,,"Kammaren sammanträdde kl. 1/, 3 e. m."
prot-1882--fk--020,i-1FNnDQ4tHaxKeXTu8KjCw,u,,komma att uppstå. Men genom att öfverhöfvan nedsätta en del tullsatser och deremot höja en annan del biifva oegentligheterna
prot-1882--fk--037,i-1UEp9X1f1FtGRpkjzPUwq,u,,"Finansministern yttrar i statsrådsprotokollet den 28 Februari detta år (Kongl. Maj:ts proposition N:o 32): »Ett särskildt skäl att låta tullkomiténs förslag till tulltaxa komma under pröfning redan vid innevarande riksmöte förefinnes ock deri, att, i händelse den med Frankrike afslutade handelstrakten varder ratificerad, en ny tulltaxa måste utfärdas, upptagande de af traktaten föranledda ändringar i den nu gällande, samt det såväl för nödigt samband mellan taxans olika delar som ock för att bereda erforderlig stabilitet och lugn åt de intressen, som af tull-lagstiftningen beröras, synes vara af vigt att detta ärende, sedan det nu undergått en fullständig förberedande utredning, blifver i hela sitt omfång af Riksdagen behandladt»; och längre ned i samma protokoll säger Statsrådet: »de uti traktaten förekommande bestämmelser, som hafva afseende på vår tull-lagstiftning, måste på sina respektive ställen behörigen iakttagas»."
prot-1882--fk--050,i-1WkawFSScTPArTxQPL4Fq,note,,tillägg till ex-
prot-1882--ak--011,i-15NR4naqyD76rpeSfg1Lu,note,,N:o II.
prot-1882--ak--055,i-1CLVQzhwNWUDdEMMZgB5L,u,,"Men icke nog härmed. I 3:dje $ stadgas det, att domaren skall pröfva, om inteckning sökes för förlag till annan rörelse än i I:sta $ sägs. Det vill ju säga, att ansökan om förlagsinteckning och meddelandet af intyg angående inteckningens beviljande icke vidare skulle få betraktas såsom en notariel åtgärd, utan domaren skall i hvarje särskildt fall pröfva, om den ifrågavarande inrättningen, för hvilken förlagslån gifvits, drifves i det omfång, att inteckning för förlaget kan beviljas. Nu stadgas emellertid uti 1:sta & uttryckligen, att inteckning må ega rum för förlag till idkande at fabriksrörelse. Jag kan således icke förstå annat än att den obetydligaste fabriksidkare, på grund af stadgandet i denna paragraf, ovilkorligen är berättigad till förlagsinteckning. Är det återigen en handtverkare, som finner sig också böra söka ifrågavarande förmån, och domstolen, på grund af hans egenskap af handtverkare, vägrar att medgifva honom rätt till förlagsinteckning, kan ju följden deraf blifva. att denne omedelbart derefter hos magistraten anmäler sig idka fabriksrörelse. Han får intyg angående en sådan anmälan, hvilket magistraten väl icke lärer kunna förhålla honom, och inställer sig dermed å nyo hos rätten samt förnyar sin anhållan. Rätten lärer väl då icke heller kunna neka honom förlagsinteckning på den grund, att han nyss förut var handtverkare. Det torde sålunda vara otvifvelaktigt, såsom Högsta Domstolen antydt och som också är med verkliga förhållandet öfverensstämmande, att hvarje handtverkare kan skaffa sig förmånen och erhålla rätt till förlagsinteckning. Äfven efter 1770 års förordning om hallrätterna hafva understundom uppstått frågor om rätt för handtverkare att erhålla förlagslån; jag känner flera sådana exempel. Det är en sådan fråga jag nu i hast erinrar mig. Den rörde ett stort bryggeri på Kungsholmen här i staden, hvilket drefs i en mycket stor omfattning. Nu är att märka det egendomliga förhållande, att bryggerier äfven efter äldre författningar icke räknas hvarken till handtverkerier eller fabriker."
prot-1882--ak--047,i-1CUgNzakEdM8sJU4EgtQx,note,,Andra Kammarens Första Tillfälliga Utskotts Utlåtande N:o 7 (i samlingen N:o 13).
prot-1883--fk--002,i-12dcVC51JETcJ1XSu7UPG,u,,Med sådana känslor och under en varm önskan om lycka för
prot-1883--fk--013,i-1Gy2skN5TT8HM2UQZrav4,u,,"Om jag skulle uttala min mening i den föreliggande frågan om landträntmästaretjensternas afskaffande, så skulle jag vilja säga, att likasom det nu visat sig fördelaktigt för landtregeringen att i enskilda bankerna köpa postremissvexlar, för att sålunda slippa skicka betydliga kontanta uppbördsmedel från landsorterna till hufvudstaden, och på detta sätt låta 100,000-tals kronor gå genom enskilda bankernas händer, lika väl kunde det låta sig göra, om räntmästaretjensterna kunna indragas, att ordna saken på det sätt, att landskontoren till bankkontoren i länsresidensstäderna sålde sina å vista-vexlar på Statskontoret; ty enskilda bankerna skulle alltid vara benägna att köpa dessa vexlar för att använda till stärkande af deras vexlingskassor i hufvudstaden."
prot-1883--fk--019,i-1Qo2wLdsk5fftkGEtmGKU,u,,"Det är med stor tvekan jag uppträder emot min ärade vän, som nyss haft ordet och som har en rik erfarenhet af den nuvarande lagstiftningens inverkan. Då emellertid den föreliggande frågan varit föremål för Bevillnings-Utskottets handläggning vid två på hvarandra följande riksdagar och det mer och mer allmänt uttalats en önskan, att man med afseende på sammandragna militärtrupper skulle iakttaga samma inskränkning i försäljning af spritdrycker som i författningen är föreskrifven beträffande större sammankomster af menigheter, har man icke ansett sig böra längre motsätta sig den förändring, motionären förslagit, helst motionen vunnit betydligt understöd inom Andra Kammaren så väl vid denna riksdag som vid den sistförflutna och de upplysningar, som dervid lemnats, synts Utskottet ganska talande. Det har nemligen visat sig hafva varit af behofvet påkalladt att förbjuda utskänkning af spritdrycker inom kasernerna likasom vid korporalskolorna och vid kavallerietablissementet å Ladugårdsgärdet och dessa förbud hafva medfört goda resultat. Vid sådant förhållande torde man med skäl kunna framställa den frågan: är det lämpligare att tillåta bränvinsutskänkning vid mötesplatser, der beväringsynglingar äro samlade, än vid de öf-"
prot-1883--ak--010,i-112FcTGdMCtP6ehfGYoRc5,note,,0. E. L. Dahm. C. v. Stockenström.
prot-1883--ak--052,i-16hnBGDT7Wz2oVNfrEGyR,u,,"sjömanshus, skulle undergå öfningar, då deremot Kongl. Maj:t uttalat, att både de ynglingar, som idkat utrikes sjöfart minst ett år, och lotsar samt lotslärlingar borde ega större skicklighet än de värnpligtige, som endast öfvats i 60 dagar. Jag hemställer om 60 dagars öfning kan anses i väsentlig mån öka sjömannaskickligheten. Detta bör så mycket mindre vara förhållandet, som det man under de 60 dagarne får lära hufvudsakligen utgöres af kandgevärsoch kononexercis. Men detta är en sak, som i krig icke kan synnerligen mycket ifrågakomma för personer, hvilka egentligen äro afsedda till transportfartygens bemanning, hvartill de också synas, såsom varande sjömän, vara fullt skicklige."
prot-1883--ak--011,i-17rKoQMGCdn1QKEJd1t9z,u,,"Då Herr Friherre Fock under en längre följd af år haft så betydliga inkomster, borde han, enligt mitt förmenande, utan några nämnvärda uppoffringar, årligen kunnat lägga undan ett och annat tusental för sin ålderdom. Dessutom har han haft för sig öppen samma väg som andra menniskor. Det finnes enskilda pensionsinrättningar och kapitalförsäkringsanstalter, der man utan allt för stora försakelser kan tillförsäkra sig understöd på sin ålderdom."
prot-1884--fk--020,i-16kdHr8aADiUYPufuHXua,u,,"Jag vill icke upptaga herrarnes tid med att tala om de många ytterligare fördelar, som skulle uppstå genom en sådan press. All upplysning, allt ljus är skäl att sprida på landsbygden lika väl som i städerna, och kanske företrädesvis på landsbygden, som nu är så styfmoderligt behandlad."
prot-1884--fk--006,i-1LopqPXdwbRJAeCvZVAhC,u,,"Vid första påseendet kan det förefalla underligt, att man för en industribana, som är afsedd att föra Norrbottens malmtillgångar närmaste vägen till hafvet, å ena sidan till Ofoten å norska kusten och å den andra till Luleå vid Bottniska viken, begär koncession på en s. k. ""bibana"" genom mindre bebyggda trakter efter kusten fram till Finska gränsen, men om man i likhet med mig anser jernvägen vara af stor strategisk betydelse för Ryssland, så förklaras lätt koncessionssökandenas önskan att erhålla monopol på denna ""bibane”-byggnad, ty derigenom öppnas en värdefull marknad för aktieteckning i Petersburg. De ledamöter af denna kammare som voro konungens rådgifvare på den tid, då fråga uppstod om byggandet af en jernväg från Göteborg öfver Ludvika till Falun, af ett svenskt bolag, torde ännu hafva i friskt minne huru svårt det var för Regeringen att komma ifrån ett vilkorligt, men oförsigtigt, löfte till det utländska bolag, som fått koncession på byggandet af Frövi—Ludvika jernväg, och sistnämnde banas utsträckning till Falun. Och jag föreställer mig, att huru vilkorligt än koncessionen för ""bibanan"" till gränsen är beviljad, svårigheten att komma ifrån densamma skall blifva långt större, om aktieegarne i Luleå—Ofotenbanan hafva sin hemort i Petersburg,"
prot-1884--fk--003,i-1sWi198pw1237GX7xXpkG,note,,Justerades fem protokollsutdrag för detta sammanträde; hvarefter Kammaren åtskildes kl. 45 e. m. In fidem
prot-1884--ak--044,i-153ygsqFmArvFypRUD41S,note,,vid roterade kavalleriet: för Jemtlands hästjägarecorps (för dubbelrote) .............. 300 —»
prot-1884--ak--028,i-1FJv8jDh859TC1gxAjzbu,note,,H. A. Kolmodin.
prot-1884--ak--014,i-1FewSEv27VXzNnBXDechR,note,,"N:o 20, i anledning af Kongl. Maj:ts proposition, angående försäljning af indragna militiebostället Tureholm eller Haapakylä N:o 13 i Norrbottens län."
prot-1885--ak--049,i-14Z8MTKGYAQ2VboAL9GrU,u,,"Det torde må hända icke förvåna någon, om jag uppträder emot det föreliggande förslaget, äfven om icke Stats-Utskottets betänkande utvisade, att jag reserverat mig mot Utskottets förslag. Jag har nemligen principielt uppträdt mot hvarje framställning att staten skall bygga sådana bibanor, som nu äro i fråga, och jag kommer fortfarande att göra det. Jag tycker dock det nu nästan börjar gå för tätt på, så att till och med den, som icke principielt är emot sådana företag, borde blifva litet betänksam. Det ser ut som om Riksdagen skulle för hvart år besluta en ny bibana i Norrland. Riksdagen gjorde en god början år 1883, då den inköpte jernvägen Kilafors—Söderhamn för en kostnad af 1,400,000 kronor per mil, och året derpå, 1884, tyckte man denna affär vara så bra, att man inköpte Torpshammar—Sundsvalls-banan. Nu kommer turen till Ljusdal—Hudiksvalls-banan och jag skulle mycket misstaga mig, om icke, derest Riksdagen nu bifaller detta förslag, man snart nog kommer och vill, att staten skall bygga en bibana till Hernösand, ty konseqvensen fordrar, att då Riksdagen begynt gifva några städer i Norrland bibanor, staten äfven bekostar bibanor till öfriga städer. Åtminstone vet jag intet skäl, hvarför Hernösand skulle vara mindre berättigadt dertill än andra städer der uppe, som nu kommit i åtnjutande af dessa fördelar. Jag anser, som sagdt, för min del, att det nu går för hastigt med utdelande ar sådana förmåner samt att man, såsom en talare redan frambållit, åtminstone kunde vänta litet till. Icke kan man väl hemta stöd för bifall till denna framställning i den omständigheten, att denna bana skulle beröra en landsdel, som vore missgynnad i afseende på jernvägar. Tvärt om är Gefleborgs län mera gynnadt på banor än många andra län; det har en stambana samt har redan fått en bibana och detta är ganska vackert. Man kan derför icke säga, att detta län blifvit styfmoderligt behandladt mot andra län."
prot-1885--ak--013,i-14hUQhTmPPwR4EP5csosH,note,,Herr Sjö:
prot-1885--ak--052,i-1BjWBXLiBh8SH7HgtQcBr,note,,Herr Johansson i Noraskog:
prot-1885--fk--029,i-11HCXhu3hR4Z2N3gtwREQ,note,,kommissions-
prot-1885--fk--024,i-11Prv7EU2BwCPT5aUiQJL,note,,"N:o 42, i anledning af väckt motion om ändring af 15 8 i förordningen angående främmande trosbekännare och deras religions-"
prot-1885--fk--033,i-146Dj1aDsWTdD1HogCnvD,u,,"fälliga Utskottet föreslagna beslut, ty det går ju i samma rigtning ehuru det Tillfälliga Utskottet icke velat gå så radikalt till väga att vilja rubricera svagdricka och sockerdricka under samma kategori som vin och bränvin. Det är ett så radikalt tillvägagående, att jag icke kan vara med derom. Har man först fått bort vinet, så må man sedan tillse — och jag skall gerna vara den förste att bidraga dertill om det befinnes behöfligt — huruvida man äfven bör, taga bort ölförsäljningen, hvilket jag icke tror blifver förhållandet. Åfven jag är nykterhetsvän, men jag vill icke nu gå så långt som Andra Kammaren, ty det vore ett alldeles för långt drifvet förmynderskap öfver den fattigare befolkningen, hvilken väl äfven borde kunna få tillfälle att förskaffa sig en både oskadlig och stärkande läskedryck. Herr Stråle talade om att, derest landthandlandena finge sälja öl, skulle de blanda bränvin deri för att icke blifva lidande på förändringen. Jag vill då fästa uppmärksamheten på att det vore lika behöfligt att läsa till alla våra vattenbrunnar och källådror, ty det torde icke vara svårare att blanda bränvin i källvatten än i öl, om man genom lagstiftning vill söka förekomma sådant. För min del tror jag icke att försäljning ensamt af öl och svagdricka, i och för sig, kan föranleda missbruk, derom har man ej hittills kunnat hafva någon erfarenhet."
prot-1886--ak--037,i-18RB2NDZf3KYRRwbW28GH,note,,RIKSDAGENS PROTOKOLL 1886. Andra Kammaren. — N:o 37.
prot-1886--ak--036,i-18xTUgxfoKKhT9zSoieXc,u,,"Då denna punkt i 9:de hufvudtiteln föredrogs inom Stats-Utskottet, var jag af en tillfällighet frånvarande och kom derföre icke i tillfälle att, såsom jag annars ämnat, der framställa yrkande om nedsättning af det begärda pensionsbeloppet."
prot-1886--ak--045,i-19pg3XoeR5nF7jYZfWWKL,note,,N:o 45.
prot-1886--fk--041,i-11XBtGvn2HCPFGYDqupPi,note,,Herr Hedlund:
prot-1886--fk--034,i-1R5fzmtPZEfMnqBgaioBZ,u,,"Hvad angår den ledning, man från den utländska lagstiftningen söker hemta för bedömande af hvad som vid bestämmande af koncessionsområdet hos oss kunde vara lämpligt; så tror jag, att man dervid förbiser att de svenska stenkolsflötsarne icke äro på långt när så mäktiga, som de i utlandet förekommande. Följden häraf är, att koncessionsområdet här i Sverige måste blifva betydligt större än i utlandet."
prot-1886--fk--020,i-1TSCUJztsgzqSJ2hNKu8G,note,,"Sedan öfverläggningen ansetts härmed slutad, yttrade Herr vice Talmannen, som för en stund öfvertagit ledningen af Kammarens förhandlingar, att i afseende på förevarande punkt yrkats, dels att hvad Utskottet deri hemstält skulle bifallas, dels ock, af Herr Carlsson, att Kammaren skulle afslå Utskottets hemställan och godkänna det förslag, som innefattades i den af Friherre von Essen mot denna punkt afgifna reservation."
prot-1887-majjul-fk--019,i-14strooctvZVtQhrFxhHj,seg/note,Mix of seg and note,"Förslag til lag kade på denna förändring. Jag har anledning att antaga, att de,"
prot-1887-majjul-fk--023,i-1Ekj9UhxKXCqxMehSvPcU,u,,"De vid 1886 års riksdag framvisade olägenheterna voro verkligen så slående, att en revision icke gerna kunde längre uppskjutas. Att dervid utom noggrann kännedom om båda ländernas särskilda kommersiella och industriella intressen äfven måste erfordras mycken grannlagenhet och en upprigtig sträfvan att tillmötesgå billiga fordringar från båda sidorna, måste ju antagas såsom alldeles påtagligt. Och jag skall för min del icke förneka utan tvärtom upprigtigt erkänna, att ganska många och afsevärda fördelar åt oss vunnits genom våra svenska underhandlares bemödanden. Men vid granskningen inom bevillningsutskottet af det från regeringen nu till Riksdagen hänvisade ändringsförslaget hafva likväl i åtskilliga fall så vigtiga anmärkningar måst göras, att de ganska säkert, åtminstone efter min uppfattning, påkalla en noggrannare, bättre och mera betryggande revision än den nu verkstälda. Detta torde, enligt mitt förmenande, hufvudsakligen gälla den nu föredragna 3 3, der det är fråga om att på ett tillförlitligt och bestämdt sätt få afgjordt, hvad som skall förstås med inhemsk, d. v. s. svensk eller norsk, tillverkning."
prot-1887-majjul-fk--025,i-1R3HL41dJ5EeCaLHGfXdY,note,,"Efter föredragning af ett från Andra Kammaren ankommet protokollsutdrag, n:o 141, med delgifning af nämnda kammares beslut öfver dess tillfälliga utskotts utlåtande n:o 15, i anledning af väckt motion om tillägg till kongl. kungörelsen, huru lagfartsoch inteckningsböcker skola inrättas och föras, den 14 september 1875, beslöt Första Kammaren, på hemställan af herr vice talmannen, att hänvisa detta ärende till sitt tillfälliga utskott n:o 3. :"
prot-1887-majjul-ak--019,i-112KHYkktGmogEpLoic2on,u,,Herr vice talmannen Sven Nilsson:
prot-1887-majjul-ak--007,i-1Bg9zR5fM7SWr9q7ftQPk,u,,"Vid 1875 års lönereglering för arméns befäl blef stadgadt, att officer skulle få afsked vid 50 års ålder. Jag tror, att officerare i allmänhet vid den åldern ännu hafva så mycken arbetskraft qvar, att de mycket väl skulle kunna åtaga sig ifrågavarande rullföring, och jag tror till och med att de mycket gerna skulle vilja förrätta detta arbete, när de så tidigt få uppbära en ganska stor pension. Men äfven om man icke skulle anse dessa lämpliga, så finnas i alla fall så många officerare, som få afsked vid tidigare ålder, att det icke bör blifva svårt att få tillräckligt antal personer, som äro fullt mägtiga att verkställa ifrågavarande arbete. Genom detta tillvägagående skulle också den olägenhet bli afbjelpt, som af herr krigsministern nyss omnämndes, nemligen att vissa orter inom landet sakna tillgång på afdelningsområdesbefälhafvare."
prot-1887-janmar-ak--001,i-1E3eNevabzY7EAz1U3cQu,note,,"Till talareplats för de ledamöter, som önskade sig deraf begagna, anvisades på talmannens hemställan den nedersta platsen i främsta stolraden till venster om talmansbordet."
prot-1888--fk--036,i-1F6sL2hUPwnaf6yB2sZ8g,note,,Eftergift å vissa kronoarrenden. (Forts.)
prot-1888--fk--018,i-1KKAo2Pmuy1DXU2UnVnLb,note,,experiment
prot-1888--fk--026,i-1WGGYhBLxLwuCnBS6N44d,seg/note,Mix of seg and note,"enkel och kort procedur att från smältstycken göra smidt eller val- Tull & tacksadt stångjern. Nu säger man, ifall jag har hört rätt, att man och barlastskulle vara betänkt på att sätta tull på alla andra jerneffekter denn, eome utom tackjern. Men då frågar jag: huru hänger det ihop med (Forts.) vårt program, de äkta protektionisternas, som vilja skydda allt"
prot-1888--ak--053,i-112J1TpSJkGsKFXdCaRHbj,note,,margarin.
prot-1888--ak--013,i-13EM8GYHygF5dcJN64TKK,note,,Herr Lyth:
prot-1888--ak--040,i-15Rj3zJ9j4UWGMSBJe7DG,note,,Herr Werner:
prot-1889--fk--019,i-112LrJzQqYnoZYQjjH8pnG,note,,2:0) angående ändring i vissa delar af Kongl. Maj:ts den 1 sistlidne februari till Riksdagen aflåtna proposition rörande försäljning af åtskilliga kronans jordområden i Malmö m. m.; samt
prot-1889--fk--034,i-16wK1B5MFkQvmAXCRjDbZ,note,,Herr Sträle:
prot-1889--fk--006,i-1AkZHhWJmp9emMpaRvQEZ,note,,"Företogs val af två revisorssuppleanter för granskning af riksbankens afdelningskontors i Malmö förvaltning och räkenskaper för sistlidna år; och befunnos, efter valförrättningens slut, dertill hafva blifvit utsedde:"
prot-1889--ak--013,i-11vp4ZWzYswZk52FnVKbJ,note,,(Forts.)
prot-1889--ak--017,i-11229jYbtdWw1xPJqN3DYo,note,,Angående an slag till fortsättning af norra stambanan.
prot-1889--ak--012,i-13w5QkiD17qHcKJvy2NMH,u,,"kunnat till allra största delen besparas och öka vinsten med mer än 101,000 kronor. Vid förra riksdagen, då denna fråga var på tal, anförde fullmägtige i sitt utlåtande till bankoutskottet, att borttagande af räntan på uppoch afskrifningsmedel skulle verka högst ofördelaktigt, då kapitalen skulle derigenom komma att gå till andra banker. Jag föreställer mig såsom visst, att derest riksbanken såsom den starkaste penninginstitutionen i vårt land skulle ställa sig i spetsen för att sänka eller borttaga uppoch afskrifningsräntan, skulle det icke dröja länge, förrän öfriga banker följde exemplet. Genom denna högre ränta drager riksbanken till sig det cirkulerande kapitalet, som dock skulle göra bättre vinst och vara mera till gagn, om det i stället kunde komma ut i industrien och handeln. Jag är också öfvertygad om att depositionerna skulle ökas i samma mån som uppoch afskrifningarna minskades, så vida den förändring vidtoges, som jag vid förra riksdagen föreslog."
prot-1890--fk--014,i-19f1oRfa2Yx1GmsVY7P5g,u,,"De flesta af denna kammares ledamöter, huru benägna för lotterier de än kunna vara, skola eäkerligen medgifva att dessa inrättningar dock äro en ytterst ofullkomlig och oegentlig form för att föra producenter och konsumenter tillsammans. Det kan väl ej förnekas, att vid en varuafsättning genom lotteri trefva både producenter och konsun enter i mörkret. Konsumenterna veta icke hvilka varor de skola få för sina penningar och de få of-ast antingen intet eller ock just hvad de icke vilja hafva; de producenter åter, som vänja sig vid att producera för lotterier, veta ej hvar de hafva sina konsumenter eller hvad dessa konsumenter helst vilja hafva. Följden deraf är åter ofta, att producenterna tro sig kunna behandla lotteripubliken hur som helst och sällan bjuda dem sina bästa varor."
prot-1890--fk--035,i-1GMpc7VhVn4yeUYs82ARK,u,,"skild grundlag med namn tryckfrihetsförordningen, är betryggad genom 86 $ regeringsformen, lika väl bör församlingsfriheten på samma sätt kringgärdas. I det fallet delar jag helt och hållet motionärernas Ååsigt, äfvensom i det hänseendet, att bestämmelserna i afseende på församlingsfrihetens utöfvande icke böra få stängas genom administrativ lagstiftning, utan genom lag, stiftad af Konung och Riksdag gemensamt."
prot-1890--fk--028,i-1SYreMs2NLnhyPMWkFwBx,note,,Herr Spånberg:
prot-1890--ak--034,i-13YyoTpQcrUSj9iQR4xHz,u,,"Man har här under föregående riksdagar icke en gång, utan ofta fått höra uttalas den önskan att blifva qvitt privatbankerna, och att man borde försöka arrangera vårt bankväsende så, att Sveriges riksbank blefve den enda sedelutgifvande banken i riket. Det är då besynnerligt att, när man ändtligen kommer fram med ett förslag i sådant syfte, alla möjliga hinder ställas i vägen för dess antagande. Jag ber herrarne ursäkta att jag påpekar att, derest detta förslag af Riksdagen bifalles, så blir deraf en gifven följd, att man för nästa Riksdag kommer att framlägga ett nytt förslag om förändrad banklagstiftning. Men äfven om så skulle ske, vill man ändock icke af ett eller annat skäl antaga förslaget. Somliga tycka att förslaget icke är godt; andra anmärka, att det inrymmer för stor magt åt Kongl. Maj:t. Å andra sidan måste man väl ändå medgifva det billiga deri att, om man vill att Kongl. Maj:t skall göra några medgifvanden, så måste också Riksdagen å sin sida vara något tillmötesgående. Ty det är alldeles uppenbart att, om förslaget kommer att afslås, Kongl. Maj:t då skäligen icke kan gå till väga på annat sätt än att till flera af de enskilda bankerna lemna ytterligare oktroj, hvilket åter skulle hafva till påföljd att vi ännu under många herrans år komme att få dragas med privatbankerna samt att till en oviss, långt aflägsen framtid komme att undanskjutas frågan om att få riksbanken ombildad till rikets enda sedelutgifvande bank, hvilket vi ju så länge eftersträfvat. Jag säger ännu en gång att, derest förslaget icke bifalles, Kongl. Maj:t skall se sig"
prot-1890--ak--002,i-13oGsS2mPaTxTf8FeBtHK,note,,"herr P. Waldenström, n:o 21, om skrifvelse till Kongl. Maj:t med begäran om framläggande af förslag till ändring af $ 14 1 riksdagsordningen;"
prot-1890--ak--039,i-15DykLx7WAsVNEW8oGdUV,u,,"Hvad för öfrigt beträffar indragningen af dessa små läroverk, har rektor Nilson gjort den anmärkningen, att när af det anslag, som för närvarande utgår till dessa läroverk nästan alltsammans lika fullt skulle utgå af statsverket, ingen olägenhet låge i, om man läte dessa läroverk hafva några år ytterligare på sig, emedan staten ingenting skulle förlora på den saken. Deremot vill jag påpeka, att vid dessa till indragning föreslagna läroverk icke mindre än halfva antalet lärare äro tillsatta på extra stat, och om i aflöningen för dessa medräknas ålderstillägg och extra tillägg, som"
prot-1891--fk--031,i-14TDnhT5ommw2cccYAWDZ,note,,"Efter härmed slutad öfverläggning godkändes ifrågavarande förutsättningar med iakttagande deraf, att det anmärkta tryckfelet »33 $ 1 och 2 mom.» rättades till 33 $ 2 och 3 mom."
prot-1891--fk--019,i-14xSrrb2qjBbCF992wKb8,note,,"Herr Berg, Gustaf:"
prot-1891--fk--037,i-16YUwQ23CF9zBsHzfAg5v,u,,"I detta hänseende har emellertid 1886 års revision afgifvit följande yttrande, hvilket jag anhåller att få uppläsa: »revisorerne, som för fullgörandet af det dem åliggande granskningsarbete, under före-"
prot-1891--ak--031,i-13FoPj1ruHcxc6rdfXvei,u,,"som äfven särskilda gånger skett i den stad, der jag är embetsman, sen met"
prot-1891--ak--027,i-16W49kiBEw9YDJdb91FYm,u,,"ställas utsyning deraf, och behållningen blir på det sättet rakt ingen, ty först skall jägmästaren dit och verkställa utsyningen, och så skall kronofogden dit och försälja skogen; det är sålunda högst oklokt att behålla sådana hemman."
prot-1891--ak--023,i-17Z6miMVF5KkJ7uARpQLw,seg/note,Mix of seg and note,"Angående Småland fått de omnämnda anslagen till jernvägsbyggnader, men det"
prot-1892--fk--038,i-19CoJbi8jhMBP5wz91KHR,seg/note,Mix of seg and note,"Friherre Leijonhufvud, Sten: Jag instämmer i utskottets:"
prot-1892--fk--030,i-1WeS8h6FcZRta78z2gW4x,note,,QQ:
prot-1892--fk--024,i-1ea47B6hyMGVUYgUCBv7d,note,,N:o 24.
prot-1892--ak--025,i-13UvDGfA3z4V3ZG37kr3R,note,,Ang. ändring
prot-1892--ak--012,i-14iUk6g9YkVo4begUX4tQ,u,,"om det gagn, som dessa båtar under tiden åstadkommit. Man måtte"
prot-1892-urtima-ak--006,i-1RKs2LjyaBBEL8Xfkw8aa,u,,"Jag kan vid detta tillfälle icke heller undertrycka en önskan, som för visso rör sig här i allas bröst, en önskan som jag älven tror, eller åtminstone hoppas skall blifva verklighet, en önskan slutligen, af hvars uttalande jag förmodar att ingen kan taga anstöt, nemligen att det militärbefäl, hvars åliggande det blir att hädanefter utbilda det värnpligtiga manskapet med de 90 dagarnes öfningstid, måtte fatta"
prot-1893--fk--022,i-1VYVBTKvJGvoDjnF1c71s,u,,"För närvarande är det så, att, som redan af lagutskottets ordförande påvisats, den allmänna meningen i landet, den allmänna rättskänslan samt domarens eget samvete rent af fordrar, att domaren ej så strängt låter binda sig vid de legala bevisningsreglerna, som man kan tycka, att han efter ordalydelsen bör göra. Men jag antager, att i de fall, der olika meningar förefunnits emellan olika domare, huruvida en sak är bevisad eller icke, detta ofta berott ej derpå, att icke båda äro öfvertygade om sanningen af hvad som visats, utan derpå, att den ene domaren vågar mindre än den andre frigöra sig från de legala fordringarna. Ar det icke rent af en rättvisa, att domaren blir befriad från den svåra ställningen att, såsom nu ofta måste ske, välja emellan hvad lagens bokstaf bjuder och hvad som måste betraktas såsom dess anda och hvad allmänna rättsmedvetandet fordrar. Jag tror således ej mycket på talet om faran för en orätt tillämpning af denna lag, jag anser den innebära ett betydligt framsteg, och jag finner särskildt ordalagen uti första stycket af första paragrafen mycket tillfredsställande. Det är ingen sanning, när man säger, att domaren härigenom skulle få mera rätt att döma efter godtycke än förut. Det finnes en paragraf på annat ställe i vår rättegångsbalk, der det säges, att dom skall grundas på skäl och ej på godtycke. Denna paragraf är icke upphäfd, och någon gnnan subjektivitet är icke tillåten i den nya lagen, än den som ständigt måste finnas, eller att domarens personliga åskådningssätt ej kan alldeles vara borta. Ty den dömande verksamheten frambringas ej genom några maskiner, är ej automatisk, utan den frambringas genom menniskohjernor, och då måste äfven domarens subjektiva uppfattning kunna få uttryck i domen. Vore ej detta händelsen, skulle man icke kunna tala om mera eller mindre skickliga domare, och det skulle ej kunna förekomma någon annan skiljaktighet i domsluten än som berodde på den ene domarens uppenbara okunnighet eller förbiseende."
prot-1893--fk--035,i-1Z8wvGYiNHxbkD5eUJQTc,note,,"Lördagen den 29 April, e. m. 13"
prot-1893--fk--025,i-1o8gWFAiqpiJ8v8Vw65SV,note,,Justerades fyra protokollsutdrag för denna dag.
prot-1893--ak--007,i-112MSP5jNi9iSrX2XbKd6G,u,,Detta är för mig tillräckligt skäl att yrka bifall till utskottets hemställan.
prot-1893--ak--017,i-13Tw3wkiZoTp16WbL4KDx,seg/note,Mix of seg and note,"jag blifvit förekommen af den föregående talaren och har icke myc- / fattigvårdsket att tillägga. Med rättvist erkännande af det menniskovänliga NN i motionärens och en föregående talares och reservanternas åsigter, Corts. äro vi dock, såsom den föregående talaren sade, icke så alldeles utan inspektion i detta fall, ty säga hvad man vill om vårt presterskap, utöfvar det dock i allmänhet en ganska kraftig och allvarlig inspektion öfver fattigvården, och jag tror, att alla som känna till förhållandena skola erkänna, att presterna äfven äro de lämpligaste personerna för ett sådant ändamål. Om man skulle stadga en inspektion öfver hela riket, skulle det blifva en ganska dyr apparat och ej aflöpa så lätt och blifva på långt när så bra som den, hvilken handhafves af vårt presterskap. Att det kan förekomma några oegentligheter i ett så stort och vidsträckt land, är ej att undra på. Snarare kan man undra öfver, att det ej sker oftare. Men då man vill framhålla dessa oegentligheter, bör man ej heller glömma, att det finnes många pockande fattighbjon, som ganska bra förstå att klaga både i tid och otid, och visst icke äro så ömkansvärda, som man i allmänhet vill framhålla. Jag tror icke att för närvarande förefinnes något skäl att skrifva till Kongl. Maj:t i denna fråga, hvarför jag hemställer om bifall till utskottets hemställan."
prot-1893--ak--033,i-13W1RsnyXTSaRsrGz3FRm,note,,"Härmed var öfverläggningen slutad; och efter det propositioner af herr talmannen gifvits i enlighet med de gjorda yrkandena, afslog kammaren utskottets hemställan och biföll reservationen."
prot-1894--fk--035,i-19qKsHdvxo1yvgEg53PP5,note,,Herr Billing:
prot-1894--fk--015,i-1bdc5VSNuYQq5PMgDtfKB,note,,Herr Unger:
prot-1894--fk--017,i-1gmxctie8MkzDEYF6A5mn,u,,"Jag skall nu blott anhålla att få fästa kammarens uppmärksamhet på en omständighet, hvars vigt och betydelse väl ingen vill eller kan förneka."
prot-1894--ak--042,i-112ZLZXaJcxo9sju535jFc,note,,N:o 42.
prot-1894--ak--001,i-1BHxpgRZMyCKPDmnDP9Us,note,,Hemmansegaren Lars Petter Larsson d. ä. i Berga.
prot-1894--ak--002,i-1NaAqx71eANCifTxEnvmU,u,,"samma ord inlagt en dubbel betydelse. Han har nemligen fattat uttrycket »vanfräjdande» så, att han dermed menat, hvad den allmänna uppfattningen inlägger i detta uttryck. Jag är visst med om, att det finnes många brott, som äro vanfräjdande i den bemärkelsen, d. v. s. skamliga. Men det var icke den betydelsen af uttrycket, vid hvilket jag fäste mig, utan för mig var frågan den, huruvida sjelfva detta uttryck »vanfräjdande» finnes i vår lag, och det är detta, som, så vidt jag kunnat finna, icke är fallet. Jag har hört, att de juridiska auktoriteterna, äfven om de anse, att det finnes i denna mening vanfräjdande brott, äro mycket tveksamma om, huru detta uttryck skall tolkas, och detta torde just bero af att uttrycket icke är i lagen definieradt. Jag vill, för att förtydliga min mening, anföra ett exempel. Om jag säger, att det icke i vår lag finnes något brott, som rubriceras såsom skamligt, så har jag dermed icke förnekat, att det finnes handlingar, som äro skamliga. Nu är frågan: finnes begreppet »vanfräjdande brott» i allmänna lagen eller icke? Finnes det icke klart i denna, så kan man, synes det mig, ej heller tillämpa stadgandet om vanfräjdande brott i grundlagen, när det ej finnes i lag bestämdt, hvad som med detta ord menas."
prot-1895--fk--033,i-1LXBVeCeT9VuL19NuUmy9,note,,N:o 33.
prot-1895--fk--011,i-1XoY4ndm8TAC9gc2ybXaC,u,,"för, att den lilla tull, som hittills funnits och visat sig otillräcklig,"
prot-1895--fk--003,i-1ob3CrUZnfDK4dSPFsRK7,u,,"Till fortsättande af arbetena å Karlsborgs fästning och Vaberget har Kongl. Maj:t begärt 200,000 kronor. Jag yrkar, att endast hälften häraf eller 100,000 kronor beviljas."
prot-1895--ak--027,i-16dq9oaQSJVkrMDhR62Dc,note,,"§ 75. Vid alla val, hvilka alltid skola ske med slutna sedlar, iakttages — — — — — erfordras."
prot-1895--ak--010,i-1WDBXkk3k88cmCnTnah91,u,,"Om nu förhållandet verkligen vore så bekymmersamt i öfre Dalarne, som motionären framhållit i sin motion, icke allenast för landtbandlandena, utan äfven för den stora allmänheten, hvilken man alltid så välvilligt ihågkommer i dylika fail, så förvånar det mig, att icke i ortens tidningar försports någon klagan i detta hänseende, liksom äfven att jag, som i många år under sommarferierna bott i en grannsocken till den, i hvilken motionären har sitt hem, icke hört något om dessa olägenheter. För resten tror jag, att jag knappast sett några kringvandrande handlande der i trakten. Det har visserligen förekommit en enda uppsats i denna fråga uti en af ortens tidningar, sedan denna motion såg dagen, men denna uppsats har tvärtom tagit gårdfarihandlandena i försvar, och samma uppsats bar lemnats helt och hållet obemött."
prot-1895--ak--001,i-1dt8JrShvx8ETdpGansjD,note,,Jönköpings län: Östbo härads valdistrikt af Östbo och Vestbo härads domsaga.
prot-1896--fk--010,i-1Hf8YsKjzou6dfQUsjQe2,u,,"Under sådana förhållanden kan jag icke gerna antaga, att mannen för sin del godkänner det pensionsbelopp, som statsutskottet har tillstyrkt, utan hellre stannar han väl då qvar i sin befattning och uppbär sina 1,200 kronor. Derigenom skulle ju statsverket ovilkorliger. komma att lida förlust, då i stället för att, om Riksdagen godkänner hans anspråk, för framtiden skulle från statsverket utgå endast 600 kronor om året, men Brundin, om han lefver, till dess han blir pensionsmessig, skulle ega att ifrån statsverket fortfarande uppbära 1,200 kronor om året."
prot-1896--fk--026,i-1L9woC2hKb8SaFUQUeAzE,note,,"N:o 26,"
prot-1896--fk--022,i-1N6mwzmWNZaEWFw6HdJhR,note,,Herr Fehrman:
prot-1896--ak--035,i-1GkE7WpZhY46g236YLX6U,note,,Herr Peterson i Hasselstad:
prot-1896--ak--042,i-1Gx3s7rhphMEqY9sPr68J,u,,"Herr talman! Då hans excellens statsministern för tre år sedan besvarade en interpellation här i kammaren, yttrade han bland annat, efter att hafva berört de yrkanden på rösträttens utsträckning, hvilka blifvit gjorda här i kammaren, och efter att hafva vidrört de uttalanden i samma rigtning, som framkommit i Första Kammaren, följande: »När frågan inom representationen kommit till denna punkt, är det ock gifvet, att densamma bland statsrådets medlemmar blifvit föremål för allvarlig öfverläggning, i syfte att utreda, huru de önskningar om utsträckt rösträtt, som från det ena hållet> — denna kam-"
prot-1896--ak--036,i-1Ld1S9EVqt3Uxe158Qusx,note,,Ottenby remontdepot m. m.
prot-1897--ak--040,i-1856nKXgeKc3qxfTP3NcU,seg/note,Mix of seg and note,"Angående många arbetare och ett stort tillverkningsvärde, som staden drifver i förslag än en annan kommun. Om detta stenhuggeri tillhörde en enskild"
prot-1897--ak--020,i-1At1SUGBe2seB3YucvNVi,note,,"26 Lördagen den 27 Mars, e. m."
prot-1897--ak--040,i-1XATbivbWzDT4i5GaNa52,u,,"Vidare har här påyrkats af ett par motionärer, att det bevillningsfria afdraget skulle utsträckas och detsamma så anordnas, att icke någon orättvisa vid språnget från den ena till den andra klassen komme att ega rum. Jag skall icke ställa mig osympatisk emot detta förslag. Men jag skall be att få påminna om, hvad utskottet enligt min åsigt rätteligen framhållit, nemligen att en utsträckning"
prot-1897--fk--019,i-15pZA366sBpFKGerEUp69,note,,N:o 19.
prot-1897--fk--029,i-1ahUpctcPinG7vJq9Wrmj,u,,"af samhällslifvet, synes det mig derför väl stämma, att icke alla de erforderliga nyheterna på en gång införas, utan att man går stegvis till väga och dervid gör början med principen om den obligatoriska sjelfdeklarationen, såsom varande ett oundgängligt vilkor för hvarje följande steg."
prot-1897--fk--003,i-1bnuFNwmmgiEQ1MRfxArp,note,,"Fredagen den 29 januari. Kammaren sammanträdde kl. 2,30 e. m."
prot-1898--fk--001,i-12f9zpFAQAcXxYZ86etpg,note,,"Företogs val af tre ledamöter för att deltaga i talmansöfverläggningarna; och befunnos, efter valförrättningens slut, dertill hafva blifvit utsedde:"
prot-1898--fk--027,i-16d9kGKzmmkJhgDppPgjY,note,,9 §.
prot-1898--fk--020,i-18pspDtmPQz4gyAnXDiJM,note,,Anslag till krigsfartygsmateriel.
prot-1898--ak--039,i-11TNdDR8crqU9GdFYkVD6,note,,N:o 39.
prot-1898--ak--022,i-12fwaEaGL4pd3NNunMt6F,seg/note,Mix of seg and note,"Jukkasjärvi socken. Men att döma efter hvad af statsrådsprotokollet Angående framgår och efter hvad som herr statsministern i förmiddags nämnde öMäggning i Första hammaren, är det meningen, att till Riksdagen inom kort Vana från skall inkomma en framställning om att för grufdriftens räkning till Gellivare till bolaget må med eganderätt upplåtas en viss areal af kronans mark. riksgränsen. Och herr statsministern sade i förmiddags, att det är påtagligt, att (Forts.) Riksdagen då måste bevilja denna framställning, om Riksdagen nu antager den kongl. propositionen. Då skulle kunna inträffa, hvad som en talare här till höger om mig på förmiddagen framhöll och som icke — så vidt jag kunde böra — bemöttes af herr statsrådet och chefen för civildepartementet, nemligen att den mark, på hvilken bostäder skulle komma att uppföras, blefve bolagets egendom, och sålunda arbetarnes bostäder komma att ligga på ofri grund och alltså arbetarne sjelfva i detta hänseende ligga i bolagets händer. Detta vore enligt min tanke en mycket stor olägenhet."
prot-1898--ak--017,i-132aNgCoFtEBV9jQmHkP5,u,,"Då uppstår den frågan: Föreligger här ett sådant fall, då det verkligen skulle vara önskvärdt, verkligen vara skäl för Andra Kammaren att uttala en opinionsyttring?"
prot-1899--fk--029,i-1KXbQJ2ixZ31cdytzexTZ,note,,Ifrågasatt afskaffande af mantalspenningarne.
prot-1899--fk--003,i-1LnJnUbT3EAkWayrc9QCL,u,,"Den punkt, i hvilken jag skarpast skiljer mig från den ärade motionären, är dock sjelfva det teoretiska af värnpligtsorganisationen. Så länge man inskränker sig till 90 dagars öfning — eller låtom oss tänka oss öfningstiden ökad till 120 eller 150 dagar: så länge man inskränker sig till något sådant, kan man gifva alla, som icke hafva verkligt förfall, t. ex. sjukdomsförfall, samma öfning och samma tjenstgöringsskyldighet; men i samma stund som man vill bilda en här af tillräckligt öfvade värnpligtige, låter det sig icke göra, utan måste man nödtvunget komma in på det olycksaliga system, som herskar i de stora värnpligtsländerna, att en del värnpligtige tagas för hufvudet och hållas länge i tjenstgöring, medan en del slipper lindrigare eller helt och hållet, en princip, som jag tror, att vårt af ålder vid frihet och likställighet inför lagen vanda folk aldrig skall komma att underkasta sig. I detta sammanhang vill jag påpeka, att de stora, allra mest fria folken, Englands och Nordamerikas, icke velat underkasta sig värnpligtssystemet, utan ersatt det genom användande af värfvade trupper; och för att visa, att dessa ej äro militäriskt förkastliga, behöfver jag blott nämna namnen: Santiago de Cuba och Omdurman! Nej, när kriget en gång är öppnadt, är det ingen skilnad på de värfvade och de genom värnpligt i ledet inpassade soldaterna; då äro de soldater allihop, och den ene fullgör nog sin skyldighet som den andre, i synnerhet hos ett folk med sådan militär instinkt som det svenska."
prot-1899--fk--007,i-1Qyu2DJS2wNUe8Uprdbkx,note,,På derom af herr talmannen gjord proposition beslöt kammaren att vid morgondagens sammanträde anställa val efter herrar J. A. Kjellberg och Wald. Weern af två revisorer för granskning af riksbankens afdelningskontors i Mariestad förvaltning och räkenskaper år 1898.
prot-1899--ak--011,i-1E8orP5wWLf7tf4HYDkhC,note,,Herr Fredholm:
prot-1899--ak--013,i-1EmyvhYNWCSZzKeNwtuVh,note,,g 9.
prot-1899--ak--011,i-1KcxgaLGrmG3Ur8EYbQP8,u,,"Vill man nu sammanfatta den formelt juridiska situation, som utskottet tillskapat uti föreliggande betänkande, så är förhållandet följande. Det har till utskottet gjorts en begäran: var god yttra Eder deröfver, huruvida det är behöfligt, att man får en lagstiftning om testamentsexekutorer. Derpå svarar utskottet först: nej, det kan icke blifva tal om några rättsregler i detta fall och icke heller om någon lag, ty omständigheterna böra afgöra i hvarje särskildt fall. Derefter säger utskottet: det kan nog blifva rättsregler, men icke någon lag; och sist säger utskottet: jo, det kan nog äfven blifva en lag, men denna lag skall icke hafva till uppgift att afhjelpa den förefintliga rättsosäkerheten och de aktuella bekymren, utan dess ändamål är att komma i sammanhang med något annat, som till äfventyrs kan komma att någon gång i tiden dyka upp vid en töcknig horisont."
prot-1900--fk--021,i-1AJ5gUuwd9ELU1pGo7bTa,u,,"Under de sista tio åren hafva oupphörliga löneförhöjningar förekommit inom landets samtliga industrigrenar och näringar, löneförhöjningar, hvilka sammanlagdt uppgå till ett belopp, som man icke kan ana. Den svenska industrien har under denna tid, dess bättre, befunnit sig i den ställning, att den på grund af en hausse-period kunnat bära dessa ökade tillverkningskostnader. Hvad sjelfva landets hufvudnäring beträffar, har den, med afseende å dessa förhöjda löner, kommit i en sådan ställning, att den icke vidare tål vid någon höjning. Den har nått kulmen. Det är ju alldeles naturligt, att under sådana förhållanden, då löneförhöjningar egt rum, snart sagdt, på alla områden, anspråk äfven skola ställas på staten, att löneförhöjningar af Konung och Riksdag skola beviljas statens tjenare. Det har under dessa år visat sig, att lefnadskostnaderna betydligt ökats, och när man läste Kongl. Maj:ts proposition i förevarande fråga, måste man hysa den förhoppningen, att statsutskottet, äfven om det icke kunde gå in på Kongl. Maj:ts framställning oförändrad, dock genom en kompromiss skulle komma fram med ett förslag till en löneförhöjning efter ett något lägre procenttal. Men utaf statsutskottets så godt som enhälliga framställning framgår, att en sådan tanke icke förefunnits hos utskottets ledamöter, och det lärer väl derför nu icke kunna bli tal om att ändra det slut, hvartill statsutskottet kommit."
prot-1900--fk--029,i-1Dw2ZosFnUNrjSWVMsioF,u,,"""> ligger till Riksdagens afgörande, förekom, såsom motionären antyder,"
prot-1900--fk--023,i-1fpJQ16SLKy7mjHY31qiN,u,,"Billighet och rältvisa synes mig fordra, att en inskränkning göres i den kommunala rösträtten på landet, och huru orimligt den nuvarande lagen verkar, skall jag tillåta mig"
prot-1900--ak--024,i-12zEBpnP7gLvW9GHy29UK,u,,"Sveas cert. När frågan förekom i Andra Kammaren, sade den, att det icke var bra att hafva endast ett sådant vilkor, utan att Riksdagen borde hafva sitt ord med i laget, så att den finge veta hvilken typ som antoges. Detta blef också Andra Kammarens och Riksdagens beslut; och jag undrar, om någon skada uppstått genom detta beslut. Sedermera framstäldes i en kongl. proposition, hurudana fartyg skulle byggas; och Andra Kammaren och Riksdagen hafva icke sagt nej. Så tror jag äfven blir förhållandet i detta fall. När Kongl. Maj:t får besluta en viss typ för detta vapen, och detta beslut förelägges Riksdagen, tror jag Riksdagen icke kommer att säga nej. Det föreligger således icke något misstroende mot regeringen."
prot-1900--ak--033,i-14r8v4kMH51xq75rZjKyJ,u,,"kommer att träda 1 kraft, förrätta hvarje examen och får således jemnt dubbelt så mycket att göra som nu."
prot-1900--ak--014,i-1BKbsWZvvGcfa2Ens7bHe,u,,"Det är för mig ett lika stort nöje som en kär pligt att hembära till statsutskottets ärade ledamöter ett varmt och hjertligt tack, derför att det bebjertat innebörden i och syftet med motionen; och jag kan med så mycket större glädje frambära denna tacksägelse, som statsutskottet varit enigt i att tillstyrka min motion. Visserligen har statsutskottet något prutat med mig, men jag förmodar, att statsutskottet tagit hänsyn till att jag är vestgöte, ehuru jag icke är i lika hög, grad vestgöte som de, som sitta här till venster om mig. Alltnog, jag är nöjd och belåten med det af statsutskottet föreslagna anslaget för det ifrågavarande ändamålet. Det gör mig emellertid ledsen att höra herr grefve Hamilton uppträda mot statsutskottets tillstyrkande af min motion. Det gör mig så mycket mera ledsen, som jag ej väntat, att han såsom vestgöte"
prot-1901--ak--029,i-133p9gSSViEpAaFEUMqVH,u,,"Beträffande denna arbetsordning beklagar jag, att den till utskottet öfverlemnade afskrift deraf icke gifvit vid handen det förhållande, som jag härmed anhåller att få upplysa, eller att de 4 originalexemplar, i hvilka den utfärdats, äro underskrifna af de 4 officerare, hvilka vid tiden för dess antagande voro ledamöter af kommissionen. Ett af dessa exemplar innehafves af en hvar bland kommissionens nuvaranre ledamöter, af hvilka de tre, som efter år 1892 i kommissionen inträdt, fått mottaga hvar sitt exemplar af sin företrädare."
prot-1901--ak--006,i-18ChMtmXc1ZvDfQEoYSLX,note,,Angående borttagande af iullen å omalen majs.
prot-1901--ak--001,i-18R4xofwHEZsfb6GzDgTa,note,,"Herr ordföranden tillkännagaf, att hans excellens herr statsministern, friherre von Otter afvaktade budskap om afslutandet"
prot-1901--fk--019,i-11bdKLXPTPxrVP8ritqps,note,,Anslag till ny anordning af militäröjningarna vid de «allmänna läroverken.
prot-1901--fk--032,i-19wL6vK9N6ji5i1chPBDq,u,,"»I hemmansegarens hand är skogen förr eller senare dömd till undergång», säger landshöfdingen i Jemtlands län i underdånig skrifvelse den 27 april 1894. Och detta är, efter hvad erfarenheten rikligen bestyrker, alldeles rigtigt i hufvudsak, om ock många undantag finnas, der äfven hemmansegare sköta sin skog ekonomiskt och förståndigt. Såvidt man ensidigt fäster sig vid hushållningen med skogskapitalet, kan det derför nog vara en fördel, att skogen samlas i bolagens händer, emedan dessa vanligen väl förstå att uppskatta skogens värde för framtiden. Men saken har ock, såsom ofvan framhållits, sin numera nogsamt insedda sociala betydelse, och den kräfver, att skogen bevaras åt jordbrukaren i behöflig omfattning."
prot-1901--fk--009,i-1Ese5jNDBxWuS43BzoqFJ,note,,N:o 9.
prot-1902--fk--016,i-17x62iQcp15PZ3tuGYQBn,u,,"Man har hänvisat till att de koncessioner, som på senare tider blifvit gifna för åtskilliga stora lotterier, skulle ådagalägga, att man icke kan anse lotterispel i och för sig moraliskt förkastligt. Ja, jag kan icke annat än beklaga, att koncessioner gifvits i så stor skala. Och jag vill konstatera en följd af dessa koncessioner: hade koncessioner icke gifvits i så stor skala, som skett, hade vi icke stått och diskuterat denna fråga i Riksdagens Första Kammare i dag. Det är alldeles påtagligt, att dervidlag lusten just kommit, medan man ätit. Hvad för öfrigt beträffar dessa lotterier, som blifvit koncessionerade, hafva de afsett särskilda, stora ändamål, och man kan ju i åtskilliga fall antaga, att personer velat vara med om ändamålet och offra sina skärfvar för detsamma samt derför spelat. Det är dock icke hufvudsaken, utan hufvudsaken är att locka en stor mängd af landets befolkning att spela. Det är nog fullt rigtigt, som det en gång sades af en af de ifrigaste försvararne af statslotteri i Andra Kammaren, att det icke är förlusternas storlek, som skall göra vinsten för staten, utan det att många deltaga i spelet. Det är mängden af deltagare, som gör, att lotteriet blir vinstbringande; men ju större mängden af deltagare är, desto skadligare är det för uppfattningen inom landet af hvad arbetsamhet och förtänksamhet betyda, ty man kan icke instämma med samme talare deruti, att det är förtänksamhet att söka skaffa sig en bättre ställning genom att taga en lott på ett lotteri — den förtänksamheten kan vid lottdragningen visa sig i sjelfva verket hafva varit motsatsen."
prot-1902--fk--011,i-1Thfke76tExivcMfZRKA1,note,,Onsdagen den 19 Februari. 13
prot-1902--fk--016,i-1WfktXqt1qA6SWQ4fKAkT,u,,med risk att skadas. Förändringen skulle då tillskynda denna näringsgren skada utan att gagna den andra. Jag kan förstå om
prot-1902--ak--035,i-112ZzSoA8MJfVuVxSq514Z,u,,"Herr talman! Jag ber att få instämma med dem, som yrka afslag å utskottets hemställan i den nu föredragna punkten, och jag vill med några få ord motivera detta mitt instämmande."
prot-1902--ak--041,i-12o3CjgYVWBcTaV3eG7wz,note,,(Forts.)
prot-1902--ak--004,i-1F2NRYjhEUS3vBk9E3BJ6,note,,”
prot-1903--fk--042,i-17igo19XLnYEsyt2qrjos,u,,"ut därpå, att den ägostyckning, som börjat och som varit till stor"
prot-1903--fk--010,i-17wd9Fo2cpDUpcWNBEp8x,note,,"herr af Ekenstam, Cm Tyg ooommoomooooonn sees bas med 60 röster, > Nyström, Johan PF ooomosmosooeoao sasson aan > 59 > > Walin, Ge Åsjoosoosesesnsnnn sons soosoooooon nn > 58 >"
prot-1903--fk--010,i-17yjyu5eiJX5ppUc5qocW,note,,2:0 om vissa ändringar i förordningen angående bevillning af fast egendom samt af inkomst den 3 december 1897.
prot-1903--ak--068,i-13wHTmgbEHrN63Ln337Wf,note,,"Öfverläggningen var härmed slutad. I enlighet med de därunder gjorda yrkandena gaf herr talmannen propositioner dels på bifall till utskottets hemställan, dels på afslag därå och den i ämnet väckta motionen; och fann herr talmannen den förra propositionen vara med öfvervägande ja besvarad. Votering begärdes likväl, i anledning hvaraf nu uppsattes, justerades och anslogs en så lydande omröstningsproposition:"
prot-1903--ak--066,i-14GbqhghRLeevo2XzZ2AA,u,,ningar verkligen äro på väg att realiseras. Från årets början
prot-1903--ak--026,i-1DpG5mPQW4LJd8QTpseEZ,note,,dagens firande såsom särskild
prot-1904--fk--045,i-15R7iRzVZn9acFjaEUXNw,note,,Ja—TT; Nej—34. Återstående delen af mom. a).
prot-1904--fk--038,i-1BPgZvsESZ3aMivryMfGn,?,I think this is not a character at all and just ink on the paper,","
prot-1904--fk--050,i-1Rip4Tz797e78LTRHqpdL,note,,postbefordran
prot-1904--ak--051,i-112cg4hQadg49XzrH6V51V,note,,Om ändrad anordning af rikets allmänna läroverk
prot-1904--ak--036,i-147eg1LFG8nY4aghTa83u,u,,"Helt visst förtjänar motionären erkännande för att han i dessa bistra tider vill åstadkomma besparingar i statens utgifter. Litet hvar af oss begär ju anslag till det ena eller det andra ändamålet, men det är icke hvem som helst som kommer sig för med att föreslå verkliga besparingar. Detta har nu motionären gjort och därför förtjänar han allt erkännande; men hans förslag visar också, att det är mycket svårt att göra lämpliga besparingar. Utskottet har åtminstone i sitt utlåtande försökt visa, att det är åtskilliga olägenheter och svårigheter förknippade med ett realiserande af motionärens förslag."
prot-1904--ak--063,i-19YgSeQbqthHZxAHoc2B5,note,,af herr Brock:
prot-1905--fk--018,i-14Ev7upHBAt53aQ6GJ2KT,u,,"Detta om denna sak. Men det är ett annat område, som står i samband med denna punkt, och som jag icke vill lämna oberördt. Herrarne torde erinra sig, huru jag vid ett föregående tillfälle framhållit vikten och nödvändigheten af att förslagsanslagens stora balans borde arbetas bort så mycket som möjligt redan under denna riksdag. Här föreligger nu ett fall, där man kan bedöma, hvad statsutskottet synes ämna göra under fortsättningen. Detta anslag har under sistförflutna år, 1903, som stått mig till buds"
prot-1905--fk--014,i-1AGQELHGFTMRru7bcotVb,note,,N:o 14.
prot-1905--fk--044,i-1BCj84DdXSky6fhzQxqpe,u,,"Detta lagförslag utgör en del af det förslag till lag, som för några år sedan förekom under namn af förslag till lag rörande bevisning inför rätta. Denna kammare antog det mesta af detta lagförslag, men som det strandade på motstånd vid sammanjämkningen af bägge kamrarnas beslut, förföll detsamma. Nu har motionären upptagit de väsentligaste delarna, om hvilka man då kom öfverens. Det lagförslag, som nu är i fråga, har sålunda i det hela taget blifvit godkändt af denna kammare vid ett föregående tillfälle."
prot-1905--ak--048,i-11KANEm7wq9FhtWZR8svn,note,,"att Riksdagen ville i skrifvelse anhålla, det täcktes Kungl. Maj:t låta utarbeta och snarast möjligt för Riksdagen framlägga förslag till sådana ändringar i riksdagsordningen och, där sådant funnes nödigt, äfven i regeringsformen, genom hvilka proportionellt valsätt infördes vid val af ledamöter i Riksdagens Första Kammare;"
prot-1905--ak--016,i-11aKJXuqDLbCdPuUwyyr9,seg/note,Mix of seg and note,"Men ännu några ord i en annan fråga: Man säger kanske: Huru Angående förhåller det sig egentligen med dessa borgerliga göromål, som åligger befrielse för prästerskapet; äro dessa af någon betydenhet, så att det är värdt att Soegsgnde fästa något afseende vid dem, eller i hvilken mån kunna dessa röra att erlägga -dissenters? Jag har trott, att jag borde meddela några ord till protoafgifter till kollet äfven i den punkten. Men jag måste nu fatta mig kort. svenska stats"
prot-1905--ak--052,i-14q4voV4duoovNkkcJFLU,u,,"För öfrigt utgöra seminariet och mnormalskolan en så viktig bildningsanstalt och ha en så ansvarsfull uppgift — den nämligen, att dana blifvande lärarinnor för den högre kvinnliga undervisningen —, att jag håller före, att klokheten bjuder att genom goda löneoch pensionsvillkor söka få dugande krafter för uppbärande af ifrågavarande tjänster. 1903 års Riksdag beviljade också biträdande föreståndarinnan vid normalskolan, fröken Casselli, 3,000 kronor i pension. Nu gäller det visserligen endast en extra ordinarie lärarinna vid samma skola, men en lärarinna, som är obotligt sjuk och som inlagt stora förtjänster under sitt dryga dagsarbete. Jag anser därför, att det verkligen vore hårdt, om kammaren skulle afslå den lilla förbättring, som här ifrågasatts, nämligen att gifva henne 1,900 kronor i pension eller lika mycket som en första lärarinna vid stats-samskolorna."
prot-1906--ak--024,i-13Z4d46x83euq44cMW8Kb,note,,Kungl. Maj:t hade föreslagit Riksdagen
prot-1906--ak--055,i-14JqHMZaA4LBsrarpTipW,note,,Om valrätten
prot-1906--ak--052,i-14RK4tL42xByZKMRGA7Ef,u,,"En annan orsak, hvarför jag icke kunnat ansluta mig till reservanternas förslag, är den, att detsamma skulle lämna skattelindring äfven åt så pass höga kapital som 40,000 kronor."
prot-1906--fk--026,i-112EdPgUH6p1Yyugkn3Gp2,u,,"En annan talare gjorde gällande, att en olägenhet af fideikommissen skulle vara, att de blott kunde utarrenderas på fideikommissariens lifstid. Ja, men är det blott den faran som föreligger, kan den lätt förebyggas genom att man ändrar arrendelagstiftningen och där gör den inskränkning med afseende å fideikommissrätten, som för detta ändamål kan vara behöflig."
prot-1906--fk--033,i-14ZfEjobZrEzD9aFqguz2,note,,"Efter det öfverläggningen förklarats härmed slutad, biföll kammaren utskottets i föreliggande utlåtande gjorda hemställan."
prot-1906--fk--011,i-16Juoq8RauQMRfZetN3Qn,u,,"Med detta förslag åsyftar man i första rummet att befria omkring 70,000 svenska män och kvinnor från att under en oskäligt lång del af dygnet vara fjättrade inom en mer eller mindre trång lokal. Denna befrielse skulle för dem medföra möjlighet att bättre, än hvad nu kan ske, ombesörja sina enskilda angelägenheter samt att erhålla nödig vederkvickelse och nödig tid till arbetet för sin andliga utveckling och förkofran. De, som äro medlemmar af en familj, skulle jämväl därigenom vinna möjlighet att tillbringa en eller ett par af dagens timmar i skötet af densamma, så att ej hemmet för dem behöfde blifva endast den plats, där de kunde sofva och äta. Jag tror, att herrarne alla inse, hvilken betydelse denna sistnämnda omständighet har och huru välgörande den kan verka för samhällslifvet."
prot-1907--fk--015,i-19cvU5L5J6w5cfBafNv5C,note,,(Forts.)
prot-1907--fk--006,i-1BgZEZ6He3gs3Vsu5pLdP,note,,Herr statsrådet Hammarskjöld aflämnade Kungl. Maj:ts nedannämnda nådiga propositioner till Riksdagen:
prot-1907--fk--025,i-1EJ7KEWaESntqzD3jFqnf,note,,76 Lördagen den 6 April.
prot-1907--ak--033,i-16bvxwKH3eY3SxzveSDDZ,u,,"Under lifligt instämmande af en del utaf kammarens ledamöter yrkade herr Lindblad afslag å utskottets hemställan och Kungl. Maj:ts proposition, och detta — så vida jag fattade honom rätt -— med den motivering, att jordbruksfastigheterna behöfde taxeras efter nya grunder; och vidare hämtade han för detta sitt afslagsyrkande stöd däraf, att de nuvarande taxeringsmyndigheterna med synnerlig samvetsgrannhet — ja, om jag icke hörde fel, antydde han, att dessa med större samvetsgrannhet än hvad kommande taxeringsmyndigheter skulle göra — uppfattat sin mission att beskatta beskattningsdistriktets skattdragande medborgare. Jag tillhör en samhällsgrupp, som ju icke kan hafva anledning att vara på förhand missbelåten med den nya sakernas ordning, hvars genomförande nu föreslås. Den samhällsgrupp, som jag tillhör, har nämligen i stort sedt, trots den vackra satsen i svenska grundlagen, att svenska folket beskattar sig själft, aldrig fått vara med, i egentlig mening, vid bestämmandet af skatterna. Den hundragradiga skalan i stad och den femtusengradiga skalan på landet hafva ju samvetsgrant afhållit den stora massan af folket från att öfva det ringaste inflytande på skatternas bestämmande. Under sådana förhållanden kan jag naturligtvis icke bedöma, huruvida de kommande beskattningsmyndigheterna skola vara bättre eller sämre skickade att utföra sin tilltänkta mission."
prot-1907--ak--057,i-1B3dn8upFzmWmTd6bF2SS,u,,"Mina herrar, det är här fråga om en personal, som icke förut haft Riksdagen till arbetsgifvare, utan sorterat direkt under telegrafstyrelsen. Det har funnits, det vågar jag säga, en viss tvekan hos denna personal, huruvida den skulle ställa sig villig att träda från den extra anställning, som den hittills haft, med telegrafstyrelsen såsom närmaste arbetsgifvare, samt gå in på ordinarie stat och få Riksdagen till arbetsgifvare."
prot-1907--ak--030,i-1CRwJMGsRMRzBZVfpwghN,note,,Jämväl hvad herr vice talmannen sålunda hemställt bifölls af kammaren.
prot-1908--fk--042,i-1CNj9yNM7rp4EWgwBz6tA,note,,"Justitieombudsmannen må, när han det nödigt anser, kunna öfvervara högsta domstolens, regeringsrättens, nedre justitierevisionens, hofrätternas, kollegiernas eller i dessas ställe inrättade verks, och alla lägre domstolars öfverläggningar och beslut, dock utan rättighet att sin mening därvid yttra, samt äga tillgång till alla domstolars, kollegiers och ämbetsverks protokoll och handlingar. Konungens ämbetsmän i allmänhet vare skyldige att lämna justitieombudsmannen laglig handräckning samt alla fiskaler, att medelst aktioners utförande honom biträda, då han det äskar."
prot-1908--fk--039,i-1E4Mmqaf2TkKWcTpZRyUi,note,,"1:0) angående inrättandet af en vattenfallsstyrelse m. m., och"
prot-1908--fk--013,i-1Pw7mM2fvJAPL8scwvnse,note,,öfverförande till statsrådet.
prot-1908--ak--072,i-11f8psUaB65wRmjWfCYX,note,,Om maximalarbetstid för arbetare. (Forts.)
prot-1908--ak--059,i-112TS7g49zxLdjMCmv8gKh,note,,Herr Zetterstrand:
prot-1908--ak--036,i-17LN1dyx24nnHcU8Ln2YG,note,,äktenskaps
prot-1909--ak--056,i-18FQkBpT8zFhjAJR6KwVt,note,,Herr Zetterstrand:
prot-1909--ak--011,i-18YFvNAJ3TQADQZZCGfnY,u,,"Herr talman, på grund af de synpunkter, jag här anfört, jämte hela denna bevisföring, som den föregående talaren pre-"
prot-1909--ak--033,i-18wAqYcAu6Xa7VBYtu5zL,note,,Nämnda propositioner blefvo på begäran bordlagda.
prot-1909--fk--020,i-1635i5G5og1DZsW6Gcqda,note,,"det täcktes Kungl. Maj:t låta utarbeta och därefter för Riksdagen föreslå dels sådan förändring i taxeringsmyndigheternas sammansättning, att, då fråga är om jordbruksfastighetstaxering, endast personer med sakkännedom, under kontroll af kronans tillsatta ombnd, härför anlitas, och dels att uti instruktionen för taxeringsmyndigheterna lämnas så"
prot-1909--fk--017,i-1B9bJjW8Zw8SbC1JobDRB,u,,"les för lång tid. Det är fullkomligt omöjligt med de bestämmelser,"
prot-1909--fk--044,i-1G1udYaF9gzhgP3ZcCBvH,note,,Omröstningen företogs och vid dess slut befunnos rösterna hafva
